org_id,name,domain,crm_account_id,account_category,score,score_source,size_metric,size_metric_name,account_segment,owner,owner_email,rep_segment,unallocated,double_allocated,other_owners,segment_misfit,worked,strong_idle,meetings,calls,emails_out,emails_in,last_activity_date,activity_sources,pipeline_value,sumble_url,proposed_owner,proposal_reason,proposal_status
1,Amazon,amazon.com,NW0000001,allocated,98.0,custom,35014.0,Sales headcount,enterprise,Avery Brooks,avery.brooks@northwind.example,enterprise,0,0,,0,1,0,2,0,0,0,2026-07-26,google_calendar,,https://sumble.com/orgs/amazon,,,
103,SAP,sap.com,NW0000103,allocated,98.0,custom,9604.0,Sales headcount,enterprise,Chen Wei,chen.wei@northwind.example,enterprise,0,0,,0,0,1,0,0,0,0,,,,https://sumble.com/orgs/sap,Fatima Khan,rebalance,suggested
114,Palo Alto Networks,paloaltonetworks.com,NW0000114,allocated,98.0,custom,4141.0,Sales headcount,enterprise,Dev Ramesh,dev.ramesh@northwind.example,enterprise,0,0,,0,1,0,1,0,0,0,2026-07-02,google_calendar,,https://sumble.com/orgs/palo-alto-networks,,,
185,Wipro,wipro.com,NW0000185,allocated,98.0,custom,2306.0,Sales headcount,enterprise,Chen Wei,chen.wei@northwind.example,enterprise,0,0,,0,0,1,0,0,0,0,,,,https://sumble.com/orgs/wipro,Yuki Tanaka,rebalance,suggested
201,IQVIA,iqvia.com,NW0000201,allocated,98.0,custom,2421.0,Sales headcount,enterprise,Yuki Tanaka,yuki.tanaka@northwind.example,enterprise,0,0,,0,1,0,3,0,0,0,2026-07-10,google_calendar,,https://sumble.com/orgs/iqvia,,,
51,Microsoft,microsoft.com,NW0000051,allocated,98.0,custom,25226.0,Sales headcount,enterprise,Marcus Bell,marcus.bell@northwind.example,enterprise,0,0,,0,1,0,1,0,0,0,2026-07-03,google_calendar,,https://sumble.com/orgs/microsoft,,,
53,IBM,ibm.com,NW0000053,allocated,98.0,custom,11495.0,Sales headcount,enterprise,Dev Ramesh,dev.ramesh@northwind.example,enterprise,0,0,,0,1,0,1,0,0,0,2026-06-06,google_calendar,,https://sumble.com/orgs/ibm,,,
912,Fortinet,fortinet.com,NW0000912,allocated,98.0,custom,4421.0,Sales headcount,enterprise,Chen Wei,chen.wei@northwind.example,enterprise,0,0,,0,0,1,0,0,0,0,,,,https://sumble.com/orgs/fortinet,Rosa Alvarez,rebalance,suggested
31,Oracle,oracle.com,NW0000031,allocated,96.83,custom,15382.0,Sales headcount,enterprise,Yuki Tanaka,yuki.tanaka@northwind.example,enterprise,0,0,,0,1,0,1,0,0,0,2026-06-22,google_calendar,,https://sumble.com/orgs/oracle,,,
447,CrowdStrike,crowdstrike.com,NW0000447,allocated,96.48,custom,2416.0,Sales headcount,enterprise,Dev Ramesh,dev.ramesh@northwind.example,enterprise,0,0,,0,1,0,2,0,0,0,2026-07-01,google_calendar,,https://sumble.com/orgs/crowdstrike,,,
1406,HubSpot,hubspot.com,NW0001406,allocated,95.95,custom,2534.0,Sales headcount,enterprise,Dev Ramesh,dev.ramesh@northwind.example,enterprise,0,0,,0,1,0,3,0,0,0,2026-07-29,google_calendar,,https://sumble.com/orgs/hubspot,,,
87,S&P Global,spglobal.com,NW0000087,allocated,95.82,custom,1564.0,Sales headcount,enterprise,Chen Wei,chen.wei@northwind.example,enterprise,0,0,,0,0,1,0,0,0,0,,,,https://sumble.com/orgs/s&p-global,Liam Novak,rebalance,suggested
690,Indeed,indeed.com,NW0000690,allocated,95.65,custom,2396.0,Sales headcount,enterprise,Avery Brooks,avery.brooks@northwind.example,enterprise,0,0,,0,1,0,2,0,0,0,2026-07-28,google_calendar,,https://sumble.com/orgs/indeed,,,
528,Gartner,gartner.com,NW0000528,unallocated,94.55,custom,5237.0,Sales headcount,enterprise,,,,1,0,,0,0,0,0,0,0,0,,,,https://sumble.com/orgs/gartner,Grace Okafor,assign_unallocated,suggested
365,Experian,experian.com,NW0000365,allocated,94.38,custom,1932.0,Sales headcount,enterprise,Chen Wei,chen.wei@northwind.example,enterprise,0,0,,0,0,1,0,0,0,0,,,,https://sumble.com/orgs/experian,Grace Okafor,rebalance,suggested
171,Cisco,cisco.com,NW0000171,allocated,94.2,custom,9759.0,Sales headcount,enterprise,Dev Ramesh,dev.ramesh@northwind.example,enterprise,0,0,,0,1,0,2,0,0,0,2026-07-22,google_calendar,,https://sumble.com/orgs/cisco-systems,,,
351632,ADP,adp.com,NW0351632,allocated,94.16,custom,10473.0,Sales headcount,enterprise,Chen Wei,chen.wei@northwind.example,enterprise,0,0,,0,0,1,0,0,0,0,,,,https://sumble.com/orgs/adp,Marcus Bell,rebalance,suggested
1522,Nutanix,nutanix.com,NW0001522,customer,93.76,custom,1380.0,Sales headcount,enterprise,Sofia Romano,sofia.romano@northwind.example,enterprise,0,0,,0,1,0,1,0,0,0,2026-06-13,google_calendar,,https://sumble.com/orgs/nutanix,,,
427404,Odoo,odoo.com,NW0427404,allocated,92.86,custom,1858.0,Sales headcount,enterprise,Fatima Khan,fatima.khan@northwind.example,enterprise,0,0,,0,0,1,0,0,0,0,,,,https://sumble.com/orgs/odoo,,,
1765072,Compass Group USA,compass-usa.com,NW1765072,allocated,92.74,custom,823.0,Sales headcount,enterprise,Chen Wei,chen.wei@northwind.example,enterprise,0,0,,0,0,1,0,0,0,0,,,,https://sumble.com/orgs/compass-group-north-america,Fatima Khan,rebalance,suggested
4288,TrendAI,trendmicro.com,NW0004288,allocated,92.69,custom,1339.0,Sales headcount,enterprise,Liam Novak,liam.novak@northwind.example,enterprise,0,0,,0,0,1,0,0,0,0,,,,https://sumble.com/orgs/trend-micro,,,
24,Siemens,siemens.com,NW0000024,allocated,92.55,custom,18499.0,Sales headcount,enterprise,Chen Wei,chen.wei@northwind.example,enterprise,0,0,,0,0,1,0,0,0,0,,,,https://sumble.com/orgs/siemens,Yuki Tanaka,rebalance,suggested
59,Google,google.com,NW0000059,allocated,92.2,custom,16353.0,Sales headcount,enterprise,Liam Novak,liam.novak@northwind.example,enterprise,0,0,,0,1,0,3,0,0,0,2026-07-07,google_calendar,,https://sumble.com/orgs/google,,,
186,FIS,fisglobal.com,NW0000186,allocated,91.68,custom,2652.0,Sales headcount,enterprise,Grace Okafor,grace.okafor@northwind.example,enterprise,0,0,,0,0,1,0,0,0,0,,,,https://sumble.com/orgs/fis-9,,,
331,Atos,atos.net,NW0000331,allocated,91.48,custom,1651.0,Sales headcount,enterprise,Rosa Alvarez,rosa.alvarez@northwind.example,enterprise,0,0,,0,0,1,0,0,0,0,,,,https://sumble.com/orgs/atos,,,
1524,Paylocity,paylocity.com,NW0001524,allocated,91.43,custom,1827.0,Sales headcount,enterprise,Liam Novak,liam.novak@northwind.example,enterprise,0,0,,0,0,1,0,0,0,0,,,,https://sumble.com/orgs/paylocity,,,
1678,Zoom,zoom.com,NW0001678,customer,91.33,custom,1534.0,Sales headcount,enterprise,Liam Novak,liam.novak@northwind.example,enterprise,0,0,,0,0,1,0,0,0,0,,,,https://sumble.com/orgs/zoom-video-communications,,,
1640,Cloudflare,cloudflare.com,NW0001640,allocated,91.2,custom,1563.0,Sales headcount,enterprise,Marcus Bell,marcus.bell@northwind.example,enterprise,0,0,,0,1,0,3,0,0,0,2026-07-30,google_calendar,,https://sumble.com/orgs/cloudflare,,,
473,Hewlett Packard Enterprise,hpe.com,NW0000473,allocated,91.17,custom,11292.0,Sales headcount,enterprise,Chen Wei,chen.wei@northwind.example,enterprise,0,0,,0,0,1,0,0,0,0,,,,https://sumble.com/orgs/hewlett-packard-enterprise-hpe,Rosa Alvarez,rebalance,suggested
1293,Samsara,samsara.com,NW0001293,allocated,91.16,custom,1446.0,Sales headcount,enterprise,Chen Wei,chen.wei@northwind.example,enterprise,0,0,,0,0,1,0,0,0,0,,,,https://sumble.com/orgs/samsara,Grace Okafor,rebalance,suggested
5791,Cohesity,cohesity.com,NW0005791,allocated,91.08,custom,965.0,Sales headcount,enterprise,Chen Wei,chen.wei@northwind.example,enterprise,0,0,,0,0,1,0,0,0,0,,,,https://sumble.com/orgs/cohesity,Liam Novak,rebalance,suggested
4521,Zendesk,zendesk.com,NW0004521,allocated,91.04,custom,1127.0,Sales headcount,enterprise,Chen Wei,chen.wei@northwind.example,enterprise,0,0,,0,0,1,0,0,0,0,,,,https://sumble.com/orgs/zendesk,Marcus Bell,rebalance,suggested
211,Salesforce,salesforce.com,NW0000211,allocated,90.94,custom,21402.0,Sales headcount,enterprise,Dev Ramesh,dev.ramesh@northwind.example,enterprise,0,0,,0,1,0,3,0,0,0,2026-07-27,google_calendar,,https://sumble.com/orgs/salesforce,,,
669,FLEETCOR,fleetcor.com,NW0000669,allocated,90.82,custom,1976.0,Sales headcount,enterprise,Chen Wei,chen.wei@northwind.example,enterprise,0,0,,0,0,1,0,0,0,0,,,,https://sumble.com/orgs/fleetcor,Fatima Khan,rebalance,suggested
209819,T-Systems International,t-systems.com,NW0209819,allocated,90.68,custom,700.0,Sales headcount,enterprise,Avery Brooks,avery.brooks@northwind.example,enterprise,0,0,,0,0,1,0,0,0,0,,,,https://sumble.com/orgs/t-systems-ict-india,,,
6763,Check Point Software,checkpoint.com,NW0006763,allocated,90.21,custom,1497.0,Sales headcount,enterprise,Yuki Tanaka,yuki.tanaka@northwind.example,enterprise,0,0,,0,1,0,3,0,0,0,2026-07-19,google_calendar,,https://sumble.com/orgs/check-point-software-technologies,,,
11226,Upwork,upwork.com,NW0011226,customer,89.96,custom,4111.0,Sales headcount,enterprise,Marcus Bell,marcus.bell@northwind.example,enterprise,0,0,,0,0,1,0,0,0,0,,,,https://sumble.com/orgs/upwork,,,
3821,Smartsheet,smartsheet.com,NW0003821,allocated,89.53,custom,901.0,Sales headcount,enterprise,Fatima Khan,fatima.khan@northwind.example,enterprise,0,0,,0,1,0,2,0,0,0,2026-07-11,google_calendar,,https://sumble.com/orgs/smartsheet,,,
6778,Softchoice,softchoice.com,NW0006778,allocated,89.28,custom,969.0,Sales headcount,enterprise,Chen Wei,chen.wei@northwind.example,enterprise,0,0,,0,0,1,0,0,0,0,,,,https://sumble.com/orgs/softchoice,Yuki Tanaka,rebalance,suggested
1889204,VINCI,byvinci.io,NW1889204,allocated,89.19,custom,386.0,Sales headcount,enterprise,Liam Novak,liam.novak@northwind.example,enterprise,0,0,,0,1,0,3,0,0,0,2026-07-26,google_calendar,,https://sumble.com/orgs/byvinci,,,
458350,Dassault Systemes Solutions Lab,3ds.com,NW0458350,allocated,89.18,custom,1878.0,Sales headcount,enterprise,Rosa Alvarez,rosa.alvarez@northwind.example,enterprise,0,0,,0,0,1,0,0,0,0,,,,https://sumble.com/orgs/dassault-systemes,,,
4057,NiCE,nice.com,NW0004057,customer,89.16,custom,988.0,Sales headcount,enterprise,Yuki Tanaka,yuki.tanaka@northwind.example,enterprise,0,0,,0,0,1,0,0,0,0,,,,https://sumble.com/orgs/nice-actimize,,,
215,OpenText,opentext.com,NW0000215,allocated,89.12,custom,2502.0,Sales headcount,enterprise,Yuki Tanaka,yuki.tanaka@northwind.example,enterprise,0,0,,0,1,0,3,0,0,0,2026-07-26,google_calendar,,https://sumble.com/orgs/opentext,,,
586,Zscaler,zscaler.com,NW0000586,allocated,88.99,custom,1807.0,Sales headcount,enterprise,Avery Brooks,avery.brooks@northwind.example,enterprise,0,0,,0,0,1,0,0,0,0,,,,https://sumble.com/orgs/zscaler,,,
969,Cadence Design Systems,cadence.com,NW0000969,allocated,88.96,custom,602.0,Sales headcount,enterprise,Liam Novak,liam.novak@northwind.example,enterprise,0,0,,0,1,0,1,0,0,0,2026-06-15,google_calendar,,https://sumble.com/orgs/cadence-design-systems,,,
1687,Agilent Technologies,agilent.com,NW0001687,allocated,88.9,custom,1573.0,Sales headcount,enterprise,Sofia Romano,sofia.romano@northwind.example,enterprise,0,0,,0,1,0,3,0,0,0,2026-07-30,google_calendar,,https://sumble.com/orgs/agilent-technologies,,,
336,Dell Technologies,dell.com,NW0000336,unallocated,88.63,custom,18530.0,Sales headcount,enterprise,,,,1,0,,0,0,0,0,0,0,0,,,,https://sumble.com/orgs/dell-technologies,Liam Novak,assign_unallocated,suggested
2252,Lightspeed Commerce,lightspeedhq.com,NW0002252,allocated,88.45,custom,613.0,Sales headcount,enterprise,Chen Wei,chen.wei@northwind.example,enterprise,0,0,,0,1,0,2,0,0,0,2026-07-28,google_calendar,,https://sumble.com/orgs/lightspeed-5,,,
1452,RingCentral,ringcentral.com,NW0001452,allocated,88.32,custom,1075.0,Sales headcount,enterprise,Chen Wei,chen.wei@northwind.example,enterprise,0,0,,0,0,1,0,0,0,0,,,,https://sumble.com/orgs/ringcentral,Rosa Alvarez,rebalance,suggested
1689,PTC,ptc.com,NW0001689,allocated,88.3,custom,988.0,Sales headcount,enterprise,Chen Wei,chen.wei@northwind.example,enterprise,0,0,,0,0,1,0,0,0,0,,,,https://sumble.com/orgs/ptc-c5e4d329,Grace Okafor,rebalance,suggested
731,Okta,okta.com,NW0000731,allocated,88.12,custom,1548.0,Sales headcount,enterprise,Rosa Alvarez,rosa.alvarez@northwind.example,enterprise,0,0,,0,0,1,0,0,0,0,,,,https://sumble.com/orgs/okta,,,
4918,Softcat,softcat.com,NW0004918,allocated,87.97,custom,983.0,Sales headcount,enterprise,Liam Novak,liam.novak@northwind.example,enterprise,0,0,,0,1,0,2,0,0,0,2026-07-13,google_calendar,,https://sumble.com/orgs/softcat,,,
707,MathWorks,mathworks.com,NW0000707,allocated,87.93,custom,476.0,Sales headcount,enterprise,Yuki Tanaka,yuki.tanaka@northwind.example,enterprise,0,0,,0,1,0,2,0,0,0,2026-07-12,google_calendar,,https://sumble.com/orgs/mathworks,,,
210,Bloomberg,bloomberg.com,NW0000210,allocated,87.78,custom,1704.0,Sales headcount,enterprise,Chen Wei,chen.wei@northwind.example,enterprise,0,0,,0,0,1,0,0,0,0,,,,https://sumble.com/orgs/bloomberg,,,
1494,Teradata,teradata.com,NW0001494,allocated,87.64,custom,446.0,Sales headcount,enterprise,Yuki Tanaka,yuki.tanaka@northwind.example,enterprise,0,0,,0,1,0,1,0,0,0,2026-06-22,google_calendar,,https://sumble.com/orgs/teradata,,,
7452,Motive,gomotive.com,NW0007452,allocated,87.56,custom,1792.0,Sales headcount,enterprise,Chen Wei,chen.wei@northwind.example,enterprise,0,0,,0,0,1,0,0,0,0,,,,https://sumble.com/orgs/motive-fbcfa52a,,,
3656,Sage,sage.com,NW0003656,customer,87.47,custom,1738.0,Sales headcount,enterprise,Grace Okafor,grace.okafor@northwind.example,enterprise,0,0,,0,0,1,0,0,0,0,,,,https://sumble.com/orgs/sage,,,
1234,Akamai Technologies,akamai.com,NW0001234,allocated,87.39,custom,1083.0,Sales headcount,enterprise,Fatima Khan,fatima.khan@northwind.example,enterprise,0,0,,0,1,0,2,0,0,0,2026-06-20,google_calendar,,https://sumble.com/orgs/akamai-7,,,
15407,Darktrace,darktrace.com,NW0015407,allocated,87.38,custom,752.0,Sales headcount,enterprise,Sam Patel,sam.patel@northwind.example,commercial,0,0,,1,1,0,3,0,0,0,2026-07-29,google_calendar,,https://sumble.com/orgs/darktrace,,,
7652,SolarWinds,solarwinds.com,NW0007652,allocated,87.31,custom,750.0,Sales headcount,enterprise,Marcus Bell,marcus.bell@northwind.example,enterprise,0,0,,0,0,1,0,0,0,0,,,,https://sumble.com/orgs/solarwinds,,,
2224,The Trade Desk,thetradedesk.com,NW0002224,allocated,86.98,custom,559.0,Sales headcount,enterprise,Sofia Romano,sofia.romano@northwind.example,enterprise,0,0,,0,1,0,1,0,0,0,2026-06-23,google_calendar,,https://sumble.com/orgs/trade-desk,,,
943,Hitachi Vantara,hitachivantara.com,NW0000943,allocated,86.95,custom,945.0,Sales headcount,enterprise,Chen Wei,chen.wei@northwind.example,enterprise,0,0,,0,0,1,0,0,0,0,,,,https://sumble.com/orgs/hitachi-vantara,,,
1366,Broadcom,broadcom.com,NW0001366,allocated,86.9,custom,3965.0,Sales headcount,enterprise,Yuki Tanaka,yuki.tanaka@northwind.example,enterprise,0,0,,0,1,0,1,0,0,0,2026-07-05,google_calendar,,https://sumble.com/orgs/broadcom,,,
12890,Qlik,qlik.com,NW0012890,allocated,86.89,custom,616.0,Sales headcount,enterprise,Chen Wei,chen.wei@northwind.example,enterprise,0,0,,0,0,1,0,0,0,0,,,,https://sumble.com/orgs/qlik,,,
235,Adobe,adobe.com,NW0000235|NW0000235B,allocated,86.51,custom,5728.0,Sales headcount,enterprise,Rosa Alvarez,rosa.alvarez@northwind.example,enterprise,0,1,Chen Wei,0,1,0,2,0,0,0,2026-06-19,google_calendar,,https://sumble.com/orgs/adobe,,,
2664,Pure Storage,purestorage.com,NW0002664,allocated,86.5,custom,1009.0,Sales headcount,enterprise,Chen Wei,chen.wei@northwind.example,enterprise,0,0,,0,1,0,3,0,0,0,2026-07-22,google_calendar,,https://sumble.com/orgs/pure-storage,,,
157,Thales,thalesgroup.com,NW0000157,allocated,86.38,custom,2137.0,Sales headcount,enterprise,Rosa Alvarez,rosa.alvarez@northwind.example,enterprise,0,0,,0,1,0,3,0,0,0,2026-06-29,google_calendar,,https://sumble.com/orgs/thales,,,
2762,Klaviyo,klaviyo.com,NW0002762,allocated,86.29,custom,435.0,Sales headcount,enterprise,Chen Wei,chen.wei@northwind.example,enterprise,0,0,,0,0,1,0,0,0,0,,,,https://sumble.com/orgs/klaviyo,,,
923,Dynatrace,dynatrace.com,NW0000923,allocated,86.2,custom,1009.0,Sales headcount,enterprise,Yuki Tanaka,yuki.tanaka@northwind.example,enterprise,0,0,,0,0,1,0,0,0,0,,,,https://sumble.com/orgs/dynatrace,,,
1470,Ceridian,ceridian.com,NW0001470,allocated,85.93,custom,522.0,Sales headcount,enterprise,Dev Ramesh,dev.ramesh@northwind.example,enterprise,0,0,,0,1,0,3,0,0,0,2026-07-29,google_calendar,,https://sumble.com/orgs/ceridian,,,
603,Tata Consultancy Services,tcs.com,NW0000603,allocated,85.91,custom,2494.0,Sales headcount,enterprise,Avery Brooks,avery.brooks@northwind.example,enterprise,0,0,,0,1,0,1,0,0,0,2026-07-21,google_calendar,,https://sumble.com/orgs/tata-consultancy-services-tcs,,,
448707,Varonis,varonis.com,NW0448707,allocated,85.89,custom,646.0,Sales headcount,enterprise,Grace Okafor,grace.okafor@northwind.example,enterprise,0,0,,0,0,1,0,0,0,0,,,,https://sumble.com/orgs/varonis-systems,,,
2129,Qualtrics,qualtrics.com,NW0002129,allocated,85.77,custom,897.0,Sales headcount,enterprise,Chen Wei,chen.wei@northwind.example,enterprise,0,0,,0,0,1,0,0,0,0,,,,https://sumble.com/orgs/qualtrics,,,
1472,Supermicro,supermicro.com,NW0001472,allocated,85.74,custom,506.0,Sales headcount,enterprise,Dev Ramesh,dev.ramesh@northwind.example,enterprise,0,0,,0,1,0,1,0,0,0,2026-07-23,google_calendar,,https://sumble.com/orgs/super-micro-computer,,,
3655,Alteryx,alteryx.com,NW0003655,allocated,85.66,custom,436.0,Sales headcount,enterprise,Grace Okafor,grace.okafor@northwind.example,enterprise,0,0,,0,0,1,0,0,0,0,,,,https://sumble.com/orgs/alteryx,,,
61349,LinkedIn,linkedin.com,NW0061349,allocated,85.37,custom,5503.0,Sales headcount,enterprise,Chen Wei,chen.wei@northwind.example,enterprise,0,0,,0,0,1,0,0,0,0,,,,https://sumble.com/orgs/linkedin,,,
1621,"Reddit, Inc.",reddit.com,NW0001621,allocated,85.18,custom,535.0,Sales headcount,enterprise,Dev Ramesh,dev.ramesh@northwind.example,enterprise,0,0,,0,1,0,3,0,0,0,2026-07-24,google_calendar,,https://sumble.com/orgs/reddit,,,
445,Databricks,databricks.com,NW0000445,allocated,85.15,custom,2924.0,Sales headcount,enterprise,Yuki Tanaka,yuki.tanaka@northwind.example,enterprise,0,0,,0,0,1,0,0,0,0,,,,https://sumble.com/orgs/databricks,,,
3035,Genetec,genetec.com,NW0003035,allocated,85.13,custom,392.0,Sales headcount,enterprise,Avery Brooks,avery.brooks@northwind.example,enterprise,0,0,,0,1,0,1,0,0,0,2026-07-26,google_calendar,,https://sumble.com/orgs/genetec,,,
1836,Veeam Software,veeam.com,NW0001836,allocated,85.1,custom,1528.0,Sales headcount,enterprise,Fatima Khan,fatima.khan@northwind.example,enterprise,0,0,,0,0,1,0,0,0,0,,,,https://sumble.com/orgs/veeam-software,,,
4614,Verint,verint.com,NW0004614,allocated,85.1,custom,397.0,Sales headcount,enterprise,Marcus Bell,marcus.bell@northwind.example,enterprise,0,0,,0,0,1,0,0,0,0,,,,https://sumble.com/orgs/verint-systems,,,
2236,Rackspace Technology,rackspace.com,NW0002236,allocated,85.08,custom,266.0,Sales headcount,enterprise,Chen Wei,chen.wei@northwind.example,enterprise,0,0,,0,0,1,0,0,0,0,,,,https://sumble.com/orgs/rackspace-technology,,,
193141,Kaspersky,kaspersky.com,NW0193141,allocated,85.01,custom,438.0,Sales headcount,enterprise,Avery Brooks,avery.brooks@northwind.example,enterprise,0,0,,0,1,0,2,0,0,0,2026-06-15,google_calendar,,https://sumble.com/orgs/kaspersky-lab-singapore,,,
10822,Ping Identity,pingidentity.com,NW0010822,customer,84.91,custom,465.0,Sales headcount,enterprise,Chen Wei,chen.wei@northwind.example,enterprise,0,0,,0,1,0,3,0,0,0,2026-07-20,google_calendar,,https://sumble.com/orgs/ping-identity,,,
289,RELX,relx.com,NW0000289,allocated,84.9,custom,3926.0,Sales headcount,enterprise,Chen Wei,chen.wei@northwind.example,enterprise,0,0,,0,0,1,0,0,0,0,,,,https://sumble.com/orgs/relx,,,
1679,Canva,canva.com,NW0001679,allocated,84.76,custom,259.0,Sales headcount,enterprise,Chen Wei,chen.wei@northwind.example,enterprise,0,0,,0,0,1,0,0,0,0,,,,https://sumble.com/orgs/canva,,,
19528,monday.com,monday.com,NW0019528,allocated,84.73,custom,762.0,Sales headcount,enterprise,Fatima Khan,fatima.khan@northwind.example,enterprise,0,0,,0,0,1,0,0,0,0,,,,https://sumble.com/orgs/monday-com,,,
209,NVIDIA,nvidia.com,NW0000209,allocated,84.73,custom,891.0,Sales headcount,enterprise,Dev Ramesh,dev.ramesh@northwind.example,enterprise,0,0,,0,1,0,3,0,0,0,2026-07-28,google_calendar,,https://sumble.com/orgs/nvidia,,,
8825,Aptean,aptean.com,NW0008825,allocated,84.72,custom,270.0,Sales headcount,enterprise,Fatima Khan,fatima.khan@northwind.example,enterprise,0,0,,0,1,0,1,0,0,0,2026-06-06,google_calendar,,https://sumble.com/orgs/aptean,,,
4962,Cision,cision.com,NW0004962,allocated,84.69,custom,938.0,Sales headcount,enterprise,Dev Ramesh,dev.ramesh@northwind.example,enterprise,0,0,,0,1,0,2,0,0,0,2026-06-27,google_calendar,,https://sumble.com/orgs/cision,,,
2611,Grafana Labs,grafana.com,NW0002611,allocated,84.53,custom,410.0,Sales headcount,enterprise,Chen Wei,chen.wei@northwind.example,enterprise,0,0,,0,0,1,0,0,0,0,,,,https://sumble.com/orgs/grafana-labs-1,,,
6228,Revolut,revolut.com,NW0006228,allocated,84.34,custom,2023.0,Sales headcount,enterprise,Rosa Alvarez,rosa.alvarez@northwind.example,enterprise,0,0,,0,0,1,0,0,0,0,,,,https://sumble.com/orgs/revolut,,,
3268,SoftwareOne,softwareone.com,NW0003268,allocated,84.21,custom,1172.0,Sales headcount,enterprise,Liam Novak,liam.novak@northwind.example,enterprise,0,0,,0,1,0,3,0,0,0,2026-07-27,google_calendar,,https://sumble.com/orgs/softwareone,,,
6991,Cloudera,cloudera.com,NW0006991,allocated,84.13,custom,439.0,Sales headcount,enterprise,Grace Okafor,grace.okafor@northwind.example,enterprise,0,0,,0,0,1,0,0,0,0,,,,https://sumble.com/orgs/cloudera,,,
11062,AlphaSense,alpha-sense.com,NW0011062,allocated,84.12,custom,669.0,Sales headcount,enterprise,Fatima Khan,fatima.khan@northwind.example,enterprise,0,0,,0,1,0,1,0,0,0,2026-06-21,google_calendar,,https://sumble.com/orgs/alphasense,,,
2493,Blue Yonder,blueyonder.com,NW0002493,allocated,84.04,custom,390.0,Sales headcount,enterprise,Chen Wei,chen.wei@northwind.example,enterprise,0,0,,0,0,1,0,0,0,0,,,,https://sumble.com/orgs/blue-yonder,,,
3210,ServiceTitan,servicetitan.com,NW0003210,allocated,84.02,custom,451.0,Sales headcount,enterprise,Alex Rivera,alex.rivera@northwind.example,commercial,0,0,,1,1,0,1,0,0,0,2026-07-24,google_calendar,,https://sumble.com/orgs/servicetitan,,,
2596,ZoomInfo,zoominfo.com,NW0002596,allocated,83.92,custom,1230.0,Sales headcount,enterprise,Grace Okafor,grace.okafor@northwind.example,enterprise,0,0,,0,0,1,0,0,0,0,,,,https://sumble.com/orgs/zoominfo,,,
7123,e2open,e2open.com,NW0007123,allocated,83.79,custom,186.0,Sales headcount,enterprise,Rosa Alvarez,rosa.alvarez@northwind.example,enterprise,0,0,,0,0,1,0,0,0,0,,,,https://sumble.com/orgs/e2open,,,
397655,FPT Corporation,fpt.com,NW0397655,allocated,83.68,custom,737.0,Sales headcount,enterprise,Fatima Khan,fatima.khan@northwind.example,enterprise,0,0,,0,0,1,0,0,0,0,,,,https://sumble.com/orgs/fpt,,,
4861,Acronis,acronis.com,NW0004861,allocated,83.66,custom,244.0,Sales headcount,enterprise,Chen Wei,chen.wei@northwind.example,enterprise,0,0,,0,0,1,0,0,0,0,,,,https://sumble.com/orgs/acronis-international,,,
1830,Kaseya,kaseya.com,NW0001830,allocated,83.65,custom,1196.0,Sales headcount,enterprise,Chen Wei,chen.wei@northwind.example,enterprise,0,0,,0,0,1,0,0,0,0,,,,https://sumble.com/orgs/kaseya,,,
8792,Arctic Wolf,arcticwolf.com,NW0008792,allocated,83.64,custom,515.0,Sales headcount,enterprise,Grace Okafor,grace.okafor@northwind.example,enterprise,0,0,,0,0,1,0,0,0,0,,,,https://sumble.com/orgs/arctic-wolf-networks,,,
4544,Freshworks,freshworks.com,NW0004544,allocated,83.63,custom,836.0,Sales headcount,enterprise,Marcus Bell,marcus.bell@northwind.example,enterprise,0,0,,0,0,1,0,0,0,0,,,,https://sumble.com/orgs/freshworks,,,
32614,Infobip,infobip.com,NW0032614,allocated,83.57,custom,515.0,Sales headcount,enterprise,Sofia Romano,sofia.romano@northwind.example,enterprise,0,0,,0,1,0,1,0,0,0,2026-06-16,google_calendar,,https://sumble.com/orgs/infobip,,,
2251,Confluent,confluent.io,NW0002251,allocated,83.38,custom,676.0,Sales headcount,enterprise,Rosa Alvarez,rosa.alvarez@northwind.example,enterprise,0,0,,0,0,1,0,0,0,0,,,,https://sumble.com/orgs/confluent,,,
429,Synopsys Inc,synopsys.com,NW0000429,allocated,83.36,custom,948.0,Sales headcount,enterprise,Marcus Bell,marcus.bell@northwind.example,enterprise,0,0,,0,1,0,3,0,0,0,2026-07-30,google_calendar,,https://sumble.com/orgs/synopsys,,,
7286,"Sprout Social, Inc.",sproutsocial.com,NW0007286,allocated,83.36,custom,403.0,Sales headcount,enterprise,Chen Wei,chen.wei@northwind.example,enterprise,0,0,,0,0,1,0,0,0,0,,,,https://sumble.com/orgs/sprout-social,,,
865,Perficient,perficient.com,NW0000865,allocated,83.34,custom,110.0,Sales headcount,commercial,Jordan Lee,jordan.lee@northwind.example,commercial,0,0,,0,1,0,2,0,0,0,2026-07-25,google_calendar,,https://sumble.com/orgs/perficient,,,
1595,Snowflake,snowflake.com,NW0001595,allocated,83.14,custom,3110.0,Sales headcount,enterprise,Chen Wei,chen.wei@northwind.example,enterprise,0,0,,0,0,1,0,0,0,0,,,,https://sumble.com/orgs/snowflake,,,
533,Wolters Kluwer,wolterskluwer.com,NW0000533,allocated,83.05,custom,2269.0,Sales headcount,enterprise,Grace Okafor,grace.okafor@northwind.example,enterprise,0,0,,0,0,1,0,0,0,0,,,,https://sumble.com/orgs/wolters-kluwer,,,
27373,Cegid,cegid.com,NW0027373,unallocated,83.01,custom,403.0,Sales headcount,enterprise,,,,1,0,,0,0,0,0,0,0,0,,,,https://sumble.com/orgs/cegid,Rosa Alvarez,assign_unallocated,suggested
2171,F5,f5.com,NW0002171,allocated,82.99,custom,1225.0,Sales headcount,enterprise,Fatima Khan,fatima.khan@northwind.example,enterprise,0,0,,0,0,1,0,0,0,0,,,,https://sumble.com/orgs/f5,,,
5701,Trace3,trace3.com,NW0005701,allocated,82.97,custom,249.0,Sales headcount,enterprise,Liam Novak,liam.novak@northwind.example,enterprise,0,0,,0,0,1,0,0,0,0,,,,https://sumble.com/orgs/trace3,,,
377,DXC Technology,dxc.com,NW0000377,allocated,82.96,custom,1722.0,Sales headcount,enterprise,Chen Wei,chen.wei@northwind.example,enterprise,0,0,,0,0,1,0,0,0,0,,,,https://sumble.com/orgs/dxc-technology,,,
3153,Bentley Systems,bentley.com,NW0003153,allocated,82.87,custom,622.0,Sales headcount,enterprise,Dev Ramesh,dev.ramesh@northwind.example,enterprise,0,0,,0,1,0,3,0,0,0,2026-07-28,google_calendar,,https://sumble.com/orgs/bentley-systems,,,
10246,ConnectWise,connectwise.com,NW0010246,allocated,82.81,custom,453.0,Sales headcount,enterprise,Avery Brooks,avery.brooks@northwind.example,enterprise,0,0,,0,1,0,1,0,0,0,2026-06-02,google_calendar,,https://sumble.com/orgs/connectwise,,,
29891,Elastic,elastic.co,NW0029891,allocated,82.78,custom,680.0,Sales headcount,enterprise,Jordan Lee,jordan.lee@northwind.example,commercial,0,0,,1,0,1,0,0,0,0,,,,https://sumble.com/orgs/elastic,Grace Okafor,misfit,suggested
3381,Aspen Technology,aspentech.com,NW0003381,allocated,82.76,custom,365.0,Sales headcount,enterprise,Avery Brooks,avery.brooks@northwind.example,enterprise,0,0,,0,0,1,0,0,0,0,,,,https://sumble.com/orgs/aspen-technology,,,
2819,BMC Software,bmc.com,NW0002819,allocated,82.5,custom,817.0,Sales headcount,enterprise,Sofia Romano,sofia.romano@northwind.example,enterprise,0,0,,0,1,0,3,0,0,0,2026-07-21,google_calendar,,https://sumble.com/orgs/bmc-software,,,
19642,Nextiva,nextiva.com,NW0019642,allocated,82.49,custom,228.0,Sales headcount,enterprise,Yuki Tanaka,yuki.tanaka@northwind.example,enterprise,0,0,,0,1,0,1,0,0,0,2026-07-23,google_calendar,,https://sumble.com/orgs/nextiva,,,
1252,Rapid7,rapid7.com,NW0001252,allocated,82.39,custom,423.0,Sales headcount,enterprise,Ravi Menon,ravi.menon@northwind.example,commercial,0,0,,1,1,0,3,0,0,0,2026-07-27,google_calendar,,https://sumble.com/orgs/rapid7,,,
5678,BlackLine,blackline.com,NW0005678,allocated,82.33,custom,336.0,Sales headcount,enterprise,Yuki Tanaka,yuki.tanaka@northwind.example,enterprise,0,0,,0,0,1,0,0,0,0,,,,https://sumble.com/orgs/blackline-7,,,
2230,Arista Networks,arista.com,NW0002230,allocated,82.29,custom,683.0,Sales headcount,enterprise,Sofia Romano,sofia.romano@northwind.example,enterprise,0,0,,0,1,0,1,0,0,0,2026-07-30,google_calendar,,https://sumble.com/orgs/arista-networks,,,
4077,Dataiku,dataiku.com,NW0004077,allocated,82.24,custom,353.0,Sales headcount,enterprise,Chen Wei,chen.wei@northwind.example,enterprise,0,0,,0,0,1,0,0,0,0,,,,https://sumble.com/orgs/dataiku,,,
34584,SoftServe,softserveinc.com,NW0034584,allocated,82.22,custom,123.0,Sales headcount,commercial,Aisha Bello,aisha.bello@northwind.example,commercial,0,0,,0,0,1,0,0,0,0,,,,https://sumble.com/orgs/softserve,,,
1486616,Thryv-Business-Advisors,thryv.com,NW1486616,allocated,82.1,custom,450.0,Sales headcount,enterprise,Elena Petrova,elena.petrova@northwind.example,commercial,0,0,,1,0,1,0,0,0,0,,,,https://sumble.com/orgs/thryv-business-advisors,Grace Okafor,misfit,suggested
20470,ClickUp,clickup.com,NW0020470,allocated,81.82,custom,208.0,Sales headcount,enterprise,Rosa Alvarez,rosa.alvarez@northwind.example,enterprise,0,0,,0,0,1,0,0,0,0,,,,https://sumble.com/orgs/clickup-1,,,
699,Atlassian,atlassian.com,NW0000699,allocated,81.74,custom,1800.0,Sales headcount,enterprise,Aisha Bello,aisha.bello@northwind.example,commercial,0,0,,1,1,0,3,0,0,0,2026-07-25,google_calendar,,https://sumble.com/orgs/atlassian,,,
1044,Rippling,rippling.com,NW0001044,allocated,81.69,custom,1554.0,Sales headcount,enterprise,Dev Ramesh,dev.ramesh@northwind.example,enterprise,0,0,,0,1,0,1,0,0,0,2026-06-12,google_calendar,,https://sumble.com/orgs/rippling,,,
5120,NCC Group,nccgroupplc.com,NW0005120,unallocated,81.65,custom,199.0,Sales headcount,enterprise,,,,1,0,,0,0,0,0,0,0,0,,,,https://sumble.com/orgs/ncc-group,Liam Novak,assign_unallocated,suggested
4095,Optiv,optiv.com,NW0004095,allocated,81.54,custom,151.0,Sales headcount,enterprise,Chen Wei,chen.wei@northwind.example,enterprise,0,0,,0,0,1,0,0,0,0,,,,https://sumble.com/orgs/optiv,,,
424,Global Payments Inc.,globalpayments.com,NW0000424,allocated,81.48,custom,1956.0,Sales headcount,enterprise,Fatima Khan,fatima.khan@northwind.example,enterprise,0,0,,0,0,1,0,0,0,0,,,,https://sumble.com/orgs/global-payments,,,
13201,Appen,appen.com,NW0013201,allocated,81.34,custom,209.0,Sales headcount,enterprise,Dev Ramesh,dev.ramesh@northwind.example,enterprise,0,0,,0,1,0,2,0,0,0,2026-07-03,google_calendar,,https://sumble.com/orgs/appen,,,
3178,Trellix,trellix.com,NW0003178,customer,81.3,custom,393.0,Sales headcount,enterprise,Fatima Khan,fatima.khan@northwind.example,enterprise,0,0,,0,1,0,2,0,0,0,2026-07-24,google_calendar,,https://sumble.com/orgs/trellix,,,
49113,Cato Networks,catonetworks.com,NW0049113,allocated,81.23,custom,358.0,Sales headcount,enterprise,Dev Ramesh,dev.ramesh@northwind.example,enterprise,0,0,,0,1,0,1,0,0,0,2026-06-20,google_calendar,,https://sumble.com/orgs/cato-networks,,,
1317,Trimble Inc.,trimble.com,NW0001317,allocated,81.18,custom,1251.0,Sales headcount,enterprise,Fatima Khan,fatima.khan@northwind.example,enterprise,0,0,,0,1,0,2,0,0,0,2026-06-23,google_calendar,,https://sumble.com/orgs/trimble,,,
499849,"o9 Solutions, Inc.",o9solutions.com,NW0499849,allocated,81.11,custom,170.0,Sales headcount,enterprise,Marcus Bell,marcus.bell@northwind.example,enterprise,0,0,,0,1,0,2,0,0,0,2026-07-27,google_calendar,,https://sumble.com/orgs/o9solutions,,,
24411,Razorpay,razorpay.com,NW0024411,allocated,81.09,custom,339.0,Sales headcount,enterprise,Chen Wei,chen.wei@northwind.example,enterprise,0,0,,0,0,1,0,0,0,0,,,,https://sumble.com/orgs/razorpay,,,
1540,Avalara,avalara.com,NW0001540,allocated,81.07,custom,795.0,Sales headcount,enterprise,Sofia Romano,sofia.romano@northwind.example,enterprise,0,0,,0,1,0,2,0,0,0,2026-07-29,google_calendar,,https://sumble.com/orgs/avalara,,,
6042,Sprinklr,sprinklr.com,NW0006042,allocated,80.95,custom,355.0,Sales headcount,enterprise,Rosa Alvarez,rosa.alvarez@northwind.example,enterprise,0,0,,0,1,0,2,0,0,0,2026-07-28,google_calendar,,https://sumble.com/orgs/sprinklr,,,
3630,Fivetran,fivetran.com,NW0003630,customer,80.94,custom,332.0,Sales headcount,enterprise,Yuki Tanaka,yuki.tanaka@northwind.example,enterprise,0,0,,0,0,1,0,0,0,0,,,,https://sumble.com/orgs/fivetran,,,
3071,Calix,calix.com,NW0003071,allocated,80.9,custom,285.0,Sales headcount,enterprise,Liam Novak,liam.novak@northwind.example,enterprise,0,0,,0,1,0,2,0,0,0,2026-07-30,google_calendar,,https://sumble.com/orgs/calix,,,
137,ServiceNow,servicenow.com,NW0000137,allocated,80.84,custom,3611.0,Sales headcount,enterprise,Sofia Romano,sofia.romano@northwind.example,enterprise,0,0,,0,1,0,3,0,0,0,2026-06-29,google_calendar,,https://sumble.com/orgs/servicenow,,,
132,EPAM Systems,epam.com,NW0000132,allocated,80.73,custom,431.0,Sales headcount,enterprise,Rosa Alvarez,rosa.alvarez@northwind.example,enterprise,0,0,,0,0,1,0,0,0,0,,,,https://sumble.com/orgs/epam-systems,,,
2743,Braze,braze.com,NW0002743,allocated,80.7,custom,397.0,Sales headcount,enterprise,Grace Okafor,grace.okafor@northwind.example,enterprise,0,0,,0,0,1,0,0,0,0,,,,https://sumble.com/orgs/braze,,,
950,Slalom,slalom.com,NW0000950,allocated,80.68,custom,327.0,Sales headcount,enterprise,Liam Novak,liam.novak@northwind.example,enterprise,0,0,,0,0,1,0,0,0,0,,,,https://sumble.com/orgs/slalom-consulting,,,
16352,Whatfix,whatfix.com,NW0016352,allocated,80.63,custom,186.0,Sales headcount,enterprise,Alex Rivera,alex.rivera@northwind.example,commercial,0,0,,1,1,0,3,0,0,0,2026-07-19,google_calendar,,https://sumble.com/orgs/whatfix,,,
7597,10x Genomics,10xgenomics.com,NW0007597,allocated,80.6,custom,147.0,Sales headcount,commercial,Diego Castro,diego.castro@northwind.example,commercial,0,0,,0,1,0,3,0,0,0,2026-07-27,google_calendar,,https://sumble.com/orgs/10x-genomics,,,
2043,Twilio,twilio.com,NW0002043,allocated,80.58,custom,645.0,Sales headcount,enterprise,Dev Ramesh,dev.ramesh@northwind.example,enterprise,0,0,,0,1,0,3,0,0,0,2026-07-26,google_calendar,,https://sumble.com/orgs/twilio,,,
625,Thomson Reuters,thomsonreuters.com,NW0000625,allocated,80.58,custom,2780.0,Sales headcount,enterprise,Fatima Khan,fatima.khan@northwind.example,enterprise,0,0,,0,1,0,1,0,0,0,2026-07-15,google_calendar,,https://sumble.com/orgs/thomson-reuters,,,
668,Altair,altair.com,NW0000668,allocated,80.57,custom,165.0,Sales headcount,enterprise,Avery Brooks,avery.brooks@northwind.example,enterprise,0,0,,0,0,1,0,0,0,0,,,,https://sumble.com/orgs/altair-engineering,,,
2920,Extreme Networks,extremenetworks.com,NW0002920,allocated,80.47,custom,471.0,Sales headcount,enterprise,Avery Brooks,avery.brooks@northwind.example,enterprise,0,0,,0,0,1,0,0,0,0,,,,https://sumble.com/orgs/extreme-networks,,,
5627,TeamViewer,teamviewer.com,NW0005627,allocated,80.47,custom,477.0,Sales headcount,enterprise,Sofia Romano,sofia.romano@northwind.example,enterprise,0,0,,0,1,0,3,0,0,0,2026-07-15,google_calendar,,https://sumble.com/orgs/teamviewer,,,
5074,C3 AI,c3.ai,NW0005074,allocated,80.46,custom,189.0,Sales headcount,enterprise,Liam Novak,liam.novak@northwind.example,enterprise,0,0,,0,1,0,3,0,0,0,2026-07-21,google_calendar,,https://sumble.com/orgs/c3-ai,,,
5338,Netskope,netskope.com,NW0005338,allocated,80.42,custom,708.0,Sales headcount,enterprise,Fatima Khan,fatima.khan@northwind.example,enterprise,0,0,,0,0,1,0,0,0,0,,,,https://sumble.com/orgs/netskope,,,
47608,Synthesia,synthesia.io,NW0047608,unallocated,80.41,custom,204.0,Sales headcount,enterprise,,,,1,0,,0,0,0,0,0,0,0,,,,https://sumble.com/orgs/synthesia,Rosa Alvarez,assign_unallocated,suggested
8934,Anaplan,anaplan.com,NW0008934,allocated,80.4,custom,506.0,Sales headcount,enterprise,Sofia Romano,sofia.romano@northwind.example,enterprise,0,0,,0,1,0,1,0,0,0,2026-07-22,google_calendar,,https://sumble.com/orgs/anaplan,,,
8559,OneTrust,onetrust.com,NW0008559,allocated,80.36,custom,449.0,Sales headcount,enterprise,Marcus Bell,marcus.bell@northwind.example,enterprise,0,0,,0,0,1,0,0,0,0,,,,https://sumble.com/orgs/onetrust,,,
117079,Greenhouse Software,greenhouse.com,NW0117079,allocated,80.23,custom,179.0,Sales headcount,enterprise,Fatima Khan,fatima.khan@northwind.example,enterprise,0,0,,0,1,0,2,0,0,0,2026-07-18,google_calendar,,https://sumble.com/orgs/greenhouse-software,,,
8442,NETSCOUT,netscout.com,NW0008442,allocated,80.21,custom,438.0,Sales headcount,enterprise,Marcus Bell,marcus.bell@northwind.example,enterprise,0,0,,0,1,0,3,0,0,0,2026-07-28,google_calendar,,https://sumble.com/orgs/netscout,,,
111894,Glean,glean.com,NW0111894,allocated,80.12,custom,375.0,Sales headcount,enterprise,Grace Okafor,grace.okafor@northwind.example,enterprise,0,0,,0,0,1,0,0,0,0,,,,https://sumble.com/orgs/glean,,,
37960,Yardi,yardi.com,NW0037960,allocated,80.04,custom,530.0,Sales headcount,enterprise,Grace Okafor,grace.okafor@northwind.example,enterprise,0,0,,0,0,1,0,0,0,0,,,,https://sumble.com/orgs/yardi-systems,,,
6479,Workato,workato.com,NW0006479,allocated,80.02,custom,241.0,Sales headcount,enterprise,Sofia Romano,sofia.romano@northwind.example,enterprise,0,0,,0,1,0,2,0,0,0,2026-07-22,google_calendar,,https://sumble.com/orgs/workato,,,
5147,McAfee,mcafee.com,NW0005147,allocated,79.98,custom,196.0,Sales headcount,enterprise,Rosa Alvarez,rosa.alvarez@northwind.example,enterprise,0,0,,0,0,1,0,0,0,0,,,,https://sumble.com/orgs/mcafee,,,
531358,Cyera,cyera.io,NW0531358,allocated,79.96,custom,452.0,Sales headcount,enterprise,Dev Ramesh,dev.ramesh@northwind.example,enterprise,0,0,,0,1,0,2,0,0,0,2026-07-08,google_calendar,,https://sumble.com/orgs/cyera,,,
360,Intuit,intuit.com,NW0000360,allocated,79.87,custom,1239.0,Sales headcount,enterprise,Yuki Tanaka,yuki.tanaka@northwind.example,enterprise,0,0,,0,0,1,0,0,0,0,,,,https://sumble.com/orgs/intuit,,,
8619,Bill.com,bill.com,NW0008619,allocated,79.66,custom,305.0,Sales headcount,enterprise,Dev Ramesh,dev.ramesh@northwind.example,enterprise,0,0,,0,1,0,1,0,0,0,2026-07-24,google_calendar,,https://sumble.com/orgs/bill-4650b035,,,
6714,Redis,redis.com,NW0006714,customer,79.62,custom,240.0,Sales headcount,enterprise,Grace Okafor,grace.okafor@northwind.example,enterprise,0,0,,0,0,1,0,0,0,0,,,,https://sumble.com/orgs/redis,,,
978416,Rubrik,rubrik.com,NW0978416,allocated,79.61,custom,1038.0,Sales headcount,enterprise,Chen Wei,chen.wei@northwind.example,enterprise,0,0,,0,0,1,0,0,0,0,,,,https://sumble.com/orgs/rubrik,,,
66402,Sonar,sonarsource.com,NW0066402,allocated,79.57,custom,191.0,Sales headcount,enterprise,Grace Okafor,grace.okafor@northwind.example,enterprise,0,0,,0,0,1,0,0,0,0,,,,https://sumble.com/orgs/sonar-4,,,
355569,Ironclad,ironcladapp.com,NW0355569,allocated,79.53,custom,193.0,Sales headcount,enterprise,Chen Wei,chen.wei@northwind.example,enterprise,0,0,,0,0,1,0,0,0,0,,,,https://sumble.com/orgs/ironcladapp,,,
6557,1Password,1password.com,NW0006557|NW0006557B,allocated,79.52,custom,280.0,Sales headcount,enterprise,Chen Wei,chen.wei@northwind.example,enterprise,0,1,Marcus Bell,0,0,1,0,0,0,0,,,,https://sumble.com/orgs/1password,,,
2811,Verkada,verkada.com,NW0002811,allocated,79.45,custom,1208.0,Sales headcount,enterprise,Avery Brooks,avery.brooks@northwind.example,enterprise,0,0,,0,1,0,1,0,0,0,2026-06-22,google_calendar,,https://sumble.com/orgs/verkada,,,
1153,NetApp,netapp.com,NW0001153,allocated,79.44,custom,2145.0,Sales headcount,enterprise,Liam Novak,liam.novak@northwind.example,enterprise,0,0,,0,0,1,0,0,0,0,,,,https://sumble.com/orgs/netapp,,,
403074,Remote,remote.com,NW0403074,allocated,79.36,custom,361.0,Sales headcount,enterprise,Maya Cohen,maya.cohen@northwind.example,commercial,0,0,,1,1,0,1,0,0,0,2026-06-12,google_calendar,,https://sumble.com/orgs/remotepost,,,
9685,JumpCloud,jumpcloud.com,NW0009685,allocated,79.26,custom,167.0,Sales headcount,enterprise,Avery Brooks,avery.brooks@northwind.example,enterprise,0,0,,0,0,1,0,0,0,0,,,,https://sumble.com/orgs/jumpcloud,,,
6077,Contentful,contentful.com,NW0006077,allocated,79.23,custom,179.0,Sales headcount,enterprise,Chen Wei,chen.wei@northwind.example,enterprise,0,0,,0,1,0,3,0,0,0,2026-07-25,google_calendar,,https://sumble.com/orgs/contentful,,,
24203,Vistex,vistex.com,NW0024203,allocated,79.18,custom,84.0,Sales headcount,commercial,Sofia Romano,sofia.romano@northwind.example,enterprise,0,0,,1,0,1,0,0,0,0,,,,https://sumble.com/orgs/vistex,Aisha Bello,misfit,suggested
2621,SentinelOne,sentinelone.com,NW0002621,allocated,79.12,custom,569.0,Sales headcount,enterprise,Marcus Bell,marcus.bell@northwind.example,enterprise,0,0,,0,0,1,0,0,0,0,,,,https://sumble.com/orgs/sentinelone,,,
11744,Gong,gong.io,NW0011744,allocated,79.04,custom,541.0,Sales headcount,enterprise,Dev Ramesh,dev.ramesh@northwind.example,enterprise,0,0,,0,1,0,1,0,0,0,2026-07-16,google_calendar,,https://sumble.com/orgs/gong,,,
1323433,LogMeIn,logmeininc.com,NW1323433,unallocated,78.99,custom,123.0,Sales headcount,commercial,,,,1,0,,0,0,0,0,0,0,0,,,,https://sumble.com/orgs/logmein,Elena Petrova,assign_unallocated,suggested
284,Arm,arm.com,NW0000284,unallocated,78.98,custom,142.0,Sales headcount,commercial,,,,1,0,,0,0,0,0,0,0,0,,,,https://sumble.com/orgs/arm,Noah Schmidt,assign_unallocated,suggested
27564,Certinia,certinia.com,NW0027564,allocated,78.96,custom,131.0,Sales headcount,commercial,Noah Schmidt,noah.schmidt@northwind.example,commercial,0,0,,0,1,0,1,0,0,0,2026-07-10,google_calendar,,https://sumble.com/orgs/certinia,,,
3962,PowerSchool,powerschool.com,NW0003962,allocated,78.87,custom,233.0,Sales headcount,enterprise,Grace Okafor,grace.okafor@northwind.example,enterprise,0,0,,0,0,1,0,0,0,0,,,,https://sumble.com/orgs/powerschool,,,
324,Splunk,splunk.com,NW0000324,allocated,78.77,custom,2070.0,Sales headcount,enterprise,Marcus Bell,marcus.bell@northwind.example,enterprise,0,0,,0,1,0,1,0,0,0,2026-06-04,google_calendar,,https://sumble.com/orgs/splunk,,,
352,Workday,workday.com,NW0000352,allocated,78.74,custom,2375.0,Sales headcount,enterprise,Sofia Romano,sofia.romano@northwind.example,enterprise,0,0,,0,1,0,1,0,0,0,2026-07-02,google_calendar,,https://sumble.com/orgs/workday,,,
6583,Sophos,sophos.com,NW0006583,allocated,78.66,custom,937.0,Sales headcount,enterprise,Avery Brooks,avery.brooks@northwind.example,enterprise,0,0,,0,0,1,0,0,0,0,,,,https://sumble.com/orgs/sophos-technology,,,
18090,Abnormal AI,abnormalsecurity.com,NW0018090,unallocated,78.56,custom,415.0,Sales headcount,enterprise,,,,1,0,,0,0,0,0,0,0,0,,,,https://sumble.com/orgs/abnormal-security,Grace Okafor,assign_unallocated,suggested
12595,Harness,harness.io,NW0012595,allocated,78.5,custom,259.0,Sales headcount,enterprise,Liam Novak,liam.novak@northwind.example,enterprise,0,0,,0,1,0,2,0,0,0,2026-07-05,google_calendar,,https://sumble.com/orgs/harness,,,
8106,SOTI,soti.net,NW0008106,allocated,78.43,custom,303.0,Sales headcount,enterprise,Chen Wei,chen.wei@northwind.example,enterprise,0,0,,0,1,0,3,0,0,0,2026-07-09,google_calendar,,https://sumble.com/orgs/soti,,,
12024,Salesloft,salesloft.com,NW0012024,allocated,78.32,custom,144.0,Sales headcount,commercial,Noah Schmidt,noah.schmidt@northwind.example,commercial,0,0,,0,1,0,3,0,0,0,2026-06-23,google_calendar,,https://sumble.com/orgs/salesloft,,,
5925,Avaya,avaya.com,NW0005925,allocated,78.25,custom,733.0,Sales headcount,enterprise,Grace Okafor,grace.okafor@northwind.example,enterprise,0,0,,0,0,1,0,0,0,0,,,,https://sumble.com/orgs/avaya,,,
7369,Zuora,zuora.com,NW0007369,allocated,78.2,custom,135.0,Sales headcount,commercial,Sam Patel,sam.patel@northwind.example,commercial,0,0,,0,1,0,1,0,0,0,2026-06-23,google_calendar,,https://sumble.com/orgs/zuora,,,
7902,Egnyte,egnyte.com,NW0007902,allocated,78.19,custom,284.0,Sales headcount,enterprise,Fatima Khan,fatima.khan@northwind.example,enterprise,0,0,,0,0,1,0,0,0,0,,,,https://sumble.com/orgs/egnyte,,,
25845,G2,g2.com,NW0025845,allocated,78.13,custom,165.0,Sales headcount,enterprise,Fatima Khan,fatima.khan@northwind.example,enterprise,0,0,,0,1,0,3,0,0,0,2026-07-11,google_calendar,,https://sumble.com/orgs/g2-649bf7d7,,,
4520,Highspot,highspot.com,NW0004520,allocated,78.1,custom,94.0,Sales headcount,commercial,Elena Petrova,elena.petrova@northwind.example,commercial,0,0,,0,0,1,0,0,0,0,,,,https://sumble.com/orgs/highspot,,,
8446,OpenGov Inc.,opengov.com,NW0008446,allocated,78.0,custom,166.0,Sales headcount,enterprise,Fatima Khan,fatima.khan@northwind.example,enterprise,0,0,,0,0,1,0,0,0,0,,,,https://sumble.com/orgs/opengov,,,
1244,Unisys,unisys.com,NW0001244,allocated,77.96,custom,403.0,Sales headcount,enterprise,Sofia Romano,sofia.romano@northwind.example,enterprise,0,0,,0,1,0,2,0,0,0,2026-07-21,google_calendar,,https://sumble.com/orgs/unisys-9,,,
2640,Appian Corporation,appian.com,NW0002640,allocated,77.96,custom,447.0,Sales headcount,enterprise,Grace Okafor,grace.okafor@northwind.example,enterprise,0,0,,0,0,1,0,0,0,0,,,,https://sumble.com/orgs/appian,,,
3301481,Superhuman,superhuman.com,NW3301481,allocated,77.9,custom,160.0,Sales headcount,enterprise,Dev Ramesh,dev.ramesh@northwind.example,enterprise,0,0,,0,1,0,3,0,0,0,2026-07-30,google_calendar,,https://sumble.com/orgs/superhumanhq,,,
24081,Strategy,microstrategy.com,NW0024081,allocated,77.85,custom,119.0,Sales headcount,commercial,Elena Petrova,elena.petrova@northwind.example,commercial,0,0,,0,0,1,0,0,0,0,,,,https://sumble.com/orgs/microstrategy,,,
13966,BlueCat,bluecatnetworks.com,NW0013966,allocated,77.84,custom,110.0,Sales headcount,commercial,Alex Rivera,alex.rivera@northwind.example,commercial,0,0,,0,0,1,0,0,0,0,,,,https://sumble.com/orgs/bluecat,Noah Schmidt,rebalance,suggested
19241,Esker,esker.com,NW0019241,customer,77.75,custom,155.0,Sales headcount,enterprise,Dev Ramesh,dev.ramesh@northwind.example,enterprise,0,0,,0,1,0,3,0,0,0,2026-07-24,google_calendar,,https://sumble.com/orgs/esker,,,
34074,ThreatLocker,threatlocker.com,NW0034074,allocated,77.74,custom,280.0,Sales headcount,enterprise,Chen Wei,chen.wei@northwind.example,enterprise,0,0,,0,0,1,0,0,0,0,,,,https://sumble.com/orgs/threatlocker,,,
38248,Bitdefender,bitdefender.com,NW0038248,allocated,77.74,custom,221.0,Sales headcount,enterprise,Chen Wei,chen.wei@northwind.example,enterprise,0,0,,0,0,1,0,0,0,0,,,,https://sumble.com/orgs/bitdefender,,,
1317852,Kingdee,kingdee.com,NW1317852,allocated,77.71,custom,114.0,Sales headcount,commercial,Sam Patel,sam.patel@northwind.example,commercial,0,0,,0,0,1,0,0,0,0,,,,https://sumble.com/orgs/kingdee-international-software-group,,,
1371398,Syncfusion,syncfusion.com,NW1371398,allocated,77.71,custom,130.0,Sales headcount,commercial,Jordan Lee,jordan.lee@northwind.example,commercial,0,0,,0,1,0,3,0,0,0,2026-07-23,google_calendar,,https://sumble.com/orgs/syncfusion,,,
10483,Plaid,plaid.com,NW0010483,allocated,77.66,custom,206.0,Sales headcount,enterprise,Yuki Tanaka,yuki.tanaka@northwind.example,enterprise,0,0,,0,0,1,0,0,0,0,,,,https://sumble.com/orgs/plaid,,,
330446,Stripe,stripe.com,NW0330446,unallocated,77.61,custom,1005.0,Sales headcount,enterprise,,,,1,0,,0,0,0,0,0,0,0,,,,https://sumble.com/orgs/stripe,Marcus Bell,assign_unallocated,suggested
13150,Navan,navan.com,NW0013150,allocated,77.57,custom,715.0,Sales headcount,enterprise,Avery Brooks,avery.brooks@northwind.example,enterprise,0,0,,0,0,1,0,0,0,0,,,,https://sumble.com/orgs/navan-3,,,
553,CoStar Group,costargroup.com,NW0000553,allocated,77.51,custom,1457.0,Sales headcount,enterprise,Alex Rivera,alex.rivera@northwind.example,commercial,0,0,,1,1,0,3,0,0,0,2026-07-16,google_calendar,,https://sumble.com/orgs/costar-group,,,
693,Sopra Steria,soprasteria.com,NW0000693,unallocated,77.49,custom,693.0,Sales headcount,enterprise,,,,1,0,,0,0,0,0,0,0,0,,,,https://sumble.com/orgs/sopra-steria,Yuki Tanaka,assign_unallocated,suggested
9995,Zeta Global,zetaglobal.com,NW0009995,customer,77.45,custom,223.0,Sales headcount,enterprise,Marcus Bell,marcus.bell@northwind.example,enterprise,0,0,,0,0,1,0,0,0,0,,,,https://sumble.com/orgs/zeta-global,,,
53385,bswift,bswift.com,NW0053385,allocated,77.38,custom,117.0,Sales headcount,commercial,Diego Castro,diego.castro@northwind.example,commercial,0,0,,0,0,1,0,0,0,0,,,,https://sumble.com/orgs/bswift,,,
6882,OutSystems,outsystems.com,NW0006882,allocated,77.31,custom,234.0,Sales headcount,enterprise,Alex Rivera,alex.rivera@northwind.example,commercial,0,0,,1,1,0,3,0,0,0,2026-07-19,google_calendar,,https://sumble.com/orgs/outsystems,,,
2944,Eightfold AI,eightfold.ai,NW0002944,unallocated,77.2,custom,80.0,Sales headcount,commercial,,,,1,0,,0,0,0,0,0,0,0,,,,https://sumble.com/orgs/eightfold,Ravi Menon,assign_unallocated,suggested
9422,Yext,yext.com,NW0009422,allocated,77.02,custom,113.0,Sales headcount,commercial,Sam Patel,sam.patel@northwind.example,commercial,0,0,,0,1,0,2,0,0,0,2026-07-29,google_calendar,,https://sumble.com/orgs/yext,,,
4754,ECI Software Solutions,ecisolutions.com,NW0004754,allocated,77.01,custom,220.0,Sales headcount,enterprise,Noah Schmidt,noah.schmidt@northwind.example,commercial,0,0,,1,0,1,0,0,0,0,,,,https://sumble.com/orgs/eci-software-solutions,Grace Okafor,misfit,suggested
233834,Zycus,zycus.com,NW0233834,allocated,76.85,custom,78.0,Sales headcount,commercial,Alex Rivera,alex.rivera@northwind.example,commercial,0,0,,0,1,0,3,0,0,0,2026-07-20,google_calendar,,https://sumble.com/orgs/zycus-infotech,,,
11419,LaunchDarkly,launchdarkly.com,NW0011419,allocated,76.8,custom,163.0,Sales headcount,enterprise,Grace Okafor,grace.okafor@northwind.example,enterprise,0,0,,0,0,1,0,0,0,0,,,,https://sumble.com/orgs/launchdarkly,,,
38915,ezCater,ezcater.com,NW0038915,unallocated,76.79,custom,99.0,Sales headcount,commercial,,,,1,0,,0,0,0,0,0,0,0,,,,https://sumble.com/orgs/ezcater,Aisha Bello,assign_unallocated,suggested
16679,Onit,onit.com,NW0016679,customer,76.75,custom,141.0,Sales headcount,commercial,Jordan Lee,jordan.lee@northwind.example,commercial,0,0,,0,1,0,2,0,0,0,2026-07-29,google_calendar,,https://sumble.com/orgs/onit,,,
13357,Automation Anywhere,automationanywhere.com,NW0013357,allocated,76.74,custom,264.0,Sales headcount,enterprise,Grace Okafor,grace.okafor@northwind.example,enterprise,0,0,,0,0,1,0,0,0,0,,,,https://sumble.com/orgs/automation-anywhere,,,
14608,MasterControl,mastercontrol.com,NW0014608,allocated,76.73,custom,105.0,Sales headcount,commercial,Priya Nair,priya.nair@northwind.example,commercial,0,0,,0,0,1,0,0,0,0,,,,https://sumble.com/orgs/mastercontrol,,,
393663,Postman,postman.com,NW0393663,allocated,76.73,custom,224.0,Sales headcount,enterprise,Chen Wei,chen.wei@northwind.example,enterprise,0,0,,0,0,1,0,0,0,0,,,,https://sumble.com/orgs/postman,,,
892,Docusign,docusign.com,NW0000892,allocated,76.7,custom,1699.0,Sales headcount,enterprise,Chen Wei,chen.wei@northwind.example,enterprise,0,0,,0,1,0,1,0,0,0,2026-07-06,google_calendar,,https://sumble.com/orgs/docusign,,,
20792,Filevine,filevine.com,NW0020792,allocated,76.65,custom,234.0,Sales headcount,enterprise,Grace Okafor,grace.okafor@northwind.example,enterprise,0,0,,0,0,1,0,0,0,0,,,,https://sumble.com/orgs/filevine,,,
436,Autodesk,autodesk.com,NW0000436,allocated,76.6,custom,1858.0,Sales headcount,enterprise,Rosa Alvarez,rosa.alvarez@northwind.example,enterprise,0,0,,0,0,1,0,0,0,0,,,,https://sumble.com/orgs/autodesk,,,
799,Esri,esri.com,NW0000799,allocated,76.51,custom,1273.0,Sales headcount,enterprise,Yuki Tanaka,yuki.tanaka@northwind.example,enterprise,0,0,,0,1,0,3,0,0,0,2026-07-15,google_calendar,,https://sumble.com/orgs/esri,,,
36665,Collibra,collibra.com,NW0036665,allocated,76.5,custom,145.0,Sales headcount,commercial,Aisha Bello,aisha.bello@northwind.example,commercial,0,0,,0,1,0,1,0,0,0,2026-07-08,google_calendar,,https://sumble.com/orgs/collibra,,,
8056,Skillsoft,skillsoft.com,NW0008056,allocated,76.5,custom,388.0,Sales headcount,enterprise,Sofia Romano,sofia.romano@northwind.example,enterprise,0,0,,0,1,0,2,0,0,0,2026-07-07,google_calendar,,https://sumble.com/orgs/skillsoft,,,
1693708,Orchestra,orchestraco.com,NW1693708,allocated,76.46,custom,145.0,Sales headcount,commercial,Noah Schmidt,noah.schmidt@northwind.example,commercial,0,0,,0,1,0,2,0,0,0,2026-07-25,google_calendar,,https://sumble.com/orgs/orchestraco,,,
3944,Algolia,algolia.com,NW0003944,allocated,76.46,custom,127.0,Sales headcount,commercial,Aisha Bello,aisha.bello@northwind.example,commercial,0,0,,0,1,0,3,0,0,0,2026-07-10,google_calendar,,https://sumble.com/orgs/algolia,,,
6376,Illumio,illumio.com,NW0006376,unallocated,76.43,custom,194.0,Sales headcount,enterprise,,,,1,0,,0,0,0,0,0,0,0,,,,https://sumble.com/orgs/illumio,Rosa Alvarez,assign_unallocated,suggested
510917,S&P Global Engineering Solutions,accuristech.com,NW0510917,allocated,76.4,custom,149.0,Sales headcount,commercial,Alex Rivera,alex.rivera@northwind.example,commercial,0,0,,0,1,0,3,0,0,0,2026-07-26,google_calendar,,https://sumble.com/orgs/spg-engineering,,,
7196,Sentry,sentry.com,NW0007196,customer,76.31,custom,232.0,Sales headcount,enterprise,Dev Ramesh,dev.ramesh@northwind.example,enterprise,0,0,,0,1,0,2,0,0,0,2026-07-10,google_calendar,,https://sumble.com/orgs/sentry,,,
417944,Own Company,owndata.com,NW0417944,allocated,76.26,custom,98.0,Sales headcount,commercial,Alex Rivera,alex.rivera@northwind.example,commercial,0,0,,0,0,1,0,0,0,0,,,,https://sumble.com/orgs/own,,,
6210,Miro,miro.com,NW0006210,allocated,76.26,custom,319.0,Sales headcount,enterprise,Chen Wei,chen.wei@northwind.example,enterprise,0,0,,0,0,1,0,0,0,0,,,,https://sumble.com/orgs/miro,,,
8802,Quantcast,quantcast.com,NW0008802,allocated,76.24,custom,123.0,Sales headcount,commercial,Noah Schmidt,noah.schmidt@northwind.example,commercial,0,0,,0,1,0,1,0,0,0,2026-06-21,google_calendar,,https://sumble.com/orgs/quantcast,,,
10389,ThoughtSpot,thoughtspot.com,NW0010389,allocated,76.23,custom,139.0,Sales headcount,commercial,Alex Rivera,alex.rivera@northwind.example,commercial,0,0,,0,1,0,3,0,0,0,2026-07-20,google_calendar,,https://sumble.com/orgs/thoughtspot,,,
1026,Unity,unity.com,NW0001026,allocated,76.22,custom,233.0,Sales headcount,enterprise,Yuki Tanaka,yuki.tanaka@northwind.example,enterprise,0,0,,0,0,1,0,0,0,0,,,,https://sumble.com/orgs/unity-technologies,,,
3162,Deel,deel.com,NW0003162,allocated,76.21,custom,1083.0,Sales headcount,enterprise,Avery Brooks,avery.brooks@northwind.example,enterprise,0,0,,0,0,1,0,0,0,0,,,,https://sumble.com/orgs/deel,,,
34604,Syniti,syniti.com,NW0034604,allocated,76.2,custom,65.0,Sales headcount,commercial,Ravi Menon,ravi.menon@northwind.example,commercial,0,0,,0,1,0,1,0,0,0,2026-07-18,google_calendar,,https://sumble.com/orgs/backoffice-associates,,,
29009,Pendo.io,pendo.io,NW0029009,allocated,76.19,custom,225.0,Sales headcount,enterprise,Liam Novak,liam.novak@northwind.example,enterprise,0,0,,0,0,1,0,0,0,0,,,,https://sumble.com/orgs/pendo,,,
43754,Sigma,sigmacomputing.com,NW0043754,allocated,76.17,custom,299.0,Sales headcount,enterprise,Marcus Bell,marcus.bell@northwind.example,enterprise,0,0,,0,0,1,0,0,0,0,,,,https://sumble.com/orgs/sigma-computing,,,
1476880,Shopify,shopify.com,NW1476880,allocated,76.12,custom,1230.0,Sales headcount,enterprise,Yuki Tanaka,yuki.tanaka@northwind.example,enterprise,0,0,,0,1,0,2,0,0,0,2026-07-26,google_calendar,,https://sumble.com/orgs/shopify-incc,,,
80833,Luminance,luminance.com,NW0080833,allocated,76.11,custom,127.0,Sales headcount,commercial,Priya Nair,priya.nair@northwind.example,commercial,0,0,,0,0,1,0,0,0,0,,,,https://sumble.com/orgs/luminance-ai,,,
23438,ON24,on24.com,NW0023438,allocated,76.09,custom,98.0,Sales headcount,commercial,Marcus Bell,marcus.bell@northwind.example,enterprise,0,0,,1,1,0,3,0,0,0,2026-07-14,google_calendar,,https://sumble.com/orgs/on24,,,
8172,Bazaarvoice,bazaarvoice.com,NW0008172,allocated,76.05,custom,251.0,Sales headcount,enterprise,Dev Ramesh,dev.ramesh@northwind.example,enterprise,0,0,,0,1,0,2,0,0,0,2026-07-22,google_calendar,,https://sumble.com/orgs/bazaarvoice,,,
2333,Airwallex,airwallex.com,NW0002333,allocated,75.94,custom,422.0,Sales headcount,enterprise,Liam Novak,liam.novak@northwind.example,enterprise,0,0,,0,0,1,0,0,0,0,,,,https://sumble.com/orgs/airwallex,,,
5851,JetBrains,jetbrains.com,NW0005851,allocated,75.92,custom,66.0,Sales headcount,commercial,Aisha Bello,aisha.bello@northwind.example,commercial,0,0,,0,1,0,1,0,0,0,2026-06-15,google_calendar,,https://sumble.com/orgs/jetbrains,,,
508484,Huntress,huntress.com,NW0508484,allocated,75.89,custom,230.0,Sales headcount,enterprise,Avery Brooks,avery.brooks@northwind.example,enterprise,0,0,,0,0,1,0,0,0,0,,,,https://sumble.com/orgs/huntress-labs,,,
8473,Airtable,airtable.com,NW0008473,allocated,75.89,custom,183.0,Sales headcount,enterprise,Priya Nair,priya.nair@northwind.example,commercial,0,0,,1,1,0,3,0,0,0,2026-07-16,google_calendar,,https://sumble.com/orgs/airtable,,,
3671,Adyen,adyen.com,NW0003671,allocated,75.8,custom,911.0,Sales headcount,enterprise,Sofia Romano,sofia.romano@northwind.example,enterprise,0,0,,0,0,1,0,0,0,0,,,,https://sumble.com/orgs/adyen,,,
4914,Donnelley Financial Solutions (DFIN),dfinsolutions.com,NW0004914,allocated,75.79,custom,183.0,Sales headcount,enterprise,Chen Wei,chen.wei@northwind.example,enterprise,0,0,,0,0,1,0,0,0,0,,,,https://sumble.com/orgs/donnelley-financial-solutions,,,
36069,Hexaware Technologies,hexaware.com,NW0036069,allocated,75.78,custom,207.0,Sales headcount,enterprise,Liam Novak,liam.novak@northwind.example,enterprise,0,0,,0,0,1,0,0,0,0,,,,https://sumble.com/orgs/hexaware-technologies,,,
21511,Malwarebytes,malwarebytes.com,NW0021511,allocated,75.73,custom,68.0,Sales headcount,commercial,Jordan Lee,jordan.lee@northwind.example,commercial,0,0,,0,1,0,2,0,0,0,2026-07-16,google_calendar,,https://sumble.com/orgs/malwarebytes,,,
25082,Nintex,nintex.com,NW0025082,allocated,75.71,custom,169.0,Sales headcount,enterprise,Yuki Tanaka,yuki.tanaka@northwind.example,enterprise,0,0,,0,1,0,3,0,0,0,2026-07-27,google_calendar,,https://sumble.com/orgs/nintex,,,
539,Veeva Systems,veeva.com,NW0000539,allocated,75.71,custom,287.0,Sales headcount,enterprise,Dev Ramesh,dev.ramesh@northwind.example,enterprise,0,0,,0,1,0,2,0,0,0,2026-07-29,google_calendar,,https://sumble.com/orgs/veeva-systems,,,
476029,Nemetschek Group,nemetschek.com,NW0476029,allocated,75.65,custom,403.0,Sales headcount,enterprise,Dev Ramesh,dev.ramesh@northwind.example,enterprise,0,0,,0,1,0,1,0,0,0,2026-07-26,google_calendar,,https://sumble.com/orgs/nemetschek-group,,,
12093,Cribl,cribl.io,NW0012093,allocated,75.64,custom,330.0,Sales headcount,enterprise,Chen Wei,chen.wei@northwind.example,enterprise,0,0,,0,0,1,0,0,0,0,,,,https://sumble.com/orgs/cribl,,,
74415,Payhawk,payhawk.com,NW0074415,allocated,75.61,custom,98.0,Sales headcount,commercial,Alex Rivera,alex.rivera@northwind.example,commercial,0,0,,0,1,0,1,0,0,0,2026-07-26,google_calendar,,https://sumble.com/orgs/payhawk,,,
4367,Five9,five9.com,NW0004367,allocated,75.6,custom,337.0,Sales headcount,enterprise,Dev Ramesh,dev.ramesh@northwind.example,enterprise,0,0,,0,1,0,3,0,0,0,2026-07-17,google_calendar,,https://sumble.com/orgs/five9,,,
21603,Redgate Software,red-gate.com,NW0021603,customer,75.51,custom,112.0,Sales headcount,commercial,Alex Rivera,alex.rivera@northwind.example,commercial,0,0,,0,1,0,1,0,0,0,2026-07-19,google_calendar,,https://sumble.com/orgs/redgate-software,,,
16150,Lucid Software,lucid.co,NW0016150,allocated,75.5,custom,296.0,Sales headcount,enterprise,Dev Ramesh,dev.ramesh@northwind.example,enterprise,0,0,,0,1,0,2,0,0,0,2026-07-26,google_calendar,,https://sumble.com/orgs/lucid-software,,,
702,Kyndryl,kyndryl.com,NW0000702,allocated,75.5,custom,1240.0,Sales headcount,enterprise,Sofia Romano,sofia.romano@northwind.example,enterprise,0,0,,0,1,0,1,0,0,0,2026-07-20,google_calendar,,https://sumble.com/orgs/kyndryl,,,
10532,GitLab,gitlab.com,NW0010532,allocated,75.49,custom,399.0,Sales headcount,enterprise,Yuki Tanaka,yuki.tanaka@northwind.example,enterprise,0,0,,0,1,0,1,0,0,0,2026-06-02,google_calendar,,https://sumble.com/orgs/gitlab,,,
17510,SOCi.ai,soci.ai,NW0017510,allocated,75.45,custom,78.0,Sales headcount,commercial,Elena Petrova,elena.petrova@northwind.example,commercial,0,0,,0,0,1,0,0,0,0,,,,https://sumble.com/orgs/soci,,,
2703,Amdocs,amdocs.com,NW0002703,allocated,75.35,custom,525.0,Sales headcount,enterprise,Rosa Alvarez,rosa.alvarez@northwind.example,enterprise,0,0,,0,0,1,0,0,0,0,,,,https://sumble.com/orgs/amdocs,,,
14769,Fireblocks,fireblocks.com,NW0014769,allocated,75.26,custom,155.0,Sales headcount,enterprise,Dev Ramesh,dev.ramesh@northwind.example,enterprise,0,0,,0,1,0,2,0,0,0,2026-07-28,google_calendar,,https://sumble.com/orgs/fireblocks,,,
6239,Seismic,seismic.com,NW0006239,allocated,75.24,custom,196.0,Sales headcount,enterprise,Chen Wei,chen.wei@northwind.example,enterprise,0,0,,0,0,1,0,0,0,0,,,,https://sumble.com/orgs/seismic,,,
6149,Exabeam,exabeam.com,NW0006149,unallocated,75.22,custom,142.0,Sales headcount,commercial,,,,1,0,,0,0,0,0,0,0,0,,,,https://sumble.com/orgs/exabeam,Elena Petrova,assign_unallocated,suggested
191164,Sybrid Private Limited - A Lakson Group Company,sybrid.com,NW0191164,allocated,75.2,custom,92.0,Sales headcount,commercial,Alex Rivera,alex.rivera@northwind.example,commercial,0,0,,0,1,0,3,0,0,0,2026-07-21,google_calendar,,https://sumble.com/orgs/sybrid,,,
20064,Salsify,salsify.com,NW0020064,allocated,75.15,custom,60.0,Sales headcount,commercial,Maya Cohen,maya.cohen@northwind.example,commercial,0,0,,0,1,0,1,0,0,0,2026-07-06,google_calendar,,https://sumble.com/orgs/salsify,,,
4842,Conga,conga.com,NW0004842,customer,75.15,custom,186.0,Sales headcount,enterprise,Avery Brooks,avery.brooks@northwind.example,enterprise,0,0,,0,1,0,1,0,0,0,2026-07-09,google_calendar,,https://sumble.com/orgs/conga,,,
501392,Culture Amp,cultureamp.com,NW0501392,allocated,75.15,custom,140.0,Sales headcount,commercial,Aisha Bello,aisha.bello@northwind.example,commercial,0,0,,0,0,1,0,0,0,0,,,,https://sumble.com/orgs/cultureamp,,,
2398565,Smart Communications.,smartcommunications.com,NW2398565,unallocated,75.05,custom,65.0,Sales headcount,commercial,,,,1,0,,0,0,0,0,0,0,0,,,,https://sumble.com/orgs/smart-communications-linkedin-social-campaign,Noah Schmidt,assign_unallocated,suggested
5084,EDB,enterprisedb.com,NW0005084,allocated,75.0,custom,196.0,Sales headcount,enterprise,Alex Rivera,alex.rivera@northwind.example,commercial,0,0,,1,1,0,3,0,0,0,2026-07-21,google_calendar,,https://sumble.com/orgs/edb,,,
4147,Kainos,kainos.com,NW0004147,allocated,74.97,custom,91.0,Sales headcount,commercial,Maya Cohen,maya.cohen@northwind.example,commercial,0,0,,0,0,1,0,0,0,0,,,,https://sumble.com/orgs/kainos,,,
14297,RELEX Solutions,relexsolutions.com,NW0014297,allocated,74.87,custom,257.0,Sales headcount,enterprise,Alex Rivera,alex.rivera@northwind.example,commercial,0,0,,1,1,0,1,0,0,0,2026-07-17,google_calendar,,https://sumble.com/orgs/relex-solutions,,,
1062995,Growth Era,growthera.com,NW1062995,customer,74.73,custom,107.0,Sales headcount,commercial,Jordan Lee,jordan.lee@northwind.example,commercial,0,0,,0,1,0,2,0,0,0,2026-06-10,google_calendar,,https://sumble.com/orgs/growtheracom,,,
502513,Cority,cority.com,NW0502513,customer,74.72,custom,121.0,Sales headcount,commercial,Sam Patel,sam.patel@northwind.example,commercial,0,0,,0,1,0,3,0,0,0,2026-07-25,google_calendar,,https://sumble.com/orgs/cority,,,
5922,Everlaw,everlaw.com,NW0005922,allocated,74.68,custom,65.0,Sales headcount,commercial,Elena Petrova,elena.petrova@northwind.example,commercial,0,0,,0,1,0,2,0,0,0,2026-07-09,google_calendar,,https://sumble.com/orgs/everlaw,,,
25027,LEAP Legal Software Global,leaplegalsoftware.com,NW0025027,allocated,74.66,custom,50.0,Sales headcount,commercial,Jordan Lee,jordan.lee@northwind.example,commercial,0,0,,0,1,0,2,0,0,0,2026-07-11,google_calendar,,https://sumble.com/orgs/leap-legal-software,,,
4712,Vertex Inc.,vertexinc.com,NW0004712,allocated,74.66,custom,188.0,Sales headcount,enterprise,Fatima Khan,fatima.khan@northwind.example,enterprise,0,0,,0,1,0,1,0,0,0,2026-06-01,google_calendar,,https://sumble.com/orgs/vertex-pennsylvania,,,
11646,Sitecore,sitecore.com,NW0011646,unallocated,74.62,custom,237.0,Sales headcount,enterprise,,,,1,0,,0,0,0,0,0,0,0,,,,https://sumble.com/orgs/sitecore,Liam Novak,assign_unallocated,suggested
92595,Copado,copado.com,NW0092595,unallocated,74.6,custom,105.0,Sales headcount,commercial,,,,1,0,,0,0,0,0,0,0,0,,,,https://sumble.com/orgs/copado,Ravi Menon,assign_unallocated,suggested
45470,Automattic,automattic.com,NW0045470,allocated,74.56,custom,56.0,Sales headcount,commercial,Alex Rivera,alex.rivera@northwind.example,commercial,0,0,,0,1,0,3,0,0,0,2026-07-24,google_calendar,,https://sumble.com/orgs/automattic,,,
6716,Planview,planview.com,NW0006716,allocated,74.54,custom,185.0,Sales headcount,enterprise,Dev Ramesh,dev.ramesh@northwind.example,enterprise,0,0,,0,1,0,2,0,0,0,2026-07-19,google_calendar,,https://sumble.com/orgs/planview,,,
78389,BlueAlly,blueally.com,NW0078389,unallocated,74.52,custom,83.0,Sales headcount,commercial,,,,1,0,,0,0,0,0,0,0,0,,,,https://sumble.com/orgs/blueally-technology-solutions,Aisha Bello,assign_unallocated,suggested
54851,Veriff,veriff.com,NW0054851,allocated,74.51,custom,62.0,Sales headcount,commercial,Alex Rivera,alex.rivera@northwind.example,commercial,0,0,,0,1,0,1,0,0,0,2026-07-18,google_calendar,,https://sumble.com/orgs/veriff,,,
53875,Camunda,camunda.com,NW0053875,allocated,74.48,custom,131.0,Sales headcount,commercial,Alex Rivera,alex.rivera@northwind.example,commercial,0,0,,0,1,0,3,0,0,0,2026-07-24,google_calendar,,https://sumble.com/orgs/camunda,,,
5672,Tenable,tenable.com,NW0005672,allocated,74.48,custom,365.0,Sales headcount,enterprise,Avery Brooks,avery.brooks@northwind.example,enterprise,0,0,,0,1,0,3,0,0,0,2026-07-22,google_calendar,,https://sumble.com/orgs/tenable,,,
15617,Brex,brex.com,NW0015617,allocated,74.45,custom,297.0,Sales headcount,enterprise,Sofia Romano,sofia.romano@northwind.example,enterprise,0,0,,0,1,0,1,0,0,0,2026-07-27,google_calendar,,https://sumble.com/orgs/brex-5,,,
125003,Creatio,creatio.com,NW0125003,allocated,74.43,custom,198.0,Sales headcount,enterprise,Marcus Bell,marcus.bell@northwind.example,enterprise,0,0,,0,0,1,0,0,0,0,,,,https://sumble.com/orgs/creatio,,,
10643,FloQast,floqast.com,NW0010643,allocated,74.4,custom,220.0,Sales headcount,enterprise,Chen Wei,chen.wei@northwind.example,enterprise,0,0,,0,0,1,0,0,0,0,,,,https://sumble.com/orgs/floqast,,,
692,SS&C Technologies,ssctech.com,NW0000692,allocated,74.38,custom,1077.0,Sales headcount,enterprise,Chen Wei,chen.wei@northwind.example,enterprise,0,0,,0,1,0,3,0,0,0,2026-07-27,google_calendar,,https://sumble.com/orgs/ss&c,,,
905,Amadeus,amadeus.com,NW0000905,customer,74.37,custom,957.0,Sales headcount,enterprise,Dev Ramesh,dev.ramesh@northwind.example,enterprise,0,0,,0,1,0,1,0,0,0,2026-06-05,google_calendar,,https://sumble.com/orgs/amadeus-038955bc,,,
54755,Versa Networks,versa-networks.com,NW0054755,allocated,74.29,custom,107.0,Sales headcount,commercial,Alex Rivera,alex.rivera@northwind.example,commercial,0,0,,0,1,0,3,0,0,0,2026-07-09,google_calendar,,https://sumble.com/orgs/versa-networks,,,
1180743,Employment Hero,employmenthero.com,NW1180743,allocated,74.28,custom,237.0,Sales headcount,enterprise,Avery Brooks,avery.brooks@northwind.example,enterprise,0,0,,0,0,1,0,0,0,0,,,,https://sumble.com/orgs/employment-hero,,,
14859,Quickbase,quickbase.com,NW0014859,allocated,74.26,custom,158.0,Sales headcount,enterprise,Dev Ramesh,dev.ramesh@northwind.example,enterprise,0,0,,0,1,0,3,0,0,0,2026-07-22,google_calendar,,https://sumble.com/orgs/quickbase,,,
1416,Datadog,datadoghq.com,NW0001416,allocated,74.2,custom,2346.0,Sales headcount,enterprise,Avery Brooks,avery.brooks@northwind.example,enterprise,0,0,,0,1,0,3,0,0,0,2026-07-27,google_calendar,,https://sumble.com/orgs/datadog,,,
14790,Armis,armis.com,NW0014790,allocated,74.19,custom,289.0,Sales headcount,enterprise,Grace Okafor,grace.okafor@northwind.example,enterprise,0,0,,0,0,1,0,0,0,0,,,,https://sumble.com/orgs/armis,,,
27749,Smarsh,smarsh.com,NW0027749,allocated,74.17,custom,125.0,Sales headcount,commercial,Maya Cohen,maya.cohen@northwind.example,commercial,0,0,,0,1,0,2,0,0,0,2026-07-15,google_calendar,,https://sumble.com/orgs/smarsh,,,
118157,Hightouch,hightouch.com,NW0118157,allocated,74.14,custom,134.0,Sales headcount,commercial,Alex Rivera,alex.rivera@northwind.example,commercial,0,0,,0,1,0,3,0,0,0,2026-07-11,google_calendar,,https://sumble.com/orgs/hightouch,,,
828,Qualcomm,qualcomm.com,NW0000828,allocated,74.14,custom,402.0,Sales headcount,enterprise,Fatima Khan,fatima.khan@northwind.example,enterprise,0,0,,0,0,1,0,0,0,0,,,,https://sumble.com/orgs/qualcomm,,,
48414,Bloomreach,bloomreach.com,NW0048414,allocated,74.13,custom,147.0,Sales headcount,commercial,Alex Rivera,alex.rivera@northwind.example,commercial,0,0,,0,1,0,1,0,0,0,2026-07-21,google_calendar,,https://sumble.com/orgs/bloomreach,,,
3885,"AvidXchange, Inc.",avidxchange.com,NW0003885,allocated,74.06,custom,200.0,Sales headcount,enterprise,Rosa Alvarez,rosa.alvarez@northwind.example,enterprise,0,0,,0,1,0,3,0,0,0,2026-07-20,google_calendar,,https://sumble.com/orgs/avidxchange,,,
4721,Clearwater Analytics,clearwateranalytics.com,NW0004721,allocated,74.04,custom,171.0,Sales headcount,enterprise,Yuki Tanaka,yuki.tanaka@northwind.example,enterprise,0,0,,0,1,0,3,0,0,0,2026-07-23,google_calendar,,https://sumble.com/orgs/clearwater-analytics,,,
10487,D2L,d2l.com,NW0010487,allocated,74.02,custom,145.0,Sales headcount,commercial,Ravi Menon,ravi.menon@northwind.example,commercial,0,0,,0,0,1,0,0,0,0,,,,https://sumble.com/orgs/d2l,,,
3864,TTEC,ttec.com,NW0003864,allocated,73.99,custom,1518.0,Sales headcount,enterprise,Sofia Romano,sofia.romano@northwind.example,enterprise,0,0,,0,0,1,0,0,0,0,,,,https://sumble.com/orgs/ttec,,,
7933,Commvault,commvault.com,NW0007933,allocated,73.93,custom,807.0,Sales headcount,enterprise,Avery Brooks,avery.brooks@northwind.example,enterprise,0,0,,0,0,1,0,0,0,0,,,,https://sumble.com/orgs/commvault,,,
88937,KIO Networks,kio.tech,NW0088937,allocated,73.92,custom,123.0,Sales headcount,commercial,Sam Patel,sam.patel@northwind.example,commercial,0,0,,0,1,0,2,0,0,0,2026-07-18,google_calendar,,https://sumble.com/orgs/kio-networks,,,
330445,Gusto,gusto.com,NW0330445,allocated,73.82,custom,390.0,Sales headcount,enterprise,Yuki Tanaka,yuki.tanaka@northwind.example,enterprise,0,0,,0,0,1,0,0,0,0,,,,https://sumble.com/orgs/gusto,,,
10846,AvePoint,avepoint.com,NW0010846,allocated,73.79,custom,391.0,Sales headcount,enterprise,Rosa Alvarez,rosa.alvarez@northwind.example,enterprise,0,0,,0,0,1,0,0,0,0,,,,https://sumble.com/orgs/avepoint,,,
7894,Verifone,verifone.com,NW0007894,allocated,73.75,custom,276.0,Sales headcount,enterprise,Marcus Bell,marcus.bell@northwind.example,enterprise,0,0,,0,0,1,0,0,0,0,,,,https://sumble.com/orgs/verifone,,,
12677,Tide,tide.co,NW0012677,allocated,73.74,custom,76.0,Sales headcount,commercial,Noah Schmidt,noah.schmidt@northwind.example,commercial,0,0,,0,0,1,0,0,0,0,,,,https://sumble.com/orgs/tide-2,,,
6604,AppLovin,applovin.com,NW0006604,unallocated,73.73,custom,71.0,Sales headcount,commercial,,,,1,0,,0,0,0,0,0,0,0,,,,https://sumble.com/orgs/applovin,Elena Petrova,assign_unallocated,suggested
90053,Netwrix Corporation,netwrix.com,NW0090053,allocated,73.7,custom,187.0,Sales headcount,enterprise,Dev Ramesh,dev.ramesh@northwind.example,enterprise,0,0,,0,1,0,3,0,0,0,2026-07-13,google_calendar,,https://sumble.com/orgs/netwrix,,,
2916,SAS,sas.com,NW0002916,allocated,73.69,custom,1422.0,Sales headcount,enterprise,Sofia Romano,sofia.romano@northwind.example,enterprise,0,0,,0,1,0,2,0,0,0,2026-07-15,google_calendar,,https://sumble.com/orgs/sas-1c3778c0,,,
19063,AlertMedia,alertmedia.com,NW0019063,allocated,73.67,custom,121.0,Sales headcount,commercial,Elena Petrova,elena.petrova@northwind.example,commercial,0,0,,0,1,0,3,0,0,0,2026-07-26,google_calendar,,https://sumble.com/orgs/alertmedia,,,
2610,Zelis,zelis.com,NW0002610,allocated,73.67,custom,153.0,Sales headcount,enterprise,Jordan Lee,jordan.lee@northwind.example,commercial,0,0,,1,1,0,3,0,0,0,2026-07-20,google_calendar,,https://sumble.com/orgs/zelis-healthcare,,,
26446,Qumulo,qumulo.com,NW0026446,allocated,73.67,custom,63.0,Sales headcount,commercial,Maya Cohen,maya.cohen@northwind.example,commercial,0,0,,0,1,0,1,0,0,0,2026-07-15,google_calendar,,https://sumble.com/orgs/qumulo-careers,,,
12146,Emburse,emburse.com,NW0012146,allocated,73.62,custom,187.0,Sales headcount,enterprise,Sofia Romano,sofia.romano@northwind.example,enterprise,0,0,,0,1,0,1,0,0,0,2026-07-23,google_calendar,,https://sumble.com/orgs/emburse,,,
4109,SPS Commerce,spscommerce.com,NW0004109,allocated,73.58,custom,458.0,Sales headcount,enterprise,Rosa Alvarez,rosa.alvarez@northwind.example,enterprise,0,0,,0,0,1,0,0,0,0,,,,https://sumble.com/orgs/sps-commerce,,,
12510,Treasure AI,treasuredata.com,NW0012510,allocated,73.52,custom,60.0,Sales headcount,commercial,Maya Cohen,maya.cohen@northwind.example,commercial,0,0,,0,1,0,3,0,0,0,2026-07-22,google_calendar,,https://sumble.com/orgs/treasure-data,,,
1851,Toast,pos.toasttab.com,NW0001851,allocated,73.38,custom,1411.0,Sales headcount,enterprise,Dev Ramesh,dev.ramesh@northwind.example,enterprise,0,0,,0,1,0,3,0,0,0,2026-07-13,google_calendar,,"https://sumble.com/orgs/toast,-inc",,,
2881,Sabre,sabre.com,NW0002881,customer,73.31,custom,506.0,Sales headcount,enterprise,Chen Wei,chen.wei@northwind.example,enterprise,0,0,,0,0,1,0,0,0,0,,,,https://sumble.com/orgs/sabre,,,
19362,Socure,socure.com,NW0019362,allocated,73.27,custom,57.0,Sales headcount,commercial,Alex Rivera,alex.rivera@northwind.example,commercial,0,0,,0,1,0,2,0,0,0,2026-07-06,google_calendar,,https://sumble.com/orgs/socure,,,
3113,Justworks,justworks.com,NW0003113,allocated,73.27,custom,242.0,Sales headcount,enterprise,Rosa Alvarez,rosa.alvarez@northwind.example,enterprise,0,0,,0,0,1,0,0,0,0,,,,https://sumble.com/orgs/justworks,,,
3229,Figma,figma.com,NW0003229,allocated,73.25,custom,386.0,Sales headcount,enterprise,Chen Wei,chen.wei@northwind.example,enterprise,0,0,,0,0,1,0,0,0,0,,,,https://sumble.com/orgs/figma,,,
67348,OSF Digital,osf.digital,NW0067348,allocated,73.23,custom,67.0,Sales headcount,commercial,Maya Cohen,maya.cohen@northwind.example,commercial,0,0,,0,1,0,2,0,0,0,2026-07-16,google_calendar,,https://sumble.com/orgs/osf-commerce,,,
7152,Coveo,coveo.com,NW0007152,allocated,73.14,custom,95.0,Sales headcount,commercial,Alex Rivera,alex.rivera@northwind.example,commercial,0,0,,0,1,0,3,0,0,0,2026-07-22,google_calendar,,https://sumble.com/orgs/coveo,,,
7435,Saviynt,saviynt.com,NW0007435,allocated,73.13,custom,223.0,Sales headcount,enterprise,Grace Okafor,grace.okafor@northwind.example,enterprise,0,0,,0,0,1,0,0,0,0,,,,https://sumble.com/orgs/saviynt,,,
15608,Haufe Group,haufegroup.com,NW0015608,allocated,73.12,custom,89.0,Sales headcount,commercial,Jordan Lee,jordan.lee@northwind.example,commercial,0,0,,0,0,1,0,0,0,0,,,,https://sumble.com/orgs/haufe-group,,,
15576,dbt Labs,dbtlabs.com,NW0015576,allocated,73.11,custom,151.0,Sales headcount,enterprise,Fatima Khan,fatima.khan@northwind.example,enterprise,0,0,,0,1,0,3,0,0,0,2026-07-23,google_calendar,,https://sumble.com/orgs/dbt-labs,,,
2120,Entrust,entrust.com,NW0002120,allocated,73.11,custom,465.0,Sales headcount,enterprise,Alex Rivera,alex.rivera@northwind.example,commercial,0,0,,1,1,0,2,0,0,0,2026-07-30,google_calendar,,https://sumble.com/orgs/entrust-corporation,,,
38041,360Learning,360learning.com,NW0038041,allocated,73.11,custom,85.0,Sales headcount,commercial,Ravi Menon,ravi.menon@northwind.example,commercial,0,0,,0,1,0,2,0,0,0,2026-07-28,google_calendar,,https://sumble.com/orgs/360learning,,,
558,Hexagon Autonomous Solutions,hexagon.com,NW0000558,allocated,73.11,custom,1165.0,Sales headcount,enterprise,Sofia Romano,sofia.romano@northwind.example,enterprise,0,0,,0,1,0,2,0,0,0,2026-07-14,google_calendar,,https://sumble.com/orgs/hexagon,,,
50325,Boomi,boomi.com,NW0050325,allocated,73.08,custom,515.0,Sales headcount,enterprise,Dev Ramesh,dev.ramesh@northwind.example,enterprise,0,0,,0,1,0,3,0,0,0,2026-07-22,google_calendar,,https://sumble.com/orgs/boomi,,,
1413442,Cognition,cognition.ai,NW1413442,allocated,73.06,custom,63.0,Sales headcount,commercial,Alex Rivera,alex.rivera@northwind.example,commercial,0,0,,0,0,1,0,0,0,0,,,,https://sumble.com/orgs/cognition-ai-labs,,,
10020,RLDatix North America,rldatix.com,NW0010020,allocated,72.96,custom,111.0,Sales headcount,commercial,Aisha Bello,aisha.bello@northwind.example,commercial,0,0,,0,0,1,0,0,0,0,,,,https://sumble.com/orgs/rldatix,,,
69263,Planisware,planisware.com,NW0069263,allocated,72.95,custom,90.0,Sales headcount,commercial,Maya Cohen,maya.cohen@northwind.example,commercial,0,0,,0,1,0,2,0,0,0,2026-07-26,google_calendar,,https://sumble.com/orgs/planisware,,,
7157,Workiva,workiva.com,NW0007157,allocated,72.92,custom,679.0,Sales headcount,enterprise,Chen Wei,chen.wei@northwind.example,enterprise,0,0,,0,0,1,0,0,0,0,,,,https://sumble.com/orgs/workiva,,,
3207,UiPath,uipath.com,NW0003207,allocated,72.91,custom,908.0,Sales headcount,enterprise,Liam Novak,liam.novak@northwind.example,enterprise,0,0,,0,1,0,1,0,0,0,2026-07-08,google_calendar,,https://sumble.com/orgs/uipath,,,
6782,OpenAI,openai.com,NW0006782,allocated,72.9,custom,211.0,Sales headcount,enterprise,Fatima Khan,fatima.khan@northwind.example,enterprise,0,0,,0,1,0,2,0,0,0,2026-07-28,google_calendar,,https://sumble.com/orgs/openai,,,
1586,HashiCorp,hashicorp.com,NW0001586,allocated,72.89,custom,400.0,Sales headcount,enterprise,Liam Novak,liam.novak@northwind.example,enterprise,0,0,,0,0,1,0,0,0,0,,,,https://sumble.com/orgs/hashicorp,,,
4538,Pegasystems,pega.com,NW0004538,allocated,72.85,custom,786.0,Sales headcount,enterprise,Chen Wei,chen.wei@northwind.example,enterprise,0,0,,0,0,1,0,0,0,0,,,,https://sumble.com/orgs/pegasystems,,,
1394476,Ab Initio Software,abinitio.com,NW1394476,allocated,72.84,custom,49.0,Sales headcount,commercial,Priya Nair,priya.nair@northwind.example,commercial,0,0,,0,0,1,0,0,0,0,,,,https://sumble.com/orgs/ab-initio,,,
7024,Docebo,docebo.com,NW0007024,allocated,72.83,custom,187.0,Sales headcount,enterprise,Fatima Khan,fatima.khan@northwind.example,enterprise,0,0,,0,1,0,3,0,0,0,2026-07-26,google_calendar,,https://sumble.com/orgs/docebo,,,
447474,EliseAI,eliseai.com,NW0447474,allocated,72.8,custom,121.0,Sales headcount,commercial,Alex Rivera,alex.rivera@northwind.example,commercial,0,0,,0,1,0,1,0,0,0,2026-06-02,google_calendar,,https://sumble.com/orgs/eliseai,,,
11642,VASS,vasscompany.com,NW0011642,customer,72.79,custom,108.0,Sales headcount,commercial,Jordan Lee,jordan.lee@northwind.example,commercial,0,0,,0,1,0,2,0,0,0,2026-07-24,google_calendar,,https://sumble.com/orgs/vass,,,
18168,Bitsight,bitsight.com,NW0018168,allocated,72.78,custom,132.0,Sales headcount,commercial,Diego Castro,diego.castro@northwind.example,commercial,0,0,,0,0,1,0,0,0,0,,,,https://sumble.com/orgs/bitsight,,,
2721,KnowBe4,knowbe4.com,NW0002721,allocated,72.68,custom,760.0,Sales headcount,enterprise,Sofia Romano,sofia.romano@northwind.example,enterprise,0,0,,0,1,0,2,0,0,0,2026-06-27,google_calendar,,https://sumble.com/orgs/knowbe4,,,
378155,Kahua,kahua.com,NW0378155,unallocated,72.67,custom,63.0,Sales headcount,commercial,,,,1,0,,0,0,0,0,0,0,0,,,,https://sumble.com/orgs/kahua,Noah Schmidt,assign_unallocated,suggested
504491,Multiplier,usemultiplier.com,NW0504491,unallocated,72.66,custom,103.0,Sales headcount,commercial,,,,1,0,,0,0,0,0,0,0,0,,,,https://sumble.com/orgs/multipliertechnologies,Ravi Menon,assign_unallocated,suggested
361078,Glia,glia.com,NW0361078,unallocated,72.64,custom,55.0,Sales headcount,commercial,,,,1,0,,0,0,0,0,0,0,0,,,,https://sumble.com/orgs/glia-technologies,Aisha Bello,assign_unallocated,suggested
30218,Vizrt,vizrt.com,NW0030218,allocated,72.62,custom,69.0,Sales headcount,commercial,Priya Nair,priya.nair@northwind.example,commercial,0,0,,0,0,1,0,0,0,0,,,,https://sumble.com/orgs/vizrt,,,
13164,Wiz,wiz.io,NW0013164,allocated,72.59,custom,766.0,Sales headcount,enterprise,Dev Ramesh,dev.ramesh@northwind.example,enterprise,0,0,,0,1,0,3,0,0,0,2026-07-17,google_calendar,,https://sumble.com/orgs/wiz,,,
1220831,ZWSOFT,zwsoft.com,NW1220831,allocated,72.58,custom,49.0,Sales headcount,commercial,Maya Cohen,maya.cohen@northwind.example,commercial,0,0,,0,1,0,2,0,0,0,2026-07-19,google_calendar,,https://sumble.com/orgs/zwsoft,,,
300575,Veesion,veesion.io,NW0300575,allocated,72.53,custom,59.0,Sales headcount,commercial,Sofia Romano,sofia.romano@northwind.example,enterprise,0,0,,1,1,0,1,0,0,0,2026-07-01,google_calendar,,https://sumble.com/orgs/veesion,,,
6943,Ramp,ramp.com,NW0006943,allocated,72.5,custom,407.0,Sales headcount,enterprise,Sofia Romano,sofia.romano@northwind.example,enterprise,0,0,,0,0,1,0,0,0,0,,,,https://sumble.com/orgs/ramp-2,,,
256024,Peregrine,peregrine.io,NW0256024,allocated,72.48,custom,54.0,Sales headcount,commercial,Alex Rivera,alex.rivera@northwind.example,commercial,0,0,,0,1,0,2,0,0,0,2026-06-15,google_calendar,,https://sumble.com/orgs/peregrine,,,
31524,Benchling,benchling.com,NW0031524,unallocated,72.48,custom,103.0,Sales headcount,commercial,,,,1,0,,0,0,0,0,0,0,0,,,,https://sumble.com/orgs/benchling,Elena Petrova,assign_unallocated,suggested
8628,Informatica,informatica.com,NW0008628,allocated,72.47,custom,344.0,Sales headcount,enterprise,Dev Ramesh,dev.ramesh@northwind.example,enterprise,0,0,,0,1,0,2,0,0,0,2026-07-14,google_calendar,,https://sumble.com/orgs/informatica-972f9b4e,,,
504423,phData,phdata.io,NW0504423,allocated,72.46,custom,36.0,Sales headcount,commercial,Sam Patel,sam.patel@northwind.example,commercial,0,0,,0,0,1,0,0,0,0,,,,https://sumble.com/orgs/phdata,,,
2132993,Right Networks,rightworks.com,NW2132993,allocated,72.44,custom,63.0,Sales headcount,commercial,Elena Petrova,elena.petrova@northwind.example,commercial,0,0,,0,0,1,0,0,0,0,,,,https://sumble.com/orgs/rightworks,,,
55891,Datarails,datarails.com,NW0055891,unallocated,72.39,custom,92.0,Sales headcount,commercial,,,,1,0,,0,0,0,0,0,0,0,,,,https://sumble.com/orgs/datarails,Noah Schmidt,assign_unallocated,suggested
23288,"Dragos, Inc.",dragos.com,NW0023288,unallocated,72.34,custom,66.0,Sales headcount,commercial,,,,1,0,,0,0,0,0,0,0,0,,,,https://sumble.com/orgs/dragos,Ravi Menon,assign_unallocated,suggested
35895,WRITER,writer.com,NW0035895,allocated,72.32,custom,90.0,Sales headcount,commercial,Noah Schmidt,noah.schmidt@northwind.example,commercial,0,0,,0,1,0,3,0,0,0,2026-07-24,google_calendar,,https://sumble.com/orgs/writer,,,
10596,Meltwater,meltwater.com,NW0010596,allocated,72.31,custom,502.0,Sales headcount,enterprise,Avery Brooks,avery.brooks@northwind.example,enterprise,0,0,,0,1,0,3,0,0,0,2026-07-27,google_calendar,,https://sumble.com/orgs/meltwater,,,
31549,Ashby,ashbyhq.com,NW0031549,allocated,72.25,custom,68.0,Sales headcount,commercial,Aisha Bello,aisha.bello@northwind.example,commercial,0,0,,0,1,0,3,0,0,0,2026-06-22,google_calendar,,https://sumble.com/orgs/ashby,,,
13335,Apollo.io,apollo.io,NW0013335,allocated,72.16,custom,127.0,Sales headcount,commercial,Diego Castro,diego.castro@northwind.example,commercial,0,0,,0,1,0,2,0,0,0,2026-07-13,google_calendar,,https://sumble.com/orgs/apollo-io,,,
522869,Teleport,goteleport.com,NW0522869,customer,72.15,custom,71.0,Sales headcount,commercial,Elena Petrova,elena.petrova@northwind.example,commercial,0,0,,0,0,1,0,0,0,0,,,,https://sumble.com/orgs/gravitational,,,
14110,Ministry Brands,ministrybrands.com,NW0014110,allocated,72.14,custom,78.0,Sales headcount,commercial,Ravi Menon,ravi.menon@northwind.example,commercial,0,0,,0,1,0,3,0,0,0,2026-07-10,google_calendar,,https://sumble.com/orgs/ministry-brands,,,
17791,DDN,ddn.com,NW0017791,unallocated,72.14,custom,113.0,Sales headcount,commercial,,,,1,0,,0,0,0,0,0,0,0,,,,https://sumble.com/orgs/ddn-storage,Maya Cohen,assign_unallocated,suggested
44913,Tines,tines.com,NW0044913,allocated,72.14,custom,138.0,Sales headcount,commercial,Alex Rivera,alex.rivera@northwind.example,commercial,0,0,,0,0,1,0,0,0,0,,,,https://sumble.com/orgs/tines,,,
11939,UserTesting,usertesting.com,NW0011939,allocated,72.13,custom,181.0,Sales headcount,enterprise,Avery Brooks,avery.brooks@northwind.example,enterprise,0,0,,0,1,0,1,0,0,0,2026-06-18,google_calendar,,https://sumble.com/orgs/usertesting,,,
1831,Paycom,paycom.com,NW0001831,allocated,72.1,custom,784.0,Sales headcount,enterprise,Dev Ramesh,dev.ramesh@northwind.example,enterprise,0,0,,0,1,0,1,0,0,0,2026-07-01,google_calendar,,https://sumble.com/orgs/paycom,,,
4636,Claranet,claranet.co.uk,NW0004636,allocated,72.09,custom,190.0,Sales headcount,enterprise,Avery Brooks,avery.brooks@northwind.example,enterprise,0,0,,0,1,0,1,0,0,0,2026-07-17,google_calendar,,https://sumble.com/orgs/claranet,,,
75647,Agora,agora.io,NW0075647,allocated,72.09,custom,42.0,Sales headcount,commercial,Diego Castro,diego.castro@northwind.example,commercial,0,0,,0,1,0,1,0,0,0,2026-07-25,google_calendar,,https://sumble.com/orgs/agora,,,
399668,Make,make.com,NW0399668,unallocated,72.02,custom,39.0,Sales headcount,commercial,,,,1,0,,0,0,0,0,0,0,0,,,,https://sumble.com/orgs/make-d37cf0fa,Aisha Bello,assign_unallocated,suggested
27633,ePS (eProductivity Software),epssw.com,NW0027633,allocated,72.01,custom,34.0,Sales headcount,commercial,Diego Castro,diego.castro@northwind.example,commercial,0,0,,0,1,0,1,0,0,0,2026-06-26,google_calendar,,https://sumble.com/orgs/eproductivity-software,,,
1707216,Oyster®,oysterhr.com,NW1707216,allocated,72.0,custom,57.0,Sales headcount,commercial,Priya Nair,priya.nair@northwind.example,commercial,0,0,,0,1,0,3,0,0,0,2026-07-01,google_calendar,,https://sumble.com/orgs/oysterhr,,,
37157,Modern Health,modernhealth.com,NW0037157,allocated,72.0,custom,32.0,Sales headcount,commercial,Sam Patel,sam.patel@northwind.example,commercial,0,0,,0,1,0,3,0,0,0,2026-07-30,google_calendar,,https://sumble.com/orgs/modern-health,,,
35323,Semperis,semperis.com,NW0035323,customer,71.99,custom,129.0,Sales headcount,commercial,Sam Patel,sam.patel@northwind.example,commercial,0,0,,0,1,0,3,0,0,0,2026-07-20,google_calendar,,https://sumble.com/orgs/semperis,,,
16868,Ribbon Communications,ribboncommunications.com,NW0016868,allocated,71.94,custom,243.0,Sales headcount,enterprise,Fatima Khan,fatima.khan@northwind.example,enterprise,0,0,,0,0,1,0,0,0,0,,,,https://sumble.com/orgs/ribbon-communications,,,
81502,Rocketlane,rocketlane.com,NW0081502,allocated,71.93,custom,47.0,Sales headcount,commercial,Alex Rivera,alex.rivera@northwind.example,commercial,0,0,,0,1,0,3,0,0,0,2026-06-29,google_calendar,,https://sumble.com/orgs/rocketlane,,,
1010,MongoDB,mongodb.com,NW0001010,allocated,71.91,custom,1032.0,Sales headcount,enterprise,Grace Okafor,grace.okafor@northwind.example,enterprise,0,0,,0,0,1,0,0,0,0,,,,https://sumble.com/orgs/mongodb,,,
1198261,Mitratech,mitratech.com,NW1198261,allocated,71.84,custom,234.0,Sales headcount,enterprise,Grace Okafor,grace.okafor@northwind.example,enterprise,0,0,,0,0,1,0,0,0,0,,,,https://sumble.com/orgs/mitratech,,,
27889,Valiantys,valiantys.com,NW0027889,allocated,71.83,custom,46.0,Sales headcount,commercial,Diego Castro,diego.castro@northwind.example,commercial,0,0,,0,1,0,1,0,0,0,2026-07-25,google_calendar,,https://sumble.com/orgs/valiantys,,,
12848,Gigamon,gigamon.com,NW0012848,allocated,71.79,custom,244.0,Sales headcount,enterprise,Chen Wei,chen.wei@northwind.example,enterprise,0,0,,0,0,1,0,0,0,0,,,,https://sumble.com/orgs/gigamon,,,
42206,Q4,q4inc.com,NW0042206,allocated,71.76,custom,32.0,Sales headcount,commercial,Sam Patel,sam.patel@northwind.example,commercial,0,0,,0,1,0,3,0,0,0,2026-07-16,google_calendar,,https://sumble.com/orgs/q4,,,
286261,Chainguard,chainguard.dev,NW0286261,allocated,71.75,custom,228.0,Sales headcount,enterprise,Fatima Khan,fatima.khan@northwind.example,enterprise,0,0,,0,0,1,0,0,0,0,,,,https://sumble.com/orgs/chainguard,,,
36253,CloudZero,cloudzero.com,NW0036253,allocated,71.75,custom,47.0,Sales headcount,commercial,Alex Rivera,alex.rivera@northwind.example,commercial,0,0,,0,0,1,0,0,0,0,,,,https://sumble.com/orgs/cloudzero,,,
22129,Anthropic,anthropic.com,NW0022129,allocated,71.73,custom,105.0,Sales headcount,commercial,Elena Petrova,elena.petrova@northwind.example,commercial,0,0,,0,1,0,1,0,0,0,2026-06-03,google_calendar,,https://sumble.com/orgs/anthropic,,,
5798,Paycor,paycor.com,NW0005798,allocated,71.73,custom,622.0,Sales headcount,enterprise,Rosa Alvarez,rosa.alvarez@northwind.example,enterprise,0,0,,0,1,0,2,0,0,0,2026-06-22,google_calendar,,https://sumble.com/orgs/paycor,,,
97430,Bright Data,brightdata.com,NW0097430,allocated,71.72,custom,66.0,Sales headcount,commercial,Diego Castro,diego.castro@northwind.example,commercial,0,0,,0,1,0,1,0,0,0,2026-06-19,google_calendar,,https://sumble.com/orgs/bright-data,,,
65960,WEKA,weka.io,NW0065960,allocated,71.71,custom,93.0,Sales headcount,commercial,Jordan Lee,jordan.lee@northwind.example,commercial,0,0,,0,1,0,1,0,0,0,2026-07-18,google_calendar,,https://sumble.com/orgs/wekaio,,,
11307,SingleStore,singlestore.com,NW0011307,unallocated,71.7,custom,57.0,Sales headcount,commercial,,,,1,0,,0,0,0,0,0,0,0,,,,https://sumble.com/orgs/singlestore,Elena Petrova,assign_unallocated,suggested
17923,CloudBees,cloudbees.com,NW0017923,allocated,71.48,custom,50.0,Sales headcount,commercial,Diego Castro,diego.castro@northwind.example,commercial,0,0,,0,1,0,3,0,0,0,2026-07-11,google_calendar,,https://sumble.com/orgs/cloudbees,,,
75399,Mercury,mercury.com,NW0075399,unallocated,71.46,custom,49.0,Sales headcount,commercial,,,,1,0,,0,0,0,0,0,0,0,,,,https://sumble.com/orgs/mercury-technologies,Noah Schmidt,assign_unallocated,suggested
8305,Tanium,tanium.com,NW0008305,unallocated,71.46,custom,517.0,Sales headcount,enterprise,,,,1,0,,0,0,0,0,0,0,0,,,,https://sumble.com/orgs/tanium,Grace Okafor,assign_unallocated,suggested
6886,Cegedim,cegedim.fr,NW0006886,allocated,71.4,custom,267.0,Sales headcount,enterprise,Dev Ramesh,dev.ramesh@northwind.example,enterprise,0,0,,0,0,1,0,0,0,0,,,,https://sumble.com/orgs/cegedim,,,
351999,iplicit,iplicit.com,NW0351999,allocated,71.34,custom,36.0,Sales headcount,commercial,Elena Petrova,elena.petrova@northwind.example,commercial,0,0,,0,0,1,0,0,0,0,,,,https://sumble.com/orgs/iplicit,,,
31615,FAAC Access Solutions,faactechnologies.com,NW0031615,allocated,71.24,custom,226.0,Sales headcount,enterprise,Dev Ramesh,dev.ramesh@northwind.example,enterprise,0,0,,0,1,0,3,0,0,0,2026-07-29,google_calendar,,https://sumble.com/orgs/faac-technologies,,,
33555,Reputation,reputation.com,NW0033555,allocated,71.16,custom,74.0,Sales headcount,commercial,Diego Castro,diego.castro@northwind.example,commercial,0,0,,0,1,0,1,0,0,0,2026-07-26,google_calendar,,https://sumble.com/orgs/reputation,,,
2294,Box,box.com,NW0002294,allocated,71.13,custom,616.0,Sales headcount,enterprise,Fatima Khan,fatima.khan@northwind.example,enterprise,0,0,,0,0,1,0,0,0,0,,,,https://sumble.com/orgs/box,,,
32909,GitGuardian,gitguardian.com,NW0032909,allocated,71.13,custom,48.0,Sales headcount,commercial,Alex Rivera,alex.rivera@northwind.example,commercial,0,0,,0,1,0,2,0,0,0,2026-07-09,google_calendar,,https://sumble.com/orgs/gitguardian,,,
71812,Karbon,karbonhq.com,NW0071812,allocated,71.12,custom,81.0,Sales headcount,commercial,Alex Rivera,alex.rivera@northwind.example,commercial,0,0,,0,1,0,3,0,0,0,2026-07-14,google_calendar,,https://sumble.com/orgs/karbon,,,
19614,Reveal,revealdata.com,NW0019614,allocated,71.11,custom,69.0,Sales headcount,commercial,Diego Castro,diego.castro@northwind.example,commercial,0,0,,0,0,1,0,0,0,0,,,,https://sumble.com/orgs/reveal-brainspace,,,
21500,CivicPlus,civicplus.com,NW0021500,allocated,71.05,custom,234.0,Sales headcount,enterprise,Yuki Tanaka,yuki.tanaka@northwind.example,enterprise,0,0,,0,1,0,1,0,0,0,2026-06-18,google_calendar,,https://sumble.com/orgs/civicplus,,,
296160,Ascendum Process Solutions,ascendum.com,NW0296160,allocated,71.01,custom,144.0,Sales headcount,commercial,Priya Nair,priya.nair@northwind.example,commercial,0,0,,0,1,0,1,0,0,0,2026-07-13,google_calendar,,https://sumble.com/orgs/ascendum-solutions,,,
34199,ColorTokens Inc.,colortokens.com,NW0034199,allocated,70.96,custom,54.0,Sales headcount,commercial,Elena Petrova,elena.petrova@northwind.example,commercial,0,0,,0,1,0,3,0,0,0,2026-07-29,google_calendar,,https://sumble.com/orgs/colortokens,,,
48148,"Buildium, A RealPage Company",buildium.com,NW0048148,allocated,70.96,custom,57.0,Sales headcount,commercial,Elena Petrova,elena.petrova@northwind.example,commercial,0,0,,0,0,1,0,0,0,0,,,,https://sumble.com/orgs/buildium,,,
3150,Globant,globant.com,NW0003150,allocated,70.95,custom,191.0,Sales headcount,enterprise,Sofia Romano,sofia.romano@northwind.example,enterprise,0,0,,0,0,1,0,0,0,0,,,,https://sumble.com/orgs/globant,,,
7065,isolved,isolvedhcm.com,NW0007065,allocated,70.89,custom,195.0,Sales headcount,enterprise,Fatima Khan,fatima.khan@northwind.example,enterprise,0,0,,0,0,1,0,0,0,0,,,,https://sumble.com/orgs/isolved,,,
82753,Nooks,nooks.ai,NW0082753,unallocated,70.79,custom,95.0,Sales headcount,commercial,,,,1,0,,0,0,0,0,0,0,0,,,,https://sumble.com/orgs/nooks,Ravi Menon,assign_unallocated,suggested
3742,AMCS Group,amcsgroup.com,NW0003742,unallocated,70.73,custom,74.0,Sales headcount,commercial,,,,1,0,,0,0,0,0,0,0,0,,,,https://sumble.com/orgs/amcs-group,Maya Cohen,assign_unallocated,suggested
9913,Optimizely,optimizely.com,NW0009913,allocated,70.69,custom,152.0,Sales headcount,enterprise,Grace Okafor,grace.okafor@northwind.example,enterprise,0,0,,0,0,1,0,0,0,0,,,,https://sumble.com/orgs/optimizely,,,
10274,Nexthink,nexthink.com,NW0010274,allocated,70.67,custom,197.0,Sales headcount,enterprise,Yuki Tanaka,yuki.tanaka@northwind.example,enterprise,0,0,,0,1,0,3,0,0,0,2026-07-17,google_calendar,,https://sumble.com/orgs/nexthink,,,
93193,Cyncly,cyncly.com,NW0093193,customer,70.65,custom,212.0,Sales headcount,enterprise,Yuki Tanaka,yuki.tanaka@northwind.example,enterprise,0,0,,0,0,1,0,0,0,0,,,,https://sumble.com/orgs/cyncly-brasil,,,
362771,Bytes Software Services,bytes.co.uk,NW0362771,allocated,70.64,custom,244.0,Sales headcount,enterprise,Marcus Bell,marcus.bell@northwind.example,enterprise,0,0,,0,0,1,0,0,0,0,,,,https://sumble.com/orgs/good-byte-works,,,
24225,Mindtickle,mindtickle.com,NW0024225,unallocated,70.57,custom,50.0,Sales headcount,commercial,,,,1,0,,0,0,0,0,0,0,0,,,,https://sumble.com/orgs/mindtickle,Diego Castro,assign_unallocated,suggested
15007,SymphonyAI,symphonyai.com,NW0015007,unallocated,70.53,custom,147.0,Sales headcount,commercial,,,,1,0,,0,0,0,0,0,0,0,,,,https://sumble.com/orgs/symphonyai,Aisha Bello,assign_unallocated,suggested
16893,Pigment,pigment.com,NW0016893,allocated,70.5,custom,165.0,Sales headcount,enterprise,Chen Wei,chen.wei@northwind.example,enterprise,0,0,,0,0,1,0,0,0,0,,,,https://sumble.com/orgs/pigment,,,
15248,Talkdesk,talkdesk.com,NW0015248,allocated,70.47,custom,218.0,Sales headcount,enterprise,Yuki Tanaka,yuki.tanaka@northwind.example,enterprise,0,0,,0,1,0,2,0,0,0,2026-06-20,google_calendar,,https://sumble.com/orgs/talkdesk,,,
9960,Diligent,diligent.com,NW0009960,allocated,70.47,custom,346.0,Sales headcount,enterprise,Avery Brooks,avery.brooks@northwind.example,enterprise,0,0,,0,1,0,3,0,0,0,2026-07-07,google_calendar,,https://sumble.com/orgs/diligent-14787b60,,,
8548,Vanta,vanta.com,NW0008548,allocated,70.46,custom,446.0,Sales headcount,enterprise,Sofia Romano,sofia.romano@northwind.example,enterprise,0,0,,0,1,0,2,0,0,0,2026-07-22,google_calendar,,https://sumble.com/orgs/vanta,,,
2937,insightsoftware,insightsoftware.com,NW0002937,allocated,70.42,custom,310.0,Sales headcount,enterprise,Marcus Bell,marcus.bell@northwind.example,enterprise,0,0,,0,1,0,2,0,0,0,2026-07-08,google_calendar,,https://sumble.com/orgs/insightsoftware,,,
1773426,Halcyon,halcyon.ai,NW1773426,allocated,70.4,custom,123.0,Sales headcount,commercial,Elena Petrova,elena.petrova@northwind.example,commercial,0,0,,0,1,0,2,0,0,0,2026-06-30,google_calendar,,https://sumble.com/orgs/halcyonai,,,
44411,Euna Solutions,eunasolutions.com,NW0044411,unallocated,70.39,custom,120.0,Sales headcount,commercial,,,,1,0,,0,0,0,0,0,0,0,,,,https://sumble.com/orgs/euna-solutions,Elena Petrova,assign_unallocated,suggested
1427,Procore Technologies,procore.com,NW0001427,allocated,70.3,custom,903.0,Sales headcount,enterprise,Sofia Romano,sofia.romano@northwind.example,enterprise,0,0,,0,1,0,1,0,0,0,2026-06-07,google_calendar,,https://sumble.com/orgs/procore-technologies,,,
16514,Webflow,webflow.com,NW0016514,allocated,70.29,custom,165.0,Sales headcount,enterprise,Rosa Alvarez,rosa.alvarez@northwind.example,enterprise,0,0,,0,1,0,1,0,0,0,2026-07-22,google_calendar,,https://sumble.com/orgs/webflow,,,
5763,Convera,convera.com,NW0005763,customer,70.29,custom,192.0,Sales headcount,enterprise,Dev Ramesh,dev.ramesh@northwind.example,enterprise,0,0,,0,1,0,1,0,0,0,2026-07-03,google_calendar,,https://sumble.com/orgs/convera,,,
15750,WP Engine,wpengine.com,NW0015750,unallocated,70.27,custom,151.0,Sales headcount,enterprise,,,,1,0,,0,0,0,0,0,0,0,,,,https://sumble.com/orgs/wp-engine,Marcus Bell,assign_unallocated,suggested
2875,GoDaddy,godaddy.com,NW0002875,allocated,70.26,custom,518.0,Sales headcount,enterprise,Chen Wei,chen.wei@northwind.example,enterprise,0,0,,0,0,1,0,0,0,0,,,,https://sumble.com/orgs/godaddy,,,
19888,Sauce Labs,saucelabs.com,NW0019888,allocated,70.25,custom,46.0,Sales headcount,commercial,Sam Patel,sam.patel@northwind.example,commercial,0,0,,0,0,1,0,0,0,0,,,,https://sumble.com/orgs/sauce-labs,,,
38274,Censys,censys.com,NW0038274,allocated,70.24,custom,33.0,Sales headcount,commercial,Sam Patel,sam.patel@northwind.example,commercial,0,0,,0,1,0,3,0,0,0,2026-07-28,google_calendar,,https://sumble.com/orgs/censys,,,
14211,Kore.ai,kore.ai,NW0014211,allocated,70.2,custom,111.0,Sales headcount,commercial,Priya Nair,priya.nair@northwind.example,commercial,0,0,,0,0,1,0,0,0,0,,,,https://sumble.com/orgs/kore-ai,,,
576135,Hatch,usehatchapp.com,NW0576135,unallocated,70.16,custom,49.0,Sales headcount,commercial,,,,1,0,,0,0,0,0,0,0,0,,,,https://sumble.com/orgs/usehatchapp,Noah Schmidt,assign_unallocated,suggested
5694,Personio,personio.de,NW0005694,allocated,70.15,custom,281.0,Sales headcount,enterprise,Marcus Bell,marcus.bell@northwind.example,enterprise,0,0,,0,0,1,0,0,0,0,,,,https://sumble.com/orgs/personio,,,
8899,Cognite,cognite.com,NW0008899,allocated,70.13,custom,56.0,Sales headcount,commercial,Sam Patel,sam.patel@northwind.example,commercial,0,0,,0,1,0,3,0,0,0,2026-07-14,google_calendar,,https://sumble.com/orgs/cognite,,,
2451,New Relic,newrelic.com,NW0002451,allocated,70.11,custom,346.0,Sales headcount,enterprise,Marcus Bell,marcus.bell@northwind.example,enterprise,0,0,,0,1,0,2,0,0,0,2026-07-20,google_calendar,,https://sumble.com/orgs/new-relic,,,
1904569,xAI,x.ai,NW1904569,allocated,70.07,custom,398.0,Sales headcount,enterprise,Marcus Bell,marcus.bell@northwind.example,enterprise,0,0,,0,0,1,0,0,0,0,,,,https://sumble.com/orgs/xai,,,
5242,Semrush,semrush.com,NW0005242,allocated,70.05,custom,300.0,Sales headcount,enterprise,Rosa Alvarez,rosa.alvarez@northwind.example,enterprise,0,0,,0,0,1,0,0,0,0,,,,https://sumble.com/orgs/semrush,,,
9585,ActiveCampaign,activecampaign.com,NW0009585,allocated,70.03,custom,55.0,Sales headcount,commercial,Ravi Menon,ravi.menon@northwind.example,commercial,0,0,,0,1,0,2,0,0,0,2026-07-20,google_calendar,,https://sumble.com/orgs/activecampaign,,,
1764738,Coast,coastpay.com,NW1764738,customer,70.0,custom,33.0,Sales headcount,commercial,Priya Nair,priya.nair@northwind.example,commercial,0,0,,0,1,0,2,0,0,0,2026-07-19,google_calendar,,https://sumble.com/orgs/coastpay,,,
12888,UpGuard,upguard.com,NW0012888,allocated,69.98,custom,72.0,Sales headcount,commercial,Rosa Alvarez,rosa.alvarez@northwind.example,enterprise,0,0,,1,1,0,2,0,0,0,2026-07-11,google_calendar,,https://sumble.com/orgs/upguard,,,
450673,Firstup,firstup.io,NW0450673,allocated,69.98,custom,31.0,Sales headcount,commercial,Ravi Menon,ravi.menon@northwind.example,commercial,0,0,,0,1,0,3,0,0,0,2026-07-17,google_calendar,,https://sumble.com/orgs/first-up,,,
40336,Singlewire Software (InformaCast and Visitor Aware),singlewire.com,NW0040336,customer,69.94,custom,34.0,Sales headcount,commercial,Dev Ramesh,dev.ramesh@northwind.example,enterprise,0,0,,1,1,0,1,0,0,0,2026-07-27,google_calendar,,https://sumble.com/orgs/singlewire-software,,,
1278448,Dash0,dash0.com,NW1278448,allocated,69.86,custom,30.0,Sales headcount,commercial,Sam Patel,sam.patel@northwind.example,commercial,0,0,,0,1,0,3,0,0,0,2026-07-21,google_calendar,,https://sumble.com/orgs/dash0hq,,,
4097,EverCommerce,evercommerce.com,NW0004097,allocated,69.85,custom,140.0,Sales headcount,commercial,Ravi Menon,ravi.menon@northwind.example,commercial,0,0,,0,0,1,0,0,0,0,,,,https://sumble.com/orgs/evercommerce,,,
32783,ELEKS,eleks.com,NW0032783,customer,69.84,custom,27.0,Sales headcount,commercial,Priya Nair,priya.nair@northwind.example,commercial,0,0,,0,1,0,1,0,0,0,2026-06-28,google_calendar,,https://sumble.com/orgs/eleks,,,
506782,Island,island.io,NW0506782,allocated,69.83,custom,267.0,Sales headcount,enterprise,Sofia Romano,sofia.romano@northwind.example,enterprise,0,0,,0,1,0,3,0,0,0,2026-07-19,google_calendar,,https://sumble.com/orgs/zeroabstraction,,,
143787,Abacus.AI,abacus.ai,NW0143787,allocated,69.82,custom,26.0,Sales headcount,commercial,Noah Schmidt,noah.schmidt@northwind.example,commercial,0,0,,0,0,1,0,0,0,0,,,,https://sumble.com/orgs/abacus-ai,,,
46405,Cyberhaven,cyberhaven.com,NW0046405,allocated,69.82,custom,67.0,Sales headcount,commercial,Priya Nair,priya.nair@northwind.example,commercial,0,0,,0,0,1,0,0,0,0,,,,https://sumble.com/orgs/cyberhaven,,,
42612,Nortal,nortal.com,NW0042612,allocated,69.8,custom,19.0,Sales headcount,commercial,Noah Schmidt,noah.schmidt@northwind.example,commercial,0,0,,0,0,1,0,0,0,0,,,,https://sumble.com/orgs/nortal,,,
23462,Vercel,vercel.com,NW0023462,customer,69.77,custom,113.0,Sales headcount,commercial,Alex Rivera,alex.rivera@northwind.example,commercial,0,0,,0,0,1,0,0,0,0,,,,https://sumble.com/orgs/vercel,,,
17574,Delinea,delinea.com,NW0017574,allocated,69.76,custom,346.0,Sales headcount,enterprise,Yuki Tanaka,yuki.tanaka@northwind.example,enterprise,0,0,,0,1,0,2,0,0,0,2026-07-28,google_calendar,,https://sumble.com/orgs/delinea,,,
55943,Chargebee,chargebee.com,NW0055943,allocated,69.74,custom,159.0,Sales headcount,enterprise,Fatima Khan,fatima.khan@northwind.example,enterprise,0,0,,0,1,0,2,0,0,0,2026-07-28,google_calendar,,https://sumble.com/orgs/chargebee,,,
10269,SEIDOR,seidor.com,NW0010269,allocated,69.73,custom,377.0,Sales headcount,enterprise,Avery Brooks,avery.brooks@northwind.example,enterprise,0,0,,0,1,0,2,0,0,0,2026-07-22,google_calendar,,https://sumble.com/orgs/seidor,,,
1447202,LangChain,langchain.com,NW1447202,allocated,69.69,custom,29.0,Sales headcount,commercial,Ravi Menon,ravi.menon@northwind.example,commercial,0,0,,0,0,1,0,0,0,0,,,,https://sumble.com/orgs/langchain,,,
48972,Simpro Software,simprogroup.com,NW0048972,unallocated,69.69,custom,132.0,Sales headcount,commercial,,,,1,0,,0,0,0,0,0,0,0,,,,https://sumble.com/orgs/simpro-software,Ravi Menon,assign_unallocated,suggested
10372,Forescout Technologies Inc.,forescout.com,NW0010372,allocated,69.66,custom,188.0,Sales headcount,enterprise,Marcus Bell,marcus.bell@northwind.example,enterprise,0,0,,0,0,1,0,0,0,0,,,,https://sumble.com/orgs/forescout-technologies,,,
506408,ExaGrid,exagrid.com,NW0506408,allocated,69.62,custom,154.0,Sales headcount,enterprise,Marcus Bell,marcus.bell@northwind.example,enterprise,0,0,,0,0,1,0,0,0,0,,,,https://sumble.com/orgs/exagrid-systems,,,
22771,Progress Software,progress.com,NW0022771,allocated,69.59,custom,410.0,Sales headcount,enterprise,Avery Brooks,avery.brooks@northwind.example,enterprise,0,0,,0,0,1,0,0,0,0,,,,https://sumble.com/orgs/progress,,,
2404953,XBOW,xbow.com,NW2404953,unallocated,69.59,custom,49.0,Sales headcount,commercial,,,,1,0,,0,0,0,0,0,0,0,,,,https://sumble.com/orgs/crossbow-com,Maya Cohen,assign_unallocated,suggested
4038,Forcepoint,forcepoint.com,NW0004038,allocated,69.59,custom,330.0,Sales headcount,enterprise,Chen Wei,chen.wei@northwind.example,enterprise,0,0,,0,0,1,0,0,0,0,,,,https://sumble.com/orgs/forcepoint,,,
511219,Persona,withpersona.com,NW0511219,unallocated,69.57,custom,65.0,Sales headcount,commercial,,,,1,0,,0,0,0,0,0,0,0,,,,https://sumble.com/orgs/persona-identities,Diego Castro,assign_unallocated,suggested
15108,Aisera,aisera.com,NW0015108,allocated,69.56,custom,31.0,Sales headcount,commercial,Sam Patel,sam.patel@northwind.example,commercial,0,0,,0,1,0,3,0,0,0,2026-07-30,google_calendar,,https://sumble.com/orgs/aisera,,,
15533,Stack Overflow,stackoverflow.co,NW0015533,allocated,69.55,custom,44.0,Sales headcount,commercial,Alex Rivera,alex.rivera@northwind.example,commercial,0,0,,0,1,0,1,0,0,0,2026-07-11,google_calendar,,https://sumble.com/orgs/stack-overflow,,,
21336,Disprz,disprz.ai,NW0021336,allocated,69.52,custom,18.0,Sales headcount,commercial,Alex Rivera,alex.rivera@northwind.example,commercial,0,0,,0,0,1,0,0,0,0,,,,https://sumble.com/orgs/disprz,,,
1221253,Orkestra,orkestra.us,NW1221253,unallocated,69.49,custom,39.0,Sales headcount,commercial,,,,1,0,,0,0,0,0,0,0,0,,,,https://sumble.com/orgs/orkestra-us,Aisha Bello,assign_unallocated,suggested
10089,Branch,branch.io,NW0010089,allocated,69.47,custom,94.0,Sales headcount,commercial,Aisha Bello,aisha.bello@northwind.example,commercial,0,0,,0,1,0,1,0,0,0,2026-06-18,google_calendar,,https://sumble.com/orgs/branch-cc3fd49d,,,
23876,Auvik Networks Inc.,auvik.com,NW0023876,allocated,69.45,custom,72.0,Sales headcount,commercial,Sam Patel,sam.patel@northwind.example,commercial,0,0,,0,1,0,1,0,0,0,2026-07-09,google_calendar,,https://sumble.com/orgs/auvik-networks,,,
5057,Couchbase,couchbase.com,NW0005057,unallocated,69.42,custom,164.0,Sales headcount,enterprise,,,,1,0,,0,0,0,0,0,0,0,,,,https://sumble.com/orgs/couchbase,Yuki Tanaka,assign_unallocated,suggested
139167,HighLevel,gohighlevel.com,NW0139167,allocated,69.35,custom,77.0,Sales headcount,commercial,Jordan Lee,jordan.lee@northwind.example,commercial,0,0,,0,0,1,0,0,0,0,,,,https://sumble.com/orgs/highlevel-inc.,,,
96802,AB Tasty,abtasty.com,NW0096802,customer,69.33,custom,56.0,Sales headcount,commercial,Ravi Menon,ravi.menon@northwind.example,commercial,0,0,,0,1,0,2,0,0,0,2026-07-11,google_calendar,,https://sumble.com/orgs/ab-tasty,,,
22859,Qt Group,qt.io,NW0022859,allocated,69.32,custom,187.0,Sales headcount,enterprise,Chen Wei,chen.wei@northwind.example,enterprise,0,0,,0,0,1,0,0,0,0,,,,https://sumble.com/orgs/qt-group,,,
335737,Tessell,tessell.com,NW0335737,allocated,69.31,custom,30.0,Sales headcount,commercial,Alex Rivera,alex.rivera@northwind.example,commercial,0,0,,0,1,0,2,0,0,0,2026-07-20,google_calendar,,https://sumble.com/orgs/tessell,,,
69140,Skai,skai.io,NW0069140,unallocated,69.31,custom,35.0,Sales headcount,commercial,,,,1,0,,0,0,0,0,0,0,0,,,,https://sumble.com/orgs/skai-labs,Elena Petrova,assign_unallocated,suggested
9345,Persistent Systems,persistent.com,NW0009345,unallocated,69.26,custom,212.0,Sales headcount,enterprise,,,,1,0,,0,0,0,0,0,0,0,,,,https://sumble.com/orgs/persistent-systems,Grace Okafor,assign_unallocated,suggested
31236,Lattice,lattice.com,NW0031236,allocated,69.24,custom,99.0,Sales headcount,commercial,Maya Cohen,maya.cohen@northwind.example,commercial,0,0,,0,0,1,0,0,0,0,,,,https://sumble.com/orgs/lattice-6,,,
8132,Drata,drata.com,NW0008132,allocated,69.2,custom,171.0,Sales headcount,enterprise,Yuki Tanaka,yuki.tanaka@northwind.example,enterprise,0,0,,0,1,0,3,0,0,0,2026-07-28,google_calendar,,https://sumble.com/orgs/drata,,,
18185,Iress,iress.com,NW0018185,allocated,69.19,custom,51.0,Sales headcount,commercial,Alex Rivera,alex.rivera@northwind.example,commercial,0,0,,0,1,0,1,0,0,0,2026-07-17,google_calendar,,https://sumble.com/orgs/iress,,,
9866,Intercom,intercom.com,NW0009866,allocated,69.19,custom,169.0,Sales headcount,enterprise,Grace Okafor,grace.okafor@northwind.example,enterprise,0,0,,0,0,1,0,0,0,0,,,,https://sumble.com/orgs/intercom-1,,,
10477,OPSWAT,opswat.com,NW0010477,allocated,69.18,custom,181.0,Sales headcount,enterprise,Avery Brooks,avery.brooks@northwind.example,enterprise,0,0,,0,1,0,1,0,0,0,2026-07-28,google_calendar,,https://sumble.com/orgs/opswat,,,
17416,impact.com,impact.com,NW0017416,allocated,69.12,custom,186.0,Sales headcount,enterprise,Marcus Bell,marcus.bell@northwind.example,enterprise,0,0,,0,0,1,0,0,0,0,,,,https://sumble.com/orgs/impact-com,,,
15892,Stackline,stackline.com,NW0015892,allocated,69.11,custom,77.0,Sales headcount,commercial,Alex Rivera,alex.rivera@northwind.example,commercial,0,0,,0,1,0,2,0,0,0,2026-07-24,google_calendar,,https://sumble.com/orgs/stackline,,,
21516,Beyondsoft,beyondsoft.com,NW0021516,allocated,69.11,custom,53.0,Sales headcount,commercial,Noah Schmidt,noah.schmidt@northwind.example,commercial,0,0,,0,1,0,3,0,0,0,2026-07-02,google_calendar,,https://sumble.com/orgs/beyondsoft-international-singapore,,,
97172,Scale Computing,scalecomputing.com,NW0097172,allocated,69.11,custom,59.0,Sales headcount,commercial,Alex Rivera,alex.rivera@northwind.example,commercial,0,0,,0,1,0,1,0,0,0,2026-07-16,google_calendar,,https://sumble.com/orgs/scale-computing,,,
5586,"KMS Technology, Inc.",kms-technology.com,NW0005586,allocated,69.1,custom,46.0,Sales headcount,commercial,Maya Cohen,maya.cohen@northwind.example,commercial,0,0,,0,1,0,2,0,0,0,2026-07-21,google_calendar,,https://sumble.com/orgs/kms-technology,,,
18554,project44,project44.com,NW0018554,allocated,69.09,custom,63.0,Sales headcount,commercial,Elena Petrova,elena.petrova@northwind.example,commercial,0,0,,0,1,0,3,0,0,0,2026-07-28,google_calendar,,https://sumble.com/orgs/project44,,,
27067,Mitek Systems,miteksystems.com,NW0027067,allocated,69.05,custom,56.0,Sales headcount,commercial,Maya Cohen,maya.cohen@northwind.example,commercial,0,0,,0,1,0,1,0,0,0,2026-07-08,google_calendar,,https://sumble.com/orgs/mitek-systems,,,
536913,altshare,altshare.com,NW0536913,allocated,69.03,custom,33.0,Sales headcount,commercial,Aisha Bello,aisha.bello@northwind.example,commercial,0,0,,0,0,1,0,0,0,0,,,,https://sumble.com/orgs/altshuler-shaham-benefits,,,
31393,Unison,unisonglobal.com,NW0031393,customer,68.98,custom,24.0,Sales headcount,commercial,Diego Castro,diego.castro@northwind.example,commercial,0,0,,0,1,0,1,0,0,0,2026-06-14,google_calendar,,https://sumble.com/orgs/unison-software,,,
104195,Valimail,valimail.com,NW0104195,allocated,68.97,custom,36.0,Sales headcount,commercial,Diego Castro,diego.castro@northwind.example,commercial,0,0,,0,1,0,3,0,0,0,2026-07-14,google_calendar,,https://sumble.com/orgs/valimail,,,
342241,Spectro Cloud,spectrocloud.com,NW0342241,allocated,68.9,custom,35.0,Sales headcount,commercial,Sam Patel,sam.patel@northwind.example,commercial,0,0,,0,1,0,2,0,0,0,2026-07-09,google_calendar,,https://sumble.com/orgs/spectro-cloud,,,
33406,Sourcegraph,sourcegraph.com,NW0033406,allocated,68.87,custom,30.0,Sales headcount,commercial,Sam Patel,sam.patel@northwind.example,commercial,0,0,,0,0,0,0,0,0,0,,,,https://sumble.com/orgs/sourcegraph,,,
97951,sa.global,saglobal.com,NW0097951,allocated,68.85,custom,33.0,Sales headcount,commercial,Alex Rivera,alex.rivera@northwind.example,commercial,0,0,,0,1,0,3,0,0,0,2026-07-17,google_calendar,,https://sumble.com/orgs/saglobal,,,
502336,"WorkForce Software, an ADP company",workforcesoftware.com,NW0502336,allocated,68.79,custom,31.0,Sales headcount,commercial,Sam Patel,sam.patel@northwind.example,commercial,0,0,,0,1,0,3,0,0,0,2026-07-20,google_calendar,,https://sumble.com/orgs/workforce-software,,,
6999,8x8,8x8.com,NW0006999|NW0006999B,allocated,68.78,custom,282.0,Sales headcount,enterprise,Fatima Khan,fatima.khan@northwind.example,enterprise,0,1,Sofia Romano,0,1,0,2,0,0,0,2026-07-17,google_calendar,,https://sumble.com/orgs/8x8,,,
9613,LogicMonitor,logicmonitor.com,NW0009613,allocated,68.78,custom,205.0,Sales headcount,enterprise,Dev Ramesh,dev.ramesh@northwind.example,enterprise,0,0,,0,1,0,1,0,0,0,2026-06-04,google_calendar,,https://sumble.com/orgs/logicmonitor,,,
15789,Housecall Pro,housecallpro.com,NW0015789,allocated,68.73,custom,129.0,Sales headcount,commercial,Alex Rivera,alex.rivera@northwind.example,commercial,0,0,,0,1,0,1,0,0,0,2026-06-10,google_calendar,,https://sumble.com/orgs/housecall-pro,,,
15031,JAGGAER,jaggaer.com,NW0015031,allocated,68.68,custom,147.0,Sales headcount,commercial,Alex Rivera,alex.rivera@northwind.example,commercial,0,0,,0,1,0,3,0,0,0,2026-07-23,google_calendar,,https://sumble.com/orgs/jaggaer,,,
26738,AppZen,appzen.com,NW0026738,allocated,68.65,custom,67.0,Sales headcount,commercial,Alex Rivera,alex.rivera@northwind.example,commercial,0,0,,0,1,0,2,0,0,0,2026-07-27,google_calendar,,https://sumble.com/orgs/appzen,,,
61455,Checkmarx,checkmarx.com,NW0061455,allocated,68.65,custom,161.0,Sales headcount,enterprise,Chen Wei,chen.wei@northwind.example,enterprise,0,0,,0,1,0,2,0,0,0,2026-07-29,google_calendar,,https://sumble.com/orgs/checkmarx,,,
497586,Voyado,voyado.com,NW0497586,allocated,68.63,custom,41.0,Sales headcount,commercial,Alex Rivera,alex.rivera@northwind.example,commercial,0,0,,0,1,0,2,0,0,0,2026-07-23,google_calendar,,https://sumble.com/orgs/voyado-sweden,,,
1103869,Oasis Security,oasis.security,NW1103869,allocated,68.62,custom,31.0,Sales headcount,commercial,Alex Rivera,alex.rivera@northwind.example,commercial,0,0,,0,1,0,1,0,0,0,2026-07-14,google_calendar,,https://sumble.com/orgs/non-human-identity-management-oasis,,,
344458,GetResponse,getresponse.com,NW0344458,allocated,68.62,custom,22.0,Sales headcount,commercial,Ravi Menon,ravi.menon@northwind.example,commercial,0,0,,0,1,0,3,0,0,0,2026-07-15,google_calendar,,https://sumble.com/orgs/getresponse,,,
73354,SugarAI,sugarcrm.com,NW0073354,allocated,68.61,custom,50.0,Sales headcount,commercial,Alex Rivera,alex.rivera@northwind.example,commercial,0,0,,0,1,0,1,0,0,0,2026-07-05,google_calendar,,https://sumble.com/orgs/sugarcrm,,,
58738,Coro,coro.net,NW0058738,allocated,68.6,custom,45.0,Sales headcount,commercial,Alex Rivera,alex.rivera@northwind.example,commercial,0,0,,0,1,0,1,0,0,0,2026-07-15,google_calendar,,https://sumble.com/orgs/coronet-cyber-security,,,
85504,Botify,botify.com,NW0085504,unallocated,68.58,custom,52.0,Sales headcount,commercial,,,,1,0,,0,0,0,0,0,0,0,,,,https://sumble.com/orgs/botify,Noah Schmidt,assign_unallocated,suggested
16878,Emplifi,emplifi.io,NW0016878,customer,68.54,custom,82.0,Sales headcount,commercial,Alex Rivera,alex.rivera@northwind.example,commercial,0,0,,0,1,0,3,0,0,0,2026-07-26,google_calendar,,https://sumble.com/orgs/emplifi,,,
10728,Enfusion (Now CWAN),enfusion.com,NW0010728,allocated,68.53,custom,53.0,Sales headcount,commercial,Jordan Lee,jordan.lee@northwind.example,commercial,0,0,,0,0,0,0,0,0,0,,,,https://sumble.com/orgs/enfusion,,,
17729,"Deque Systems, Inc",deque.com,NW0017729,allocated,68.51,custom,48.0,Sales headcount,commercial,Alex Rivera,alex.rivera@northwind.example,commercial,0,0,,0,1,0,3,0,0,0,2026-07-18,google_calendar,,https://sumble.com/orgs/deque-systems,,,
16846,Serrala,serrala.com,NW0016846,allocated,68.5,custom,65.0,Sales headcount,commercial,Alex Rivera,alex.rivera@northwind.example,commercial,0,0,,0,1,0,3,0,0,0,2026-07-28,google_calendar,,https://sumble.com/orgs/serrala,,,
65815,BrowserStack,browserstack.com,NW0065815,allocated,68.5,custom,301.0,Sales headcount,enterprise,Liam Novak,liam.novak@northwind.example,enterprise,0,0,,0,1,0,3,0,0,0,2026-07-28,google_calendar,,https://sumble.com/orgs/browserstack,,,
11870,Kong,konghq.com,NW0011870,allocated,68.47,custom,219.0,Sales headcount,enterprise,Marcus Bell,marcus.bell@northwind.example,enterprise,0,0,,0,0,0,0,0,0,0,,,,https://sumble.com/orgs/kong,,,
25252,LinkSquares,linksquares.com,NW0025252,allocated,68.47,custom,55.0,Sales headcount,commercial,Alex Rivera,alex.rivera@northwind.example,commercial,0,0,,0,1,0,2,0,0,0,2026-07-24,google_calendar,,https://sumble.com/orgs/linksquares,,,
68966,Ambient.ai,ambient.ai,NW0068966,allocated,68.47,custom,32.0,Sales headcount,commercial,Avery Brooks,avery.brooks@northwind.example,enterprise,0,0,,1,0,0,0,0,0,0,,,,https://sumble.com/orgs/ambient-ai,Elena Petrova,misfit,suggested
523078,ScyllaDB,scylladb.com,NW0523078,unallocated,68.46,custom,20.0,Sales headcount,commercial,,,,1,0,,0,0,0,0,0,0,0,,,,https://sumble.com/orgs/scylladb,Ravi Menon,assign_unallocated,suggested
1205676,Quick Heal,quickheal.com,NW1205676,allocated,68.34,custom,201.0,Sales headcount,enterprise,Grace Okafor,grace.okafor@northwind.example,enterprise,0,0,,0,0,0,0,0,0,0,,,,https://sumble.com/orgs/quick-heal-technologies,,,
22236,PlanSource,plansource.com,NW0022236,allocated,68.33,custom,51.0,Sales headcount,commercial,Jordan Lee,jordan.lee@northwind.example,commercial,0,0,,0,0,0,0,0,0,0,,,,https://sumble.com/orgs/plansource-3,,,
131271,Proactis,proactis.com,NW0131271,unallocated,68.32,custom,41.0,Sales headcount,commercial,,,,1,0,,0,0,0,0,0,0,0,,,,https://sumble.com/orgs/proactis,Maya Cohen,assign_unallocated,suggested
3186,athenahealth,athenahealth.com,NW0003186,allocated,68.25,custom,419.0,Sales headcount,enterprise,Sofia Romano,sofia.romano@northwind.example,enterprise,0,0,,0,1,0,2,0,0,0,2026-07-04,google_calendar,,https://sumble.com/orgs/athenahealth,,,
1198626,Monte Carlo,montecarlodata.com,NW1198626,allocated,68.24,custom,62.0,Sales headcount,commercial,Alex Rivera,alex.rivera@northwind.example,commercial,0,0,,0,0,0,0,0,0,0,,,,https://sumble.com/orgs/monte-carlo-data,,,
1521662,Marg ERP LTD,margerp.com,NW1521662,allocated,68.18,custom,154.0,Sales headcount,enterprise,Avery Brooks,avery.brooks@northwind.example,enterprise,0,0,,0,1,0,3,0,0,0,2026-07-04,google_calendar,,https://sumble.com/orgs/marg-erp,,,
15610,HiBob,hibob.com,NW0015610,allocated,68.16,custom,287.0,Sales headcount,enterprise,Sofia Romano,sofia.romano@northwind.example,enterprise,0,0,,0,0,0,0,0,0,0,,,,https://sumble.com/orgs/hibob,,,
17859,Hootsuite,hootsuite.com,NW0017859,allocated,68.14,custom,260.0,Sales headcount,enterprise,Dev Ramesh,dev.ramesh@northwind.example,enterprise,0,0,,0,1,0,3,0,0,0,2026-07-29,google_calendar,,https://sumble.com/orgs/hootsuite,,,
12933,Precisely,precisely.com,NW0012933,allocated,68.11,custom,350.0,Sales headcount,enterprise,Sofia Romano,sofia.romano@northwind.example,enterprise,0,0,,0,1,0,1,0,0,0,2026-06-12,google_calendar,,https://sumble.com/orgs/precisely,,,
3835,DAT Freight & Analytics,dat.com,NW0003835,allocated,68.1,custom,50.0,Sales headcount,commercial,Alex Rivera,alex.rivera@northwind.example,commercial,0,0,,0,0,0,0,0,0,0,,,,https://sumble.com/orgs/dat-solutions,,,
7161,Domo,domo.com,NW0007161,allocated,68.09,custom,191.0,Sales headcount,enterprise,Priya Nair,priya.nair@northwind.example,commercial,0,0,,1,1,0,3,0,0,0,2026-07-23,google_calendar,,https://sumble.com/orgs/domo,,,
6439,Aspire Systems,aspiresys.com,NW0006439,allocated,68.05,custom,61.0,Sales headcount,commercial,Alex Rivera,alex.rivera@northwind.example,commercial,0,0,,0,1,0,2,0,0,0,2026-07-23,google_calendar,,https://sumble.com/orgs/aspire-systems,,,
86612,Tailscale,tailscale.com,NW0086612,unallocated,68.05,custom,57.0,Sales headcount,commercial,,,,1,0,,0,0,0,0,0,0,0,,,,https://sumble.com/orgs/tailscale,Diego Castro,assign_unallocated,suggested
9427,SmartBear,smartbear.com,NW0009427,allocated,68.02,custom,124.0,Sales headcount,commercial,Sam Patel,sam.patel@northwind.example,commercial,0,0,,0,1,0,2,0,0,0,2026-07-27,google_calendar,,https://sumble.com/orgs/smartbear,,,
20830,Aiven,aiven.io,NW0020830,allocated,67.99,custom,47.0,Sales headcount,commercial,Priya Nair,priya.nair@northwind.example,commercial,0,0,,0,1,0,2,0,0,0,2026-06-28,google_calendar,,https://sumble.com/orgs/aiven,,,
1356040,Roboflow,roboflow.com,NW1356040,allocated,67.98,custom,21.0,Sales headcount,commercial,Noah Schmidt,noah.schmidt@northwind.example,commercial,0,0,,0,1,0,3,0,0,0,2026-07-15,google_calendar,,https://sumble.com/orgs/roboflow-ai,,,
73441,Mend.io,mend.io,NW0073441,allocated,67.98,custom,27.0,Sales headcount,commercial,Diego Castro,diego.castro@northwind.example,commercial,0,0,,0,1,0,2,0,0,0,2026-07-09,google_calendar,,https://sumble.com/orgs/whitesource,,,
139044,Swapcard,swapcard.com,NW0139044,allocated,67.97,custom,16.0,Sales headcount,commercial,Diego Castro,diego.castro@northwind.example,commercial,0,0,,0,1,0,1,0,0,0,2026-06-12,google_calendar,,https://sumble.com/orgs/swapcard,,,
31911,solo.io,solo.io,NW0031911,unallocated,67.94,custom,35.0,Sales headcount,commercial,,,,1,0,,0,0,0,0,0,0,0,,,,https://sumble.com/orgs/soloio,Aisha Bello,assign_unallocated,suggested
8270,Retool,retool.com,NW0008270,allocated,67.94,custom,64.0,Sales headcount,commercial,Rosa Alvarez,rosa.alvarez@northwind.example,enterprise,0,0,,1,0,0,0,0,0,0,,,,https://sumble.com/orgs/retool,Ravi Menon,misfit,suggested
5201,LiveRamp,liveramp.com,NW0005201,allocated,67.91,custom,182.0,Sales headcount,enterprise,Avery Brooks,avery.brooks@northwind.example,enterprise,0,0,,0,1,0,1,0,0,0,2026-07-28,google_calendar,,https://sumble.com/orgs/liveramp,,,
46554,Sendbird,sendbird.com,NW0046554,allocated,67.87,custom,26.0,Sales headcount,commercial,Sam Patel,sam.patel@northwind.example,commercial,0,0,,0,0,0,0,0,0,0,,,,https://sumble.com/orgs/sendbird,,,
11856,Provenir,provenir.com,NW0011856,allocated,67.86,custom,43.0,Sales headcount,commercial,Alex Rivera,alex.rivera@northwind.example,commercial,0,0,,0,1,0,3,0,0,0,2026-07-18,google_calendar,,https://sumble.com/orgs/provenir,,,
5937,Community Brands,communitybrands.com,NW0005937,customer,67.86,custom,49.0,Sales headcount,commercial,Alex Rivera,alex.rivera@northwind.example,commercial,0,0,,0,1,0,1,0,0,0,2026-07-08,google_calendar,,https://sumble.com/orgs/community-brands,,,
10756,"Calabrio, Inc.",calabrio.com,NW0010756,allocated,67.83,custom,51.0,Sales headcount,commercial,Sam Patel,sam.patel@northwind.example,commercial,0,0,,0,1,0,1,0,0,0,2026-07-13,google_calendar,,https://sumble.com/orgs/calabrio,,,
175964,ManagerPlus by Eptura,iofficecorp.com,NW0175964,unallocated,67.76,custom,96.0,Sales headcount,commercial,,,,1,0,,0,0,0,0,0,0,0,,,,https://sumble.com/orgs/ioffice-spaceiq,Elena Petrova,assign_unallocated,suggested
1253696,Arena by PTC,arenasolutions.com,NW1253696,allocated,67.75,custom,28.0,Sales headcount,commercial,Alex Rivera,alex.rivera@northwind.example,commercial,0,0,,0,0,0,0,0,0,0,,,,https://sumble.com/orgs/arena-solutions,,,
63765,Poka Inc.,poka.io,NW0063765,allocated,67.71,custom,37.0,Sales headcount,commercial,Noah Schmidt,noah.schmidt@northwind.example,commercial,0,0,,0,0,0,0,0,0,0,,,,https://sumble.com/orgs/poka,,,
12294,Ivanti,ivanti.com,NW0012294,allocated,67.7,custom,526.0,Sales headcount,enterprise,Marcus Bell,marcus.bell@northwind.example,enterprise,0,0,,0,0,0,0,0,0,0,,,,https://sumble.com/orgs/ivanti,,,
44618,RD Station,resultadosdigitais.com.br,NW0044618,allocated,67.65,custom,74.0,Sales headcount,commercial,Alex Rivera,alex.rivera@northwind.example,commercial,0,0,,0,1,0,3,0,0,0,2026-07-29,google_calendar,,https://sumble.com/orgs/rd-station,,,
337024,Solita,solita.fi,NW0337024,unallocated,67.62,custom,52.0,Sales headcount,commercial,,,,1,0,,0,0,0,0,0,0,0,,,,https://sumble.com/orgs/solita,Noah Schmidt,assign_unallocated,suggested
39269,Profisee,profisee.com,NW0039269,allocated,67.62,custom,35.0,Sales headcount,commercial,Maya Cohen,maya.cohen@northwind.example,commercial,0,0,,0,1,0,2,0,0,0,2026-06-17,google_calendar,,https://sumble.com/orgs/profisee,,,
2492,Celonis,celonis.com,NW0002492,unallocated,67.56,custom,433.0,Sales headcount,enterprise,,,,1,0,,0,0,0,0,0,0,0,,,,https://sumble.com/orgs/celonis,Liam Novak,assign_unallocated,suggested
110214,Alcumus,alcumus.com,NW0110214,allocated,67.55,custom,46.0,Sales headcount,commercial,Jordan Lee,jordan.lee@northwind.example,commercial,0,0,,0,1,0,1,0,0,0,2026-06-05,google_calendar,,https://sumble.com/orgs/alcumus,,,
16198,StarCompliance,starcompliance.com,NW0016198,allocated,67.55,custom,19.0,Sales headcount,commercial,Jordan Lee,jordan.lee@northwind.example,commercial,0,0,,0,1,0,1,0,0,0,2026-06-25,google_calendar,,https://sumble.com/orgs/starcompliance,,,
12660,Cognism,cognism.com,NW0012660,allocated,67.53,custom,105.0,Sales headcount,commercial,Maya Cohen,maya.cohen@northwind.example,commercial,0,0,,0,1,0,1,0,0,0,2026-07-24,google_calendar,,https://sumble.com/orgs/cognism-ltd,,,
7854,SDG Group,sdggroup.com,NW0007854,allocated,67.53,custom,26.0,Sales headcount,commercial,Aisha Bello,aisha.bello@northwind.example,commercial,0,0,,0,0,0,0,0,0,0,,,,https://sumble.com/orgs/sdg-group,,,
8714,NinjaOne,ninjaone.com,NW0008714,allocated,67.51,custom,653.0,Sales headcount,enterprise,Avery Brooks,avery.brooks@northwind.example,enterprise,0,0,,0,0,0,0,0,0,0,,,,https://sumble.com/orgs/ninjaone,,,
526752,PCG - Public Cloud Group,publiccloudgroup.com,NW0526752,allocated,67.49,custom,36.0,Sales headcount,commercial,Alex Rivera,alex.rivera@northwind.example,commercial,0,0,,0,1,0,2,0,0,0,2026-07-27,google_calendar,,https://sumble.com/orgs/public-cloud-group-gmbh,,,
683392,groundcover,groundcover.com,NW0683392,allocated,67.49,custom,23.0,Sales headcount,commercial,Priya Nair,priya.nair@northwind.example,commercial,0,0,,0,0,0,0,0,0,0,,,,https://sumble.com/orgs/groundcover-com,,,
25359,WatchGuard Technologies,watchguard.com,NW0025359,allocated,67.48,custom,208.0,Sales headcount,enterprise,Fatima Khan,fatima.khan@northwind.example,enterprise,0,0,,0,0,0,0,0,0,0,,,,https://sumble.com/orgs/watchguard-technologies,,,
15719,Netradyne,netradyne.com,NW0015719,unallocated,67.42,custom,109.0,Sales headcount,commercial,,,,1,0,,0,0,0,0,0,0,0,,,,https://sumble.com/orgs/netradyne,Ravi Menon,assign_unallocated,suggested
4365,Outreach,outreach.io,NW0004365,allocated,67.4,custom,158.0,Sales headcount,enterprise,Rosa Alvarez,rosa.alvarez@northwind.example,enterprise,0,0,,0,0,0,0,0,0,0,,,,https://sumble.com/orgs/outreach-io,,,
226858,Alation,alation.com,NW0226858,allocated,67.39,custom,82.0,Sales headcount,commercial,Elena Petrova,elena.petrova@northwind.example,commercial,0,0,,0,1,0,3,0,0,0,2026-07-24,google_calendar,,https://sumble.com/orgs/alation,,,
71544,TMA Systems,tmasystems.com,NW0071544,allocated,67.36,custom,24.0,Sales headcount,commercial,Alex Rivera,alex.rivera@northwind.example,commercial,0,0,,0,1,0,1,0,0,0,2026-07-14,google_calendar,,https://sumble.com/orgs/tma-systems,,,
89746,Airship,airship.com,NW0089746,allocated,67.35,custom,49.0,Sales headcount,commercial,Sam Patel,sam.patel@northwind.example,commercial,0,0,,0,1,0,3,0,0,0,2026-07-29,google_calendar,,https://sumble.com/orgs/airship-1,,,
10156,MERGE,mergeworld.com,NW0010156,unallocated,67.31,custom,74.0,Sales headcount,commercial,,,,1,0,,0,0,0,0,0,0,0,,,,https://sumble.com/orgs/merge-d9f7fe76,Maya Cohen,assign_unallocated,suggested
89023,Patsnap,patsnap.com,NW0089023,allocated,67.31,custom,142.0,Sales headcount,commercial,Diego Castro,diego.castro@northwind.example,commercial,0,0,,0,1,0,1,0,0,0,2026-06-09,google_calendar,,https://sumble.com/orgs/patsnap,,,
190017,Pipefy,pipefy.com,NW0190017,allocated,67.28,custom,128.0,Sales headcount,commercial,Jordan Lee,jordan.lee@northwind.example,commercial,0,0,,0,0,0,0,0,0,0,,,,https://sumble.com/orgs/pipefy,,,
21088,ScriptPro,scriptpro.com,NW0021088,unallocated,67.28,custom,22.0,Sales headcount,commercial,,,,1,0,,0,0,0,0,0,0,0,,,,https://sumble.com/orgs/scriptpro,Diego Castro,assign_unallocated,suggested
438847,Uplers,uplers.com,NW0438847,unallocated,67.23,custom,42.0,Sales headcount,commercial,,,,1,0,,0,0,0,0,0,0,0,,,,https://sumble.com/orgs/uplers,Aisha Bello,assign_unallocated,suggested
61047,Gurobi Optimization,gurobi.com,NW0061047,allocated,67.23,custom,41.0,Sales headcount,commercial,Sam Patel,sam.patel@northwind.example,commercial,0,0,,0,1,0,1,0,0,0,2026-07-16,google_calendar,,https://sumble.com/orgs/gurobi-optimization,,,
9421,Kyriba,kyriba.com,NW0009421,allocated,67.13,custom,240.0,Sales headcount,enterprise,Sofia Romano,sofia.romano@northwind.example,enterprise,0,0,,0,0,0,0,0,0,0,,,,https://sumble.com/orgs/kyriba,,,
1194980,LinearB,linearb.io,NW1194980,allocated,67.06,custom,20.0,Sales headcount,commercial,Aisha Bello,aisha.bello@northwind.example,commercial,0,0,,0,0,0,0,0,0,0,,,,https://sumble.com/orgs/linearb,,,
4793,Pluralsight,pluralsight.com,NW0004793,allocated,67.05,custom,263.0,Sales headcount,enterprise,Liam Novak,liam.novak@northwind.example,enterprise,0,0,,0,1,0,2,0,0,0,2026-07-11,google_calendar,,https://sumble.com/orgs/pluralsight,,,
9147,Nasuni,nasuni.com,NW0009147,unallocated,67.04,custom,107.0,Sales headcount,commercial,,,,1,0,,0,0,0,0,0,0,0,,,,https://sumble.com/orgs/nasuni,Priya Nair,assign_unallocated,suggested
523897,Praxedo,praxedo.fr,NW0523897,allocated,67.01,custom,29.0,Sales headcount,commercial,Alex Rivera,alex.rivera@northwind.example,commercial,0,0,,0,0,0,0,0,0,0,,,,https://sumble.com/orgs/praxedo,,,
76107,Storyblok,storyblok.com,NW0076107,allocated,67.01,custom,74.0,Sales headcount,commercial,Ravi Menon,ravi.menon@northwind.example,commercial,0,0,,0,0,0,0,0,0,0,,,,https://sumble.com/orgs/storyblok,,,
1018725,Boast,boast.ai,NW1018725,allocated,66.99,custom,23.0,Sales headcount,commercial,Alex Rivera,alex.rivera@northwind.example,commercial,0,0,,0,1,0,1,0,0,0,2026-07-19,google_calendar,,https://sumble.com/orgs/boast-ai,,,
5041,Similarweb,similarweb.com,NW0005041,allocated,66.96,custom,173.0,Sales headcount,enterprise,Chen Wei,chen.wei@northwind.example,enterprise,0,0,,0,0,0,0,0,0,0,,,,https://sumble.com/orgs/similarweb,,,
46119,Traba,traba.work,NW0046119,customer,66.93,custom,12.0,Sales headcount,commercial,Aisha Bello,aisha.bello@northwind.example,commercial,0,0,,0,0,0,0,0,0,0,,,,https://sumble.com/orgs/traba-work,,,
32543,Algonomy,algonomy.com,NW0032543,allocated,66.92,custom,16.0,Sales headcount,commercial,Ravi Menon,ravi.menon@northwind.example,commercial,0,0,,0,1,0,2,0,0,0,2026-06-09,google_calendar,,https://sumble.com/orgs/algonomy,,,
24395,Flexera,flexera.com,NW0024395,allocated,66.86,custom,287.0,Sales headcount,enterprise,Avery Brooks,avery.brooks@northwind.example,enterprise,0,0,,0,1,0,2,0,0,0,2026-07-10,google_calendar,,https://sumble.com/orgs/flexera,,,
50789,Supabase,supabase.com,NW0050789,allocated,66.86,custom,16.0,Sales headcount,commercial,Maya Cohen,maya.cohen@northwind.example,commercial,0,0,,0,0,0,0,0,0,0,,,,https://sumble.com/orgs/supabase,,,
9633,SecurityScorecard,securityscorecard.com,NW0009633,allocated,66.86,custom,100.0,Sales headcount,commercial,Elena Petrova,elena.petrova@northwind.example,commercial,0,0,,0,1,0,3,0,0,0,2026-07-24,google_calendar,,https://sumble.com/orgs/securityscorecard,,,
56794,Ardoq,ardoq.com,NW0056794,allocated,66.85,custom,65.0,Sales headcount,commercial,Elena Petrova,elena.petrova@northwind.example,commercial,0,0,,0,1,0,1,0,0,0,2026-07-01,google_calendar,,https://sumble.com/orgs/ardoq,,,
516627,Finom,finom.co,NW0516627,allocated,66.84,custom,37.0,Sales headcount,commercial,Sam Patel,sam.patel@northwind.example,commercial,0,0,,0,1,0,2,0,0,0,2026-07-14,google_calendar,,https://sumble.com/orgs/finomhq,,,
31375,Sonata Software,sonata-software.com,NW0031375,allocated,66.83,custom,125.0,Sales headcount,commercial,Elena Petrova,elena.petrova@northwind.example,commercial,0,0,,0,0,0,0,0,0,0,,,,https://sumble.com/orgs/sonata-software,,,
16886,OVHcloud,ovhcloud.com,NW0016886,allocated,66.82,custom,178.0,Sales headcount,enterprise,Avery Brooks,avery.brooks@northwind.example,enterprise,0,0,,0,0,0,0,0,0,0,,,,https://sumble.com/orgs/ovhcloud,,,
41562,Sprinto,sprinto.com,NW0041562,allocated,66.82,custom,76.0,Sales headcount,commercial,Alex Rivera,alex.rivera@northwind.example,commercial,0,0,,0,1,0,3,0,0,0,2026-07-20,google_calendar,,https://sumble.com/orgs/sprinto,,,
23474,Papaya Global,papayaglobal.com,NW0023474,allocated,66.75,custom,97.0,Sales headcount,commercial,Dev Ramesh,dev.ramesh@northwind.example,enterprise,0,0,,1,0,0,0,0,0,0,,,,https://sumble.com/orgs/papaya-global,Aisha Bello,misfit,suggested
8472,PagerDuty,pagerduty.com,NW0008472,allocated,66.74,custom,170.0,Sales headcount,enterprise,Marcus Bell,marcus.bell@northwind.example,enterprise,0,0,,0,0,0,0,0,0,0,,,,https://sumble.com/orgs/pagerduty,,,
33650,PayFit,payfit.com,NW0033650,customer,66.72,custom,134.0,Sales headcount,commercial,Diego Castro,diego.castro@northwind.example,commercial,0,0,,0,0,0,0,0,0,0,,,,https://sumble.com/orgs/payfit,,,
34601,DataStax,datastax.com,NW0034601,allocated,66.72,custom,29.0,Sales headcount,commercial,Maya Cohen,maya.cohen@northwind.example,commercial,0,0,,0,0,0,0,0,0,0,,,,https://sumble.com/orgs/datastax,,,
2972,PubMatic,pubmatic.com,NW0002972,unallocated,66.7,custom,52.0,Sales headcount,commercial,,,,1,0,,0,0,0,0,0,0,0,,,,https://sumble.com/orgs/pubmatic,Elena Petrova,assign_unallocated,suggested
15978,DeepL,deepl.com,NW0015978,allocated,66.64,custom,225.0,Sales headcount,enterprise,Sofia Romano,sofia.romano@northwind.example,enterprise,0,0,,0,1,0,2,0,0,0,2026-07-18,google_calendar,,https://sumble.com/orgs/deepl-se,,,
208806,Simpli.fi,simpli.fi,NW0208806,allocated,66.63,custom,227.0,Sales headcount,enterprise,Liam Novak,liam.novak@northwind.example,enterprise,0,0,,0,1,0,2,0,0,0,2026-07-24,google_calendar,,https://sumble.com/orgs/simpli.fi,,,
13050,Dremio,dremio.com,NW0013050,allocated,66.6,custom,35.0,Sales headcount,commercial,Jordan Lee,jordan.lee@northwind.example,commercial,0,0,,0,1,0,2,0,0,0,2026-07-27,google_calendar,,https://sumble.com/orgs/dremio,,,
76182,Webexpenses,webexpenses.com,NW0076182,allocated,66.58,custom,39.0,Sales headcount,commercial,Diego Castro,diego.castro@northwind.example,commercial,0,0,,0,0,0,0,0,0,0,,,,https://sumble.com/orgs/webexpenses,,,
29392,Eckoh,eckoh.com,NW0029392,allocated,66.5,custom,19.0,Sales headcount,commercial,Noah Schmidt,noah.schmidt@northwind.example,commercial,0,0,,0,0,0,0,0,0,0,,,,https://sumble.com/orgs/eckoh,,,
536799,XOi,xoi.io,NW0536799,allocated,66.48,custom,24.0,Sales headcount,commercial,Sam Patel,sam.patel@northwind.example,commercial,0,0,,0,0,0,0,0,0,0,,,,https://sumble.com/orgs/xo-eye-technologies,,,
5969,Clari,clari.com,NW0005969,unallocated,66.48,custom,58.0,Sales headcount,commercial,,,,1,0,,0,0,0,0,0,0,0,,,,https://sumble.com/orgs/clari,Noah Schmidt,assign_unallocated,suggested
25812,Radware,radware.com,NW0025812,allocated,66.46,custom,206.0,Sales headcount,enterprise,Rosa Alvarez,rosa.alvarez@northwind.example,enterprise,0,0,,0,1,0,2,0,0,0,2026-07-23,google_calendar,,https://sumble.com/orgs/radware,,,
3963,Infoblox,infoblox.com,NW0003963,allocated,66.44,custom,525.0,Sales headcount,enterprise,Dev Ramesh,dev.ramesh@northwind.example,enterprise,0,0,,0,1,0,3,0,0,0,2026-07-16,google_calendar,,https://sumble.com/orgs/infoblox,,,
17372,TCP Software,tcpsoftware.com,NW0017372,allocated,66.38,custom,188.0,Sales headcount,enterprise,Grace Okafor,grace.okafor@northwind.example,enterprise,0,0,,0,0,0,0,0,0,0,,,,https://sumble.com/orgs/tcp-software,,,
46474,Paessler GmbH,paessler.com,NW0046474,unallocated,66.32,custom,60.0,Sales headcount,commercial,,,,1,0,,0,0,0,0,0,0,0,,,,https://sumble.com/orgs/paessler,Ravi Menon,assign_unallocated,suggested
39084,Pulumi,pulumi.com,NW0039084,unallocated,66.31,custom,18.0,Sales headcount,commercial,,,,1,0,,0,0,0,0,0,0,0,,,,https://sumble.com/orgs/pulumi,Maya Cohen,assign_unallocated,suggested
1217685,Ververica,ververica.com,NW1217685,allocated,66.24,custom,18.0,Sales headcount,commercial,Alex Rivera,alex.rivera@northwind.example,commercial,0,0,,0,1,0,2,0,0,0,2026-07-19,google_calendar,,https://sumble.com/orgs/ververica,,,
2623,Ellucian,ellucian.com,NW0002623,allocated,66.18,custom,180.0,Sales headcount,enterprise,Liam Novak,liam.novak@northwind.example,enterprise,0,0,,0,1,0,3,0,0,0,2026-07-17,google_calendar,,https://sumble.com/orgs/ellucian,,,
1165758,Aikido Security,aikido.dev,NW1165758,unallocated,66.17,custom,59.0,Sales headcount,commercial,,,,1,0,,0,0,0,0,0,0,0,,,,https://sumble.com/orgs/aikido-security,Diego Castro,assign_unallocated,suggested
21514,Tealium,tealium.com,NW0021514,allocated,66.16,custom,120.0,Sales headcount,commercial,Aisha Bello,aisha.bello@northwind.example,commercial,0,0,,0,0,0,0,0,0,0,,,,https://sumble.com/orgs/tealium,,,
619585,Nimble,nimbleway.com,NW0619585,allocated,66.16,custom,19.0,Sales headcount,commercial,Priya Nair,priya.nair@northwind.example,commercial,0,0,,0,1,0,2,0,0,0,2026-06-26,google_calendar,,https://sumble.com/orgs/nimbledata,,,
474011,Quantum Metric,quantummetric.com,NW0474011,allocated,66.13,custom,107.0,Sales headcount,commercial,Aisha Bello,aisha.bello@northwind.example,commercial,0,0,,0,1,0,2,0,0,0,2026-07-02,google_calendar,,https://sumble.com/orgs/quantum-metric,,,
89218,YuJa,yuja.com,NW0089218,unallocated,66.09,custom,36.0,Sales headcount,commercial,,,,1,0,,0,0,0,0,0,0,0,,,,https://sumble.com/orgs/yuja,Aisha Bello,assign_unallocated,suggested
13210,PROS,pros.com,NW0013210,allocated,66.06,custom,61.0,Sales headcount,commercial,Ravi Menon,ravi.menon@northwind.example,commercial,0,0,,0,1,0,2,0,0,0,2026-07-26,google_calendar,,https://sumble.com/orgs/pros,,,
8845,OneSpan,onespan.com,NW0008845,allocated,66.06,custom,76.0,Sales headcount,commercial,Aisha Bello,aisha.bello@northwind.example,commercial,0,0,,0,1,0,3,0,0,0,2026-07-22,google_calendar,,https://sumble.com/orgs/onespan,,,
68262,DNSFilter,dnsfilter.com,NW0068262,allocated,66.03,custom,18.0,Sales headcount,commercial,Ravi Menon,ravi.menon@northwind.example,commercial,0,0,,0,0,0,0,0,0,0,,,,https://sumble.com/orgs/dnsfilter,,,
86987,Yousign,yousign.com,NW0086987,allocated,66.02,custom,43.0,Sales headcount,commercial,Diego Castro,diego.castro@northwind.example,commercial,0,0,,0,1,0,3,0,0,0,2026-07-30,google_calendar,,https://sumble.com/orgs/yousign,,,
515102,Pave,pave.com,NW0515102,allocated,66.01,custom,40.0,Sales headcount,commercial,Alex Rivera,alex.rivera@northwind.example,commercial,0,0,,0,1,0,3,0,0,0,2026-07-23,google_calendar,,https://sumble.com/orgs/trove-equity,,,
34088,TrueCommerce,truecommerce.com,NW0034088,allocated,65.98,custom,84.0,Sales headcount,commercial,Ravi Menon,ravi.menon@northwind.example,commercial,0,0,,0,1,0,3,0,0,0,2026-07-25,google_calendar,,https://sumble.com/orgs/truecommerce,,,
532686,Zabbix,zabbix.com,NW0532686,unallocated,65.97,custom,17.0,Sales headcount,commercial,,,,1,0,,0,0,0,0,0,0,0,,,,https://sumble.com/orgs/zabbix,Priya Nair,assign_unallocated,suggested
8836,Sumo Logic,sumologic.com,NW0008836,unallocated,65.97,custom,148.0,Sales headcount,commercial,,,,1,0,,0,0,0,0,0,0,0,,,,https://sumble.com/orgs/sumo-logic,Elena Petrova,assign_unallocated,suggested
14252,CSG,csgi.com,NW0014252,allocated,65.92,custom,145.0,Sales headcount,commercial,Elena Petrova,elena.petrova@northwind.example,commercial,0,0,,0,1,0,1,0,0,0,2026-07-23,google_calendar,,https://sumble.com/orgs/csg-0123ff4b,,,
5706,Amplitude,amplitude.com,NW0005706,allocated,65.92,custom,187.0,Sales headcount,enterprise,Marcus Bell,marcus.bell@northwind.example,enterprise,0,0,,0,0,0,0,0,0,0,,,,https://sumble.com/orgs/amplitude-1,,,
20615,Snorkel AI,snorkel.ai,NW0020615,allocated,65.9,custom,16.0,Sales headcount,commercial,Noah Schmidt,noah.schmidt@northwind.example,commercial,0,0,,0,0,0,0,0,0,0,,,,https://sumble.com/orgs/snorkel-ai,,,
3415,Qualys,qualys.com,NW0003415,customer,65.9,custom,192.0,Sales headcount,enterprise,Marcus Bell,marcus.bell@northwind.example,enterprise,0,0,,0,1,0,2,0,0,0,2026-07-19,google_calendar,,https://sumble.com/orgs/qualys,,,
62449,"Datacor, Inc.",datacor.com,NW0062449,allocated,65.89,custom,28.0,Sales headcount,commercial,Elena Petrova,elena.petrova@northwind.example,commercial,0,0,,0,1,0,2,0,0,0,2026-07-25,google_calendar,,https://sumble.com/orgs/datacor,,,
1865480,Common Room,commonroom.io,NW1865480,allocated,65.88,custom,41.0,Sales headcount,commercial,Noah Schmidt,noah.schmidt@northwind.example,commercial,0,0,,0,0,0,0,0,0,0,,,,https://sumble.com/orgs/common-room-hq,,,
6634,Vectra AI,vectra.ai,NW0006634,allocated,65.88,custom,86.0,Sales headcount,commercial,Maya Cohen,maya.cohen@northwind.example,commercial,0,0,,0,0,0,0,0,0,0,,,,https://sumble.com/orgs/vectra-ai,,,
32322,AfterShip,aftership.com,NW0032322,allocated,65.87,custom,15.0,Sales headcount,commercial,Noah Schmidt,noah.schmidt@northwind.example,commercial,0,0,,0,0,0,0,0,0,0,,,,https://sumble.com/orgs/aftership,,,
17077,Keyloop,keyloop.com,NW0017077,allocated,65.85,custom,178.0,Sales headcount,enterprise,Sofia Romano,sofia.romano@northwind.example,enterprise,0,0,,0,1,0,2,0,0,0,2026-07-20,google_calendar,,https://sumble.com/orgs/keyloop,,,
4865,Kinaxis,kinaxis.com,NW0004865,allocated,65.85,custom,181.0,Sales headcount,enterprise,Noah Schmidt,noah.schmidt@northwind.example,commercial,0,0,,1,0,0,0,0,0,0,,,,https://sumble.com/orgs/kinaxis,Rosa Alvarez,misfit,suggested
23756,Ideagen,ideagen.com,NW0023756,allocated,65.83,custom,165.0,Sales headcount,enterprise,Fatima Khan,fatima.khan@northwind.example,enterprise,0,0,,0,1,0,3,0,0,0,2026-07-16,google_calendar,,https://sumble.com/orgs/ideagen,,,
1436097,Highgate IT Solutions,highgate-it.co.uk,NW1436097,allocated,65.81,custom,35.0,Sales headcount,commercial,Alex Rivera,alex.rivera@northwind.example,commercial,0,0,,0,1,0,1,0,0,0,2026-07-12,google_calendar,,https://sumble.com/orgs/highgate-it-solutions,,,
69621,Cyware,cyware.com,NW0069621,unallocated,65.81,custom,14.0,Sales headcount,commercial,,,,1,0,,0,0,0,0,0,0,0,,,,https://sumble.com/orgs/cyware,Noah Schmidt,assign_unallocated,suggested
505689,Forsys Inc,forsysinc.com,NW0505689,allocated,65.77,custom,17.0,Sales headcount,commercial,Alex Rivera,alex.rivera@northwind.example,commercial,0,0,,0,1,0,1,0,0,0,2026-06-20,google_calendar,,https://sumble.com/orgs/forsysinc,,,
13924,Sinch,sinch.com,NW0013924,allocated,65.71,custom,416.0,Sales headcount,enterprise,Yuki Tanaka,yuki.tanaka@northwind.example,enterprise,0,0,,0,0,0,0,0,0,0,,,,https://sumble.com/orgs/sinch,,,
504289,Mavlers,mavlers.com,NW0504289,allocated,65.71,custom,26.0,Sales headcount,commercial,Priya Nair,priya.nair@northwind.example,commercial,0,0,,0,1,0,1,0,0,0,2026-06-24,google_calendar,,https://sumble.com/orgs/mavlers,,,
2099,Mimecast,mimecast.com,NW0002099,allocated,65.7,custom,547.0,Sales headcount,enterprise,Marcus Bell,marcus.bell@northwind.example,enterprise,0,0,,0,0,0,0,0,0,0,,,,https://sumble.com/orgs/mimecast,,,
66155,IPNET by Vivo,ipnet.cloud,NW0066155,allocated,65.7,custom,51.0,Sales headcount,commercial,Alex Rivera,alex.rivera@northwind.example,commercial,0,0,,0,1,0,3,0,0,0,2026-07-28,google_calendar,,https://sumble.com/orgs/ipnet-growth-partner,,,
2605,Global Relay,globalrelay.com,NW0002605,customer,65.68,custom,52.0,Sales headcount,commercial,Chen Wei,chen.wei@northwind.example,enterprise,0,0,,1,0,0,0,0,0,0,,,,https://sumble.com/orgs/global-relay,Elena Petrova,misfit,suggested
69945,Cast AI,cast.ai,NW0069945,allocated,65.68,custom,43.0,Sales headcount,commercial,Diego Castro,diego.castro@northwind.example,commercial,0,0,,0,1,0,1,0,0,0,2026-06-28,google_calendar,,https://sumble.com/orgs/cast-ai,,,
176511,Bizzdesign,bizzdesign.com,NW0176511,allocated,65.67,custom,90.0,Sales headcount,commercial,Alex Rivera,alex.rivera@northwind.example,commercial,0,0,,0,0,0,0,0,0,0,,,,https://sumble.com/orgs/bizzdesign,,,
4529,Asana,asana.com,NW0004529,allocated,65.65,custom,357.0,Sales headcount,enterprise,Sofia Romano,sofia.romano@northwind.example,enterprise,0,0,,0,1,0,1,0,0,0,2026-07-25,google_calendar,,https://sumble.com/orgs/asana,,,
6901,VISEO,viseo.com,NW0006901,allocated,65.62,custom,60.0,Sales headcount,commercial,Alex Rivera,alex.rivera@northwind.example,commercial,0,0,,0,1,0,2,0,0,0,2026-07-29,google_calendar,,https://sumble.com/orgs/viseo,,,
23245,QAD,qad.com,NW0023245,allocated,65.61,custom,131.0,Sales headcount,commercial,Alex Rivera,alex.rivera@northwind.example,commercial,0,0,,0,1,0,1,0,0,0,2026-07-08,google_calendar,,https://sumble.com/orgs/qad,,,
13137,Lambda,lambda.ai,NW0013137,allocated,65.58,custom,19.0,Sales headcount,commercial,Priya Nair,priya.nair@northwind.example,commercial,0,0,,0,1,0,1,0,0,0,2026-06-23,google_calendar,,https://sumble.com/orgs/lambda,,,
18326,Questel,questel.com,NW0018326,unallocated,65.58,custom,123.0,Sales headcount,commercial,,,,1,0,,0,0,0,0,0,0,0,,,,https://sumble.com/orgs/questel,Ravi Menon,assign_unallocated,suggested
8641,JFrog,jfrog.com,NW0008641,allocated,65.57,custom,228.0,Sales headcount,enterprise,Fatima Khan,fatima.khan@northwind.example,enterprise,0,0,,0,0,0,0,0,0,0,,,,https://sumble.com/orgs/jfrog,,,
161312,Indicium AI,indicium.tech,NW0161312,customer,65.56,custom,20.0,Sales headcount,commercial,Sam Patel,sam.patel@northwind.example,commercial,0,0,,0,1,0,3,0,0,0,2026-07-22,google_calendar,,https://sumble.com/orgs/indicium,,,
1802470,Zip,ziphq.com,NW1802470,allocated,65.54,custom,259.0,Sales headcount,enterprise,Avery Brooks,avery.brooks@northwind.example,enterprise,0,0,,0,0,0,0,0,0,0,,,,https://sumble.com/orgs/theziphq,,,
52935,Corelight,corelight.com,NW0052935,allocated,65.54,custom,117.0,Sales headcount,commercial,Alex Rivera,alex.rivera@northwind.example,commercial,0,0,,0,1,0,1,0,0,0,2026-07-27,google_calendar,,https://sumble.com/orgs/corelight,,,
26103,Cockroach Labs,cockroachlabs.com,NW0026103,allocated,65.52,custom,125.0,Sales headcount,commercial,Liam Novak,liam.novak@northwind.example,enterprise,0,0,,1,0,0,0,0,0,0,,,,https://sumble.com/orgs/cockroach-labs,Elena Petrova,misfit,suggested
62862,Quinyx,quinyx.com,NW0062862,allocated,65.52,custom,34.0,Sales headcount,commercial,Noah Schmidt,noah.schmidt@northwind.example,commercial,0,0,,0,0,0,0,0,0,0,,,,https://sumble.com/orgs/quinyx,,,
127296,Navina,navina.ai,NW0127296,allocated,65.51,custom,19.0,Sales headcount,commercial,Fatima Khan,fatima.khan@northwind.example,enterprise,0,0,,1,0,0,0,0,0,0,,,,https://sumble.com/orgs/navina,Ravi Menon,misfit,suggested
41286,GBTEC Group,gbtec.com,NW0041286,allocated,65.51,custom,24.0,Sales headcount,commercial,Maya Cohen,maya.cohen@northwind.example,commercial,0,0,,0,1,0,2,0,0,0,2026-07-14,google_calendar,,https://sumble.com/orgs/gbtec-software,,,
37656,Carbon6,carbon6.io,NW0037656,customer,65.49,custom,15.0,Sales headcount,commercial,Ravi Menon,ravi.menon@northwind.example,commercial,0,0,,0,0,0,0,0,0,0,,,,https://sumble.com/orgs/carbon6,,,
108854,Orca Security,orca.security,NW0108854,customer,65.46,custom,87.0,Sales headcount,commercial,Alex Rivera,alex.rivera@northwind.example,commercial,0,0,,0,1,0,1,0,0,0,2026-07-20,google_calendar,,https://sumble.com/orgs/orca-security,,,
1787188,Numeral,numeralhq.com,NW1787188,allocated,65.46,custom,30.0,Sales headcount,commercial,Ravi Menon,ravi.menon@northwind.example,commercial,0,0,,0,0,0,0,0,0,0,,,,https://sumble.com/orgs/numeralhq,,,
196087,Netcraft,netcraft.com,NW0196087,unallocated,65.43,custom,40.0,Sales headcount,commercial,,,,1,0,,0,0,0,0,0,0,0,,,,https://sumble.com/orgs/netcraft,Maya Cohen,assign_unallocated,suggested
4062,Xero,xero.com,NW0004062,allocated,65.42,custom,298.0,Sales headcount,enterprise,Marcus Bell,marcus.bell@northwind.example,enterprise,0,0,,0,1,0,1,0,0,0,2026-07-23,google_calendar,,https://sumble.com/orgs/xero,,,
587841,Conduktor,conduktor.io,NW0587841,allocated,65.42,custom,16.0,Sales headcount,commercial,Aisha Bello,aisha.bello@northwind.example,commercial,0,0,,0,0,0,0,0,0,0,,,,https://sumble.com/orgs/conduktor,,,
10314,Tipalti,tipalti.com,NW0010314,allocated,65.4,custom,207.0,Sales headcount,enterprise,Liam Novak,liam.novak@northwind.example,enterprise,0,0,,0,1,0,3,0,0,0,2026-07-07,google_calendar,,https://sumble.com/orgs/tipalti,,,
4936,InterSystems,intersystems.com,NW0004936,allocated,65.36,custom,257.0,Sales headcount,enterprise,Marcus Bell,marcus.bell@northwind.example,enterprise,0,0,,0,1,0,2,0,0,0,2026-07-18,google_calendar,,https://sumble.com/orgs/intersystems,,,
8985,TraceLink,tracelink.com,NW0008985,allocated,65.33,custom,70.0,Sales headcount,commercial,Elena Petrova,elena.petrova@northwind.example,commercial,0,0,,0,0,0,0,0,0,0,,,,"https://sumble.com/orgs/tracelink,-inc.",,,
93937,Capacity,capacity.com,NW0093937,allocated,65.33,custom,40.0,Sales headcount,commercial,Elena Petrova,elena.petrova@northwind.example,commercial,0,0,,0,0,0,0,0,0,0,,,,https://sumble.com/orgs/capacity-89874532,,,
19575,FCamara,fcamara.com,NW0019575,allocated,65.31,custom,21.0,Sales headcount,commercial,Jordan Lee,jordan.lee@northwind.example,commercial,0,0,,0,1,0,1,0,0,0,2026-07-11,google_calendar,,https://sumble.com/orgs/fcamara,,,
7646,BlueVoyant,bluevoyant.com,NW0007646,allocated,65.24,custom,78.0,Sales headcount,commercial,Priya Nair,priya.nair@northwind.example,commercial,0,0,,0,0,0,0,0,0,0,,,,https://sumble.com/orgs/bluevoyant,,,
16992,Visier Inc.,visier.com,NW0016992,allocated,65.23,custom,61.0,Sales headcount,commercial,Jordan Lee,jordan.lee@northwind.example,commercial,0,0,,0,1,0,1,0,0,0,2026-07-17,google_calendar,,https://sumble.com/orgs/visier,,,
22887,Upsun (formerly Platform.sh),platform.sh,NW0022887,allocated,65.21,custom,24.0,Sales headcount,commercial,Jordan Lee,jordan.lee@northwind.example,commercial,0,0,,0,0,0,0,0,0,0,,,,https://sumble.com/orgs/platform-sh,,,
214223,Singular,singular.net,NW0214223,unallocated,65.2,custom,34.0,Sales headcount,commercial,,,,1,0,,0,0,0,0,0,0,0,,,,https://sumble.com/orgs/singular,Diego Castro,assign_unallocated,suggested
69392,Triple Whale,triplewhale.com,NW0069392,allocated,65.2,custom,55.0,Sales headcount,commercial,Sam Patel,sam.patel@northwind.example,commercial,0,0,,0,0,0,0,0,0,0,,,,https://sumble.com/orgs/triple-whale,,,
1675125,foundit,foundit.ai,NW1675125,allocated,65.19,custom,153.0,Sales headcount,enterprise,Liam Novak,liam.novak@northwind.example,enterprise,0,0,,0,1,0,3,0,0,0,2026-07-17,google_calendar,,https://sumble.com/orgs/foundit-jobs,,,
172276,Revizto,revizto.com,NW0172276,customer,65.19,custom,52.0,Sales headcount,commercial,Elena Petrova,elena.petrova@northwind.example,commercial,0,0,,0,1,0,3,0,0,0,2026-07-18,google_calendar,,https://sumble.com/orgs/revizto,,,
11435,Celigo,celigo.com,NW0011435,allocated,65.17,custom,92.0,Sales headcount,commercial,Jordan Lee,jordan.lee@northwind.example,commercial,0,0,,0,1,0,2,0,0,0,2026-07-27,google_calendar,,https://sumble.com/orgs/celigo,,,
664569,Together AI,together.ai,NW0664569,unallocated,65.11,custom,9.0,Sales headcount,commercial,,,,1,0,,0,0,0,0,0,0,0,,,,https://sumble.com/orgs/togethercomputer,Aisha Bello,assign_unallocated,suggested
6894,Blackbaud,blackbaud.com,NW0006894,allocated,65.04,custom,329.0,Sales headcount,enterprise,Avery Brooks,avery.brooks@northwind.example,enterprise,0,0,,0,0,0,0,0,0,0,,,,https://sumble.com/orgs/blackbaud,,,
1166816,Amagi,amagi.com,NW1166816,unallocated,65.03,custom,49.0,Sales headcount,commercial,,,,1,0,,0,0,0,0,0,0,0,,,,https://sumble.com/orgs/amagicorporation,Priya Nair,assign_unallocated,suggested
408643,Surfe,surfe.com,NW0408643,allocated,65.03,custom,19.0,Sales headcount,commercial,Sam Patel,sam.patel@northwind.example,commercial,0,0,,0,1,0,1,0,0,0,2026-07-26,google_calendar,,https://sumble.com/orgs/surfe,,,
21187,Pushpay,pushpay.com,NW0021187,unallocated,64.96,custom,42.0,Sales headcount,commercial,,,,1,0,,0,0,0,0,0,0,0,,,,https://sumble.com/orgs/pushpay,Elena Petrova,assign_unallocated,suggested
7491,Percona,percona.com,NW0007491,customer,64.94,custom,27.0,Sales headcount,commercial,Grace Okafor,grace.okafor@northwind.example,enterprise,0,0,,1,0,0,0,0,0,0,,,,https://sumble.com/orgs/percona,Aisha Bello,misfit,suggested
2443131,Resolve AI,resolve.ai,NW2443131,unallocated,64.93,custom,23.0,Sales headcount,commercial,,,,1,0,,0,0,0,0,0,0,0,,,,https://sumble.com/orgs/resolveai,Noah Schmidt,assign_unallocated,suggested
114783,SoftDesign,softdesign.com.br,NW0114783,unallocated,64.9,custom,6.0,Sales headcount,commercial,,,,1,0,,0,0,0,0,0,0,0,,,,https://sumble.com/orgs/softdesign,Ravi Menon,assign_unallocated,suggested
2373782,ConnexAI,connex.ai,NW2373782,allocated,64.88,custom,79.0,Sales headcount,commercial,Alex Rivera,alex.rivera@northwind.example,commercial,0,0,,0,1,0,3,0,0,0,2026-07-16,google_calendar,,https://sumble.com/orgs/connects-ai,,,
159371,Chronosphere,chronosphere.io,NW0159371,unallocated,64.86,custom,17.0,Sales headcount,commercial,,,,1,0,,0,0,0,0,0,0,0,,,,https://sumble.com/orgs/chronosphere,Maya Cohen,assign_unallocated,suggested
49667,Wishpond (TSXV:WISH),wishpond.com,NW0049667,allocated,64.85,custom,55.0,Sales headcount,commercial,Avery Brooks,avery.brooks@northwind.example,enterprise,0,0,,1,0,0,0,0,0,0,,,,https://sumble.com/orgs/wishpond-technologies,Aisha Bello,misfit,suggested
124059,Relyance AI,relyance.ai,NW0124059,unallocated,64.84,custom,14.0,Sales headcount,commercial,,,,1,0,,0,0,0,0,0,0,0,,,,https://sumble.com/orgs/relyance-ai,Diego Castro,assign_unallocated,suggested
45772,ActivTrak,activtrak.com,NW0045772,allocated,64.84,custom,40.0,Sales headcount,commercial,Maya Cohen,maya.cohen@northwind.example,commercial,0,0,,0,0,0,0,0,0,0,,,,https://sumble.com/orgs/activtrak,,,
1232319,Linear,linear.app,NW1232319,allocated,64.83,custom,14.0,Sales headcount,commercial,Sam Patel,sam.patel@northwind.example,commercial,0,0,,0,1,0,1,0,0,0,2026-06-08,google_calendar,,https://sumble.com/orgs/linearapp,,,
15710,Staffbase,staffbase.com,NW0015710,allocated,64.83,custom,125.0,Sales headcount,commercial,Rosa Alvarez,rosa.alvarez@northwind.example,enterprise,0,0,,1,1,0,2,0,0,0,2026-07-26,google_calendar,,https://sumble.com/orgs/staffbase,,,
223741,Lightbits Labs,lightbitslabs.com,NW0223741,customer,64.77,custom,10.0,Sales headcount,commercial,Sam Patel,sam.patel@northwind.example,commercial,0,0,,0,1,0,3,0,0,0,2026-07-01,google_calendar,,https://sumble.com/orgs/lightbits-labs,,,
72086,Safe Security,safe.security,NW0072086,allocated,64.77,custom,42.0,Sales headcount,commercial,Sam Patel,sam.patel@northwind.example,commercial,0,0,,0,1,0,3,0,0,0,2026-07-21,google_calendar,,https://sumble.com/orgs/safe-securities,,,
26867,HackerOne,hackerone.com,NW0026867,allocated,64.76,custom,69.0,Sales headcount,commercial,Alex Rivera,alex.rivera@northwind.example,commercial,0,0,,0,1,0,3,0,0,0,2026-07-09,google_calendar,,https://sumble.com/orgs/hackerone,,,
43150,Striim,striim.com,NW0043150,allocated,64.73,custom,25.0,Sales headcount,commercial,Jordan Lee,jordan.lee@northwind.example,commercial,0,0,,0,0,0,0,0,0,0,,,,https://sumble.com/orgs/striim,,,
122431,Pylon,usepylon.com,NW0122431,unallocated,64.72,custom,25.0,Sales headcount,commercial,,,,1,0,,0,0,0,0,0,0,0,,,,https://sumble.com/orgs/pylon,Aisha Bello,assign_unallocated,suggested
19950,Signifyd,signifyd.com,NW0019950,allocated,64.71,custom,54.0,Sales headcount,commercial,Jordan Lee,jordan.lee@northwind.example,commercial,0,0,,0,0,0,0,0,0,0,,,,https://sumble.com/orgs/signifyd,,,
26806,ASAPP,asapp.com,NW0026806,allocated,64.7,custom,16.0,Sales headcount,commercial,Diego Castro,diego.castro@northwind.example,commercial,0,0,,0,1,0,3,0,0,0,2026-07-26,google_calendar,,https://sumble.com/orgs/asapp,,,
20129,Decisions,decisions.com,NW0020129,unallocated,64.66,custom,22.0,Sales headcount,commercial,,,,1,0,,0,0,0,0,0,0,0,,,,https://sumble.com/orgs/decisions,Priya Nair,assign_unallocated,suggested
3763,GoTo,goto.com,NW0003763,allocated,64.66,custom,357.0,Sales headcount,enterprise,Liam Novak,liam.novak@northwind.example,enterprise,0,0,,0,1,0,3,0,0,0,2026-07-30,google_calendar,,https://sumble.com/orgs/goto,,,
38172,Pentera,pentera.io,NW0038172,allocated,64.66,custom,117.0,Sales headcount,commercial,Noah Schmidt,noah.schmidt@northwind.example,commercial,0,0,,0,1,0,2,0,0,0,2026-07-27,google_calendar,,https://sumble.com/orgs/pentera,,,
10417,BambooHR,bamboohr.com,NW0010417,allocated,64.63,custom,308.0,Sales headcount,enterprise,Sofia Romano,sofia.romano@northwind.example,enterprise,0,0,,0,1,0,3,0,0,0,2026-07-13,google_calendar,,https://sumble.com/orgs/bamboohr,,,
2101268,CrewAI,crewai.com,NW2101268,allocated,64.63,custom,13.0,Sales headcount,commercial,Sam Patel,sam.patel@northwind.example,commercial,0,0,,0,1,0,1,0,0,0,2026-07-18,google_calendar,,https://sumble.com/orgs/crewai,,,
3117,CyberArk,cyberark.com,NW0003117,allocated,64.62,custom,254.0,Sales headcount,enterprise,Rosa Alvarez,rosa.alvarez@northwind.example,enterprise,0,0,,0,1,0,1,0,0,0,2026-07-25,google_calendar,,https://sumble.com/orgs/cyberark,,,
18677,Measurabl,measurabl.com,NW0018677,allocated,64.61,custom,8.0,Sales headcount,commercial,Alex Rivera,alex.rivera@northwind.example,commercial,0,0,,0,1,0,1,0,0,0,2026-07-07,google_calendar,,https://sumble.com/orgs/measurabl,,,
1840786,Tavily,tavily.com,NW1840786,unallocated,64.58,custom,11.0,Sales headcount,commercial,,,,1,0,,0,0,0,0,0,0,0,,,,https://sumble.com/orgs/tavily,Elena Petrova,assign_unallocated,suggested
98921,Gladly,gladly.com,NW0098921,allocated,64.58,custom,44.0,Sales headcount,commercial,Priya Nair,priya.nair@northwind.example,commercial,0,0,,0,0,0,0,0,0,0,,,,https://sumble.com/orgs/gladly,,,
21729,Lacework,lacework.com,NW0021729,allocated,64.56,custom,11.0,Sales headcount,commercial,Sam Patel,sam.patel@northwind.example,commercial,0,0,,0,1,0,2,0,0,0,2026-07-23,google_calendar,,https://sumble.com/orgs/lacework,,,
59741,KNIME,knime.com,NW0059741,allocated,64.46,custom,36.0,Sales headcount,commercial,Sam Patel,sam.patel@northwind.example,commercial,0,0,,0,1,0,2,0,0,0,2026-07-06,google_calendar,,https://sumble.com/orgs/knime,,,
62175,Zilliz,zilliz.com,NW0062175,allocated,64.46,custom,11.0,Sales headcount,commercial,Elena Petrova,elena.petrova@northwind.example,commercial,0,0,,0,1,0,2,0,0,0,2026-07-08,google_calendar,,https://sumble.com/orgs/zilliz,,,
538271,Maltego,maltego.com,NW0538271,allocated,64.41,custom,34.0,Sales headcount,commercial,Alex Rivera,alex.rivera@northwind.example,commercial,0,0,,0,0,0,0,0,0,0,,,,https://sumble.com/orgs/maltego,,,
623260,Document Crunch,documentcrunch.com,NW0623260,allocated,64.4,custom,23.0,Sales headcount,commercial,Alex Rivera,alex.rivera@northwind.example,commercial,0,0,,0,0,0,0,0,0,0,,,,https://sumble.com/orgs/document-crunch,,,
104626,LiveFlow,liveflow.io,NW0104626,allocated,64.38,custom,14.0,Sales headcount,commercial,Sofia Romano,sofia.romano@northwind.example,enterprise,0,0,,1,1,0,1,0,0,0,2026-07-06,google_calendar,,https://sumble.com/orgs/liveflow,,,
564225,FlashLabs,flashintel.ai,NW0564225,allocated,64.3,custom,23.0,Sales headcount,commercial,Alex Rivera,alex.rivera@northwind.example,commercial,0,0,,0,1,0,1,0,0,0,2026-07-11,google_calendar,,https://sumble.com/orgs/myflashcloud,,,
615885,Askable,askable.com,NW0615885,customer,64.29,custom,8.0,Sales headcount,commercial,Alex Rivera,alex.rivera@northwind.example,commercial,0,0,,0,1,0,2,0,0,0,2026-07-10,google_calendar,,https://sumble.com/orgs/askable,,,
6538,DoiT,doit.com,NW0006538,allocated,64.29,custom,121.0,Sales headcount,commercial,Noah Schmidt,noah.schmidt@northwind.example,commercial,0,0,,0,1,0,2,0,0,0,2026-07-10,google_calendar,,https://sumble.com/orgs/doit-international,,,
20254,Movable Ink,movableink.com,NW0020254,allocated,64.28,custom,84.0,Sales headcount,commercial,Alex Rivera,alex.rivera@northwind.example,commercial,0,0,,0,1,0,2,0,0,0,2026-07-03,google_calendar,,https://sumble.com/orgs/movable-ink,,,
36163,Ontra,ontra.ai,NW0036163,allocated,64.21,custom,61.0,Sales headcount,commercial,Diego Castro,diego.castro@northwind.example,commercial,0,0,,0,1,0,2,0,0,0,2026-07-25,google_calendar,,https://sumble.com/orgs/ontra,,,
53935,Customer.io,customer.io,NW0053935,allocated,64.2,custom,77.0,Sales headcount,commercial,Aisha Bello,aisha.bello@northwind.example,commercial,0,0,,0,1,0,2,0,0,0,2026-07-05,google_calendar,,https://sumble.com/orgs/customer-io,,,
4749,Perforce Software,perforce.com,NW0004749,unallocated,64.16,custom,228.0,Sales headcount,enterprise,,,,1,0,,0,0,0,0,0,0,0,,,,https://sumble.com/orgs/perforce-software,Rosa Alvarez,assign_unallocated,suggested
8242,Tricentis,tricentis.com,NW0008242,allocated,64.12,custom,271.0,Sales headcount,enterprise,Yuki Tanaka,yuki.tanaka@northwind.example,enterprise,0,0,,0,1,0,3,0,0,0,2026-07-24,google_calendar,,https://sumble.com/orgs/tricentis,,,
132829,Spacelift,spacelift.io,NW0132829,allocated,64.11,custom,28.0,Sales headcount,commercial,Jordan Lee,jordan.lee@northwind.example,commercial,0,0,,0,1,0,2,0,0,0,2026-07-23,google_calendar,,https://sumble.com/orgs/spacelift,,,
1726688,Omni,omni.co,NW1726688,allocated,64.06,custom,85.0,Sales headcount,commercial,Maya Cohen,maya.cohen@northwind.example,commercial,0,0,,0,0,0,0,0,0,0,,,,https://sumble.com/orgs/exploreomni,,,
158389,BQE Software,bqe.com,NW0158389,allocated,64.01,custom,42.0,Sales headcount,commercial,Noah Schmidt,noah.schmidt@northwind.example,commercial,0,0,,0,0,0,0,0,0,0,,,,https://sumble.com/orgs/bqe-software,,,
12107,N-iX,n-ix.com,NW0012107,allocated,63.99,custom,14.0,Sales headcount,commercial,Jordan Lee,jordan.lee@northwind.example,commercial,0,0,,0,1,0,2,0,0,0,2026-07-15,google_calendar,,https://sumble.com/orgs/n-ix,,,
35315,Aircall,aircall.io,NW0035315,allocated,63.94,custom,187.0,Sales headcount,enterprise,Grace Okafor,grace.okafor@northwind.example,enterprise,0,0,,0,0,0,0,0,0,0,,,,https://sumble.com/orgs/aircall,,,
6499,Unit4,unit4.com,NW0006499,allocated,63.94,custom,180.0,Sales headcount,enterprise,Marcus Bell,marcus.bell@northwind.example,enterprise,0,0,,0,0,0,0,0,0,0,,,,https://sumble.com/orgs/unit4,,,
1575463,Biorce,biorce.com,NW1575463,allocated,63.92,custom,8.0,Sales headcount,commercial,Aisha Bello,aisha.bello@northwind.example,commercial,0,0,,0,1,0,2,0,0,0,2026-07-25,google_calendar,,https://sumble.com/orgs/biorce,,,
41051,Menlo Security Inc.,menlosecurity.com,NW0041051,allocated,63.91,custom,70.0,Sales headcount,commercial,Aisha Bello,aisha.bello@northwind.example,commercial,0,0,,0,1,0,3,0,0,0,2026-07-14,google_calendar,,https://sumble.com/orgs/menlo-security,,,
15665,ReliaQuest,reliaquest.com,NW0015665,allocated,63.86,custom,136.0,Sales headcount,commercial,Maya Cohen,maya.cohen@northwind.example,commercial,0,0,,0,0,0,0,0,0,0,,,,https://sumble.com/orgs/reliaquest,,,
1787225,Nuvo,nuvo.com,NW1787225,allocated,63.86,custom,25.0,Sales headcount,commercial,Noah Schmidt,noah.schmidt@northwind.example,commercial,0,0,,0,1,0,1,0,0,0,2026-07-11,google_calendar,,https://sumble.com/orgs/nuvocredit,,,
57322,Tecla T,tecla.io,NW0057322,allocated,63.83,custom,9.0,Sales headcount,commercial,Ravi Menon,ravi.menon@northwind.example,commercial,0,0,,0,0,0,0,0,0,0,,,,https://sumble.com/orgs/tecla-t,,,
49568,Nitro Software,gonitro.com,NW0049568,allocated,63.82,custom,89.0,Sales headcount,commercial,Aisha Bello,aisha.bello@northwind.example,commercial,0,0,,0,1,0,2,0,0,0,2026-07-20,google_calendar,,https://sumble.com/orgs/nitro,,,
89675,Bill360,bill360.com,NW0089675,allocated,63.8,custom,18.0,Sales headcount,commercial,Ravi Menon,ravi.menon@northwind.example,commercial,0,0,,0,1,0,2,0,0,0,2026-07-28,google_calendar,,https://sumble.com/orgs/bill360,,,
71009,Gloat,gloat.com,NW0071009,allocated,63.78,custom,6.0,Sales headcount,commercial,Aisha Bello,aisha.bello@northwind.example,commercial,0,0,,0,1,0,2,0,0,0,2026-07-06,google_calendar,,https://sumble.com/orgs/gloat,,,
10842,Power Factors,powerfactors.com,NW0010842,allocated,63.76,custom,26.0,Sales headcount,commercial,Alex Rivera,alex.rivera@northwind.example,commercial,0,0,,0,1,0,1,0,0,0,2026-07-11,google_calendar,,https://sumble.com/orgs/power-factors-4,,,
491219,Traild,traildsoftware.com,NW0491219,unallocated,63.76,custom,62.0,Sales headcount,commercial,,,,1,0,,0,0,0,0,0,0,0,,,,https://sumble.com/orgs/traild,Noah Schmidt,assign_unallocated,suggested
386185,Logpoint,logpoint.com,NW0386185,allocated,63.75,custom,20.0,Sales headcount,commercial,Jordan Lee,jordan.lee@northwind.example,commercial,0,0,,0,0,0,0,0,0,0,,,,https://sumble.com/orgs/logpoint,,,
536709,StrongDM,strongdm.com,NW0536709,allocated,63.75,custom,27.0,Sales headcount,commercial,Priya Nair,priya.nair@northwind.example,commercial,0,0,,0,0,0,0,0,0,0,,,,https://sumble.com/orgs/strongdm,,,
7027,Recorded Future,recordedfuture.com,NW0007027,allocated,63.75,custom,257.0,Sales headcount,enterprise,Avery Brooks,avery.brooks@northwind.example,enterprise,0,0,,0,1,0,2,0,0,0,2026-06-18,google_calendar,,https://sumble.com/orgs/recorded-future,,,
71821,Zuken,zuken.com,NW0071821,unallocated,63.68,custom,46.0,Sales headcount,commercial,,,,1,0,,0,0,0,0,0,0,0,,,,https://sumble.com/orgs/zuken,Ravi Menon,assign_unallocated,suggested
578848,YouScan Social Listening ✨,youscan.io,NW0578848,allocated,63.66,custom,8.0,Sales headcount,commercial,Jordan Lee,jordan.lee@northwind.example,commercial,0,0,,0,1,0,2,0,0,0,2026-07-03,google_calendar,,https://sumble.com/orgs/youscan,,,
633269,Setpoint,setpoint.io,NW0633269,allocated,63.64,custom,8.0,Sales headcount,commercial,Ravi Menon,ravi.menon@northwind.example,commercial,0,0,,0,1,0,3,0,0,0,2026-07-07,google_calendar,,https://sumble.com/orgs/getsetpoint,,,
1174822,CleverTap,clevertap.com,NW1174822,unallocated,63.62,custom,91.0,Sales headcount,commercial,,,,1,0,,0,0,0,0,0,0,0,,,,https://sumble.com/orgs/clevertap,Maya Cohen,assign_unallocated,suggested
35919,Vic.ai,vic.ai,NW0035919,allocated,63.58,custom,16.0,Sales headcount,commercial,Diego Castro,diego.castro@northwind.example,commercial,0,0,,0,0,0,0,0,0,0,,,,https://sumble.com/orgs/vic-ai,,,
36091,Apify,apify.com,NW0036091,allocated,63.57,custom,7.0,Sales headcount,commercial,Noah Schmidt,noah.schmidt@northwind.example,commercial,0,0,,0,0,0,0,0,0,0,,,,https://sumble.com/orgs/apify,,,
143084,Redpanda Data,redpanda.com,NW0143084,allocated,63.53,custom,29.0,Sales headcount,commercial,Alex Rivera,alex.rivera@northwind.example,commercial,0,0,,0,1,0,1,0,0,0,2026-07-04,google_calendar,,https://sumble.com/orgs/redpanda,,,
11315,Backblaze,backblaze.com,NW0011315,allocated,63.5,custom,42.0,Sales headcount,commercial,Diego Castro,diego.castro@northwind.example,commercial,0,0,,0,1,0,2,0,0,0,2026-07-20,google_calendar,,https://sumble.com/orgs/backblaze,,,
168082,Scribe,scribehow.com,NW0168082,allocated,63.5,custom,37.0,Sales headcount,commercial,Noah Schmidt,noah.schmidt@northwind.example,commercial,0,0,,0,1,0,1,0,0,0,2026-07-13,google_calendar,,https://sumble.com/orgs/scribe,,,
64272,vCluster,loft.sh,NW0064272,allocated,63.5,custom,14.0,Sales headcount,commercial,Alex Rivera,alex.rivera@northwind.example,commercial,0,0,,0,1,0,2,0,0,0,2026-07-29,google_calendar,,https://sumble.com/orgs/loft-labs,,,
12925,Unanet,unanet.com,NW0012925,allocated,63.47,custom,70.0,Sales headcount,commercial,Noah Schmidt,noah.schmidt@northwind.example,commercial,0,0,,0,0,0,0,0,0,0,,,,https://sumble.com/orgs/unanet,,,
47215,Conversica,conversica.com,NW0047215,allocated,63.47,custom,15.0,Sales headcount,commercial,Maya Cohen,maya.cohen@northwind.example,commercial,0,0,,0,1,0,3,0,0,0,2026-07-15,google_calendar,,https://sumble.com/orgs/conversica,,,
80268,Puzzel,puzzel.com,NW0080268,allocated,63.46,custom,49.0,Sales headcount,commercial,Noah Schmidt,noah.schmidt@northwind.example,commercial,0,0,,0,0,0,0,0,0,0,,,,https://sumble.com/orgs/puzzel-3,,,
17770,Deposco,deposco.com,NW0017770,allocated,63.45,custom,60.0,Sales headcount,commercial,Sam Patel,sam.patel@northwind.example,commercial,0,0,,0,1,0,3,0,0,0,2026-07-27,google_calendar,,https://sumble.com/orgs/deposco,,,
54771,Parloa,parloa.com,NW0054771,allocated,63.45,custom,78.0,Sales headcount,commercial,Alex Rivera,alex.rivera@northwind.example,commercial,0,0,,0,1,0,3,0,0,0,2026-07-22,google_calendar,,https://sumble.com/orgs/parloa,,,
343268,Lokalise,lokalise.com,NW0343268,allocated,63.44,custom,26.0,Sales headcount,commercial,Alex Rivera,alex.rivera@northwind.example,commercial,0,0,,0,1,0,1,0,0,0,2026-07-01,google_calendar,,https://sumble.com/orgs/lokalise,,,
180954,Intetics,intetics.com,NW0180954,allocated,63.43,custom,5.0,Sales headcount,commercial,Priya Nair,priya.nair@northwind.example,commercial,0,0,,0,0,0,0,0,0,0,,,,https://sumble.com/orgs/intetics,,,
5482,Imprivata,imprivata.com,NW0005482,allocated,63.41,custom,170.0,Sales headcount,enterprise,Liam Novak,liam.novak@northwind.example,enterprise,0,0,,0,0,0,0,0,0,0,,,,https://sumble.com/orgs/imprivata,,,
29301,NetDocuments,netdocuments.com,NW0029301,unallocated,63.39,custom,105.0,Sales headcount,commercial,,,,1,0,,0,0,0,0,0,0,0,,,,https://sumble.com/orgs/netdocuments,Diego Castro,assign_unallocated,suggested
4856,Absorb Software,absorblms.com,NW0004856,allocated,63.38,custom,204.0,Sales headcount,enterprise,Liam Novak,liam.novak@northwind.example,enterprise,0,0,,0,1,0,3,0,0,0,2026-07-06,google_calendar,,https://sumble.com/orgs/absorb-software,,,
7945,Checkout.com,checkout.com,NW0007945,allocated,63.38,custom,233.0,Sales headcount,enterprise,Yuki Tanaka,yuki.tanaka@northwind.example,enterprise,0,0,,0,1,0,3,0,0,0,2026-07-18,google_calendar,,https://sumble.com/orgs/checkout-com,,,
39641,Foxit,foxit.com,NW0039641,unallocated,63.35,custom,90.0,Sales headcount,commercial,,,,1,0,,0,0,0,0,0,0,0,,,,https://sumble.com/orgs/fox-it-6,Aisha Bello,assign_unallocated,suggested
9102,YipitData,yipitdata.com,NW0009102,allocated,63.29,custom,70.0,Sales headcount,commercial,Diego Castro,diego.castro@northwind.example,commercial,0,0,,0,1,0,2,0,0,0,2026-07-19,google_calendar,,https://sumble.com/orgs/roles-at-yipitdata,,,
19324,Edifecs,edifecs.com,NW0019324,allocated,63.27,custom,15.0,Sales headcount,commercial,Aisha Bello,aisha.bello@northwind.example,commercial,0,0,,0,0,0,0,0,0,0,,,,https://sumble.com/orgs/edifecs,,,
23345,MaintainX,getmaintainx.com,NW0023345,allocated,63.26,custom,273.0,Sales headcount,enterprise,Rosa Alvarez,rosa.alvarez@northwind.example,enterprise,0,0,,0,0,0,0,0,0,0,,,,https://sumble.com/orgs/maintainx,,,
677587,Oscilar,oscilar.com,NW0677587,allocated,63.21,custom,58.0,Sales headcount,commercial,Alex Rivera,alex.rivera@northwind.example,commercial,0,0,,0,1,0,3,0,0,0,2026-07-15,google_calendar,,https://sumble.com/orgs/oscilar,,,
69615,HCSS,hcss.com,NW0069615,allocated,63.19,custom,77.0,Sales headcount,commercial,Aisha Bello,aisha.bello@northwind.example,commercial,0,0,,0,0,0,0,0,0,0,,,,https://sumble.com/orgs/hcss-7,,,
1399790,Applause,applausehq.com,NW1399790,unallocated,63.17,custom,15.0,Sales headcount,commercial,,,,1,0,,0,0,0,0,0,0,0,,,,https://sumble.com/orgs/applausehq,Priya Nair,assign_unallocated,suggested
27347,Neon One,neonone.com,NW0027347,allocated,63.17,custom,34.0,Sales headcount,commercial,Jordan Lee,jordan.lee@northwind.example,commercial,0,0,,0,1,0,2,0,0,0,2026-07-17,google_calendar,,https://sumble.com/orgs/neon-one,,,
422995,Datacol Hispania,it.datacol.com,NW0422995,allocated,62.98,custom,281.0,Sales headcount,enterprise,Rosa Alvarez,rosa.alvarez@northwind.example,enterprise,0,0,,0,1,0,1,0,0,0,2026-06-13,google_calendar,,https://sumble.com/orgs/datacol,,,
49612,Duetto,duettocloud.com,NW0049612,allocated,62.95,custom,20.0,Sales headcount,commercial,Priya Nair,priya.nair@northwind.example,commercial,0,0,,0,0,0,0,0,0,0,,,,https://sumble.com/orgs/duetto-research,,,
336021,Nebius,nebius.com,NW0336021,allocated,62.93,custom,50.0,Sales headcount,commercial,Diego Castro,diego.castro@northwind.example,commercial,0,0,,0,1,0,3,0,0,0,2026-07-28,google_calendar,,https://sumble.com/orgs/nebius,,,
521297,Workvivo by Zoom,workvivo.com,NW0521297,allocated,62.93,custom,94.0,Sales headcount,commercial,Elena Petrova,elena.petrova@northwind.example,commercial,0,0,,0,1,0,3,0,0,0,2026-07-29,google_calendar,,https://sumble.com/orgs/workvivo,,,
16160,Protegrity,protegrity.com,NW0016160,unallocated,62.89,custom,34.0,Sales headcount,commercial,,,,1,0,,0,0,0,0,0,0,0,,,,https://sumble.com/orgs/protegrity,Noah Schmidt,assign_unallocated,suggested
503201,Archer Integrated Risk Management,archerirm.com,NW0503201,allocated,62.88,custom,137.0,Sales headcount,commercial,Priya Nair,priya.nair@northwind.example,commercial,0,0,,0,1,0,3,0,0,0,2026-07-25,google_calendar,,https://sumble.com/orgs/archer-integrated-risk-management,,,
251585,Comodo,comodo.com,NW0251585,allocated,62.86,custom,40.0,Sales headcount,commercial,Diego Castro,diego.castro@northwind.example,commercial,0,0,,0,0,0,0,0,0,0,,,,https://sumble.com/orgs/comodo-1,,,
1207325,Rocket SaaS,rocket-saas.io,NW1207325,allocated,62.82,custom,13.0,Sales headcount,commercial,Jordan Lee,jordan.lee@northwind.example,commercial,0,0,,0,1,0,3,0,0,0,2026-07-26,google_calendar,,https://sumble.com/orgs/rocketsaas,,,
262923,Pecege,wordpress.com,NW0262923,unallocated,62.82,custom,8.0,Sales headcount,commercial,,,,1,0,,0,0,0,0,0,0,0,,,,https://sumble.com/orgs/pecege,Elena Petrova,assign_unallocated,suggested
41395,Shift Technology,shift-technology.com,NW0041395,allocated,62.75,custom,47.0,Sales headcount,commercial,Jordan Lee,jordan.lee@northwind.example,commercial,0,0,,0,1,0,1,0,0,0,2026-07-24,google_calendar,,https://sumble.com/orgs/shift-technology,,,
88656,Logz.io,logz.io,NW0088656,unallocated,62.7,custom,12.0,Sales headcount,commercial,,,,1,0,,0,0,0,0,0,0,0,,,,https://sumble.com/orgs/logz-io,Ravi Menon,assign_unallocated,suggested
3080847,Tiger Data (creators of TimescaleDB),tigerdata.com,NW3080847,unallocated,62.69,custom,20.0,Sales headcount,commercial,,,,1,0,,0,0,0,0,0,0,0,,,,https://sumble.com/orgs/tigerdata,Maya Cohen,assign_unallocated,suggested
44339,honeycomb.io,honeycomb.io,NW0044339,allocated,62.69,custom,62.0,Sales headcount,commercial,Noah Schmidt,noah.schmidt@northwind.example,commercial,0,0,,0,0,0,0,0,0,0,,,,https://sumble.com/orgs/honeycomb-io,,,
109349,Moss,getmoss.com,NW0109349,allocated,62.67,custom,61.0,Sales headcount,commercial,Sam Patel,sam.patel@northwind.example,commercial,0,0,,0,1,0,1,0,0,0,2026-06-19,google_calendar,,https://sumble.com/orgs/moss-005e156b,,,
806744,ScaleOps,scaleops.com,NW0806744,allocated,62.67,custom,38.0,Sales headcount,commercial,Noah Schmidt,noah.schmidt@northwind.example,commercial,0,0,,0,1,0,1,0,0,0,2026-07-25,google_calendar,,https://sumble.com/orgs/scaleops-sh,,,
14026,Carta,carta.com,NW0014026,customer,62.66,custom,181.0,Sales headcount,enterprise,Liam Novak,liam.novak@northwind.example,enterprise,0,0,,0,0,0,0,0,0,0,,,,https://sumble.com/orgs/carta-7,,,
475772,Prefect,prefect.io,NW0475772,allocated,62.66,custom,9.0,Sales headcount,commercial,Jordan Lee,jordan.lee@northwind.example,commercial,0,0,,0,0,0,0,0,0,0,,,,https://sumble.com/orgs/prefect,,,
31731,Exiger,exiger.com,NW0031731,allocated,62.64,custom,40.0,Sales headcount,commercial,Alex Rivera,alex.rivera@northwind.example,commercial,0,0,,0,1,0,1,0,0,0,2026-06-10,google_calendar,,https://sumble.com/orgs/exiger-1,,,
517623,SalesIntel.io,salesintel.io,NW0517623,allocated,62.61,custom,36.0,Sales headcount,commercial,Priya Nair,priya.nair@northwind.example,commercial,0,0,,0,0,0,0,0,0,0,,,,https://sumble.com/orgs/salesintel-io,,,
59645,Arize AI,arize.com,NW0059645,unallocated,62.59,custom,35.0,Sales headcount,commercial,,,,1,0,,0,0,0,0,0,0,0,,,,https://sumble.com/orgs/arize-ai,Diego Castro,assign_unallocated,suggested
1758974,Anyscale,anyscale.com,NW1758974,unallocated,62.58,custom,25.0,Sales headcount,commercial,,,,1,0,,0,0,0,0,0,0,0,,,,https://sumble.com/orgs/joinanyscale,Aisha Bello,assign_unallocated,suggested
516211,SpotDraft,spotdraft.com,NW0516211,unallocated,62.56,custom,37.0,Sales headcount,commercial,,,,1,0,,0,0,0,0,0,0,0,,,,https://sumble.com/orgs/spotdraft,Priya Nair,assign_unallocated,suggested
275290,Threekit,threekit.com,NW0275290,allocated,62.55,custom,8.0,Sales headcount,commercial,Priya Nair,priya.nair@northwind.example,commercial,0,0,,0,0,0,0,0,0,0,,,,https://sumble.com/orgs/threekit,,,
63917,Stampli,stampli.com,NW0063917,allocated,62.53,custom,97.0,Sales headcount,commercial,Elena Petrova,elena.petrova@northwind.example,commercial,0,0,,0,0,0,0,0,0,0,,,,https://sumble.com/orgs/stampli,,,
87332,Certn,certn.co,NW0087332,customer,62.53,custom,13.0,Sales headcount,commercial,Marcus Bell,marcus.bell@northwind.example,enterprise,0,0,,1,1,0,3,0,0,0,2026-07-20,google_calendar,,https://sumble.com/orgs/certn,,,
17857,Finalsite,finalsite.com,NW0017857,allocated,62.52,custom,45.0,Sales headcount,commercial,Diego Castro,diego.castro@northwind.example,commercial,0,0,,0,1,0,3,0,0,0,2026-07-01,google_calendar,,https://sumble.com/orgs/finalsite,,,
53102,Conexiom,conexiom.com,NW0053102,allocated,62.51,custom,21.0,Sales headcount,commercial,Noah Schmidt,noah.schmidt@northwind.example,commercial,0,0,,0,1,0,2,0,0,0,2026-07-08,google_calendar,,https://sumble.com/orgs/conexiom,,,
28192,CData Software,cdata.com,NW0028192,unallocated,62.5,custom,60.0,Sales headcount,commercial,,,,1,0,,0,0,0,0,0,0,0,,,,https://sumble.com/orgs/cdata-software,Noah Schmidt,assign_unallocated,suggested
452150,Contus Tech,contus.com,NW0452150,unallocated,62.49,custom,4.0,Sales headcount,commercial,,,,1,0,,0,0,0,0,0,0,0,,,,https://sumble.com/orgs/contus,Elena Petrova,assign_unallocated,suggested
534381,LucidLink,lucidlink.com,NW0534381,allocated,62.48,custom,36.0,Sales headcount,commercial,Alex Rivera,alex.rivera@northwind.example,commercial,0,0,,0,0,0,0,0,0,0,,,,https://sumble.com/orgs/lucidlink,,,
17346,Forter,forter.com,NW0017346,allocated,62.42,custom,86.0,Sales headcount,commercial,Alex Rivera,alex.rivera@northwind.example,commercial,0,0,,0,1,0,1,0,0,0,2026-07-16,google_calendar,,https://sumble.com/orgs/forter,,,
23470,SnapLogic,snaplogic.com,NW0023470,allocated,62.42,custom,47.0,Sales headcount,commercial,Aisha Bello,aisha.bello@northwind.example,commercial,0,0,,0,0,0,0,0,0,0,,,,https://sumble.com/orgs/snaplogic,,,
2377619,ExtraHop,extrahop.com,NW2377619,allocated,62.41,custom,210.0,Sales headcount,enterprise,Avery Brooks,avery.brooks@northwind.example,enterprise,0,0,,0,0,0,0,0,0,0,,,,https://sumble.com/orgs/extra-hop-com,,,
68469,Codility,codility.com,NW0068469,unallocated,62.4,custom,11.0,Sales headcount,commercial,,,,1,0,,0,0,0,0,0,0,0,,,,https://sumble.com/orgs/codility,Ravi Menon,assign_unallocated,suggested
40213,Novisto,novisto.com,NW0040213,allocated,62.39,custom,20.0,Sales headcount,commercial,Alex Rivera,alex.rivera@northwind.example,commercial,0,0,,0,1,0,2,0,0,0,2026-07-23,google_calendar,,https://sumble.com/orgs/novisto,,,
252002,HeroDevs,herodevs.com,NW0252002,allocated,62.38,custom,10.0,Sales headcount,commercial,Alex Rivera,alex.rivera@northwind.example,commercial,0,0,,0,1,0,1,0,0,0,2026-07-21,google_calendar,,https://sumble.com/orgs/herodevs,,,
8733,Dialpad,dialpad.com,NW0008733,allocated,62.37,custom,296.0,Sales headcount,enterprise,Avery Brooks,avery.brooks@northwind.example,enterprise,0,0,,0,1,0,1,0,0,0,2026-07-17,google_calendar,,https://sumble.com/orgs/dialpad,,,
167244,Leapwork,leapwork.com,NW0167244,allocated,62.36,custom,36.0,Sales headcount,commercial,Diego Castro,diego.castro@northwind.example,commercial,0,0,,0,1,0,1,0,0,0,2026-06-19,google_calendar,,https://sumble.com/orgs/leapwork,,,
443852,Login VSI,loginvsi.com,NW0443852,unallocated,62.36,custom,18.0,Sales headcount,commercial,,,,1,0,,0,0,0,0,0,0,0,,,,https://sumble.com/orgs/login-vsi,Maya Cohen,assign_unallocated,suggested
172143,Prometheus Group,prometheusgroup.com,NW0172143,allocated,62.32,custom,112.0,Sales headcount,commercial,Jordan Lee,jordan.lee@northwind.example,commercial,0,0,,0,0,0,0,0,0,0,,,,https://sumble.com/orgs/prometheus-group,,,
20572,Digital.ai,digital.ai,NW0020572,allocated,62.32,custom,50.0,Sales headcount,commercial,Maya Cohen,maya.cohen@northwind.example,commercial,0,0,,0,1,0,1,0,0,0,2026-07-18,google_calendar,,https://sumble.com/orgs/digital-ai,,,
3374,Fastly,fastly.com,NW0003374,allocated,62.32,custom,206.0,Sales headcount,enterprise,Liam Novak,liam.novak@northwind.example,enterprise,0,0,,0,0,0,0,0,0,0,,,,https://sumble.com/orgs/fastly,,,
976838,Hammerspace,hammerspace.com,NW0976838,allocated,62.32,custom,44.0,Sales headcount,commercial,Jordan Lee,jordan.lee@northwind.example,commercial,0,0,,0,1,0,1,0,0,0,2026-06-04,google_calendar,,https://sumble.com/orgs/hammerspace,,,
15207,Skyflow,skyflow.com,NW0015207,allocated,62.31,custom,16.0,Sales headcount,commercial,Jordan Lee,jordan.lee@northwind.example,commercial,0,0,,0,1,0,1,0,0,0,2026-06-01,google_calendar,,https://sumble.com/orgs/skyflow,,,
12497,"Red Canary, a Zscaler company",redcanary.com,NW0012497,allocated,62.29,custom,76.0,Sales headcount,commercial,Elena Petrova,elena.petrova@northwind.example,commercial,0,0,,0,0,0,0,0,0,0,,,,https://sumble.com/orgs/red-canary,,,
21616,Invoca,invoca.com,NW0021616,allocated,62.29,custom,75.0,Sales headcount,commercial,Maya Cohen,maya.cohen@northwind.example,commercial,0,0,,0,1,0,3,0,0,0,2026-07-21,google_calendar,,https://sumble.com/orgs/invoca,,,
2450906,Nominal,nominal.io,NW2450906,allocated,62.29,custom,8.0,Sales headcount,commercial,Aisha Bello,aisha.bello@northwind.example,commercial,0,0,,0,1,0,1,0,0,0,2026-07-25,google_calendar,,https://sumble.com/orgs/nominal-io,,,
978402,Dust,dust.tt,NW0978402,allocated,62.28,custom,12.0,Sales headcount,commercial,Priya Nair,priya.nair@northwind.example,commercial,0,0,,0,0,0,0,0,0,0,,,,https://sumble.com/orgs/dust-tt,,,
13196,Snyk,snyk.io,NW0013196,customer,62.27,custom,199.0,Sales headcount,enterprise,Marcus Bell,marcus.bell@northwind.example,enterprise,0,0,,0,1,0,2,0,0,0,2026-07-14,google_calendar,,https://sumble.com/orgs/snyk,,,
508881,Incorta,incorta.com,NW0508881,allocated,62.26,custom,57.0,Sales headcount,commercial,Maya Cohen,maya.cohen@northwind.example,commercial,0,0,,0,0,0,0,0,0,0,,,,https://sumble.com/orgs/incorta,,,
1784006,Maze,maze.co,NW1784006,allocated,62.25,custom,17.0,Sales headcount,commercial,Priya Nair,priya.nair@northwind.example,commercial,0,0,,0,0,0,0,0,0,0,,,,https://sumble.com/orgs/mazedesign,,,
24619,Coralogix,coralogix.com,NW0024619,unallocated,62.14,custom,119.0,Sales headcount,commercial,,,,1,0,,0,0,0,0,0,0,0,,,,https://sumble.com/orgs/coralogix,Diego Castro,assign_unallocated,suggested
54580,Shippit,shippit.com,NW0054580,allocated,62.13,custom,7.0,Sales headcount,commercial,Sam Patel,sam.patel@northwind.example,commercial,0,0,,0,1,0,3,0,0,0,2026-07-21,google_calendar,,https://sumble.com/orgs/shippit,,,
28840,Trintech,trintech.com,NW0028840,allocated,62.12,custom,90.0,Sales headcount,commercial,Jordan Lee,jordan.lee@northwind.example,commercial,0,0,,0,1,0,1,0,0,0,2026-07-25,google_calendar,,https://sumble.com/orgs/trintech-4,,,
24145,Mural,mural.co,NW0024145,unallocated,62.09,custom,48.0,Sales headcount,commercial,,,,1,0,,0,0,0,0,0,0,0,,,,https://sumble.com/orgs/mural,Aisha Bello,assign_unallocated,suggested
7078,Contentsquare,contentsquare.com,NW0007078,allocated,62.08,custom,235.0,Sales headcount,enterprise,Sofia Romano,sofia.romano@northwind.example,enterprise,0,0,,0,1,0,1,0,0,0,2026-07-01,google_calendar,,https://sumble.com/orgs/contentsquare,,,
219644,Pexip,pexip.com,NW0219644,allocated,62.06,custom,57.0,Sales headcount,commercial,Elena Petrova,elena.petrova@northwind.example,commercial,0,0,,0,0,0,0,0,0,0,,,,https://sumble.com/orgs/pexip,,,
378698,Apollo GraphQL,apollographql.com,NW0378698,unallocated,62.06,custom,15.0,Sales headcount,commercial,,,,1,0,,0,0,0,0,0,0,0,,,,https://sumble.com/orgs/gql,Priya Nair,assign_unallocated,suggested
411249,Framer,framer.com,NW0411249,allocated,62.06,custom,11.0,Sales headcount,commercial,Diego Castro,diego.castro@northwind.example,commercial,0,0,,0,1,0,1,0,0,0,2026-07-02,google_calendar,,https://sumble.com/orgs/framer,,,
496886,RAAPID INC,raapidinc.com,NW0496886,allocated,62.06,custom,5.0,Sales headcount,commercial,Maya Cohen,maya.cohen@northwind.example,commercial,0,0,,0,1,0,1,0,0,0,2026-07-08,google_calendar,,https://sumble.com/orgs/raapid,,,
572048,Axion,axionray.com,NW0572048,allocated,62.03,custom,30.0,Sales headcount,commercial,Ravi Menon,ravi.menon@northwind.example,commercial,0,0,,0,0,0,0,0,0,0,,,,https://sumble.com/orgs/axion-ray,,,
252973,n8n,n8n.io,NW0252973,allocated,62.02,custom,50.0,Sales headcount,commercial,Priya Nair,priya.nair@northwind.example,commercial,0,0,,0,1,0,2,0,0,0,2026-07-05,google_calendar,,https://sumble.com/orgs/n8n,,,
1281906,Directus,directus.io,NW1281906,allocated,61.95,custom,6.0,Sales headcount,commercial,Noah Schmidt,noah.schmidt@northwind.example,commercial,0,0,,0,0,0,0,0,0,0,,,,https://sumble.com/orgs/directus-io,,,
12438,CoreWeave,coreweave.com,NW0012438,allocated,61.88,custom,81.0,Sales headcount,commercial,Elena Petrova,elena.petrova@northwind.example,commercial,0,0,,0,0,0,0,0,0,0,,,,https://sumble.com/orgs/coreweave,,,
25104,ClickHouse,clickhouse.com,NW0025104,unallocated,61.86,custom,57.0,Sales headcount,commercial,,,,1,0,,0,0,0,0,0,0,0,,,,https://sumble.com/orgs/clickhouse,Noah Schmidt,assign_unallocated,suggested
1352761,RavenDB,ravendb.net,NW1352761,allocated,61.85,custom,7.0,Sales headcount,commercial,Alex Rivera,alex.rivera@northwind.example,commercial,0,0,,0,1,0,3,0,0,0,2026-07-03,google_calendar,,https://sumble.com/orgs/ravendb,,,
27652,HighRadius,highradius.com,NW0027652,unallocated,61.85,custom,135.0,Sales headcount,commercial,,,,1,0,,0,0,0,0,0,0,0,,,,https://sumble.com/orgs/highradius,Elena Petrova,assign_unallocated,suggested
8796,Scale AI,scale.com,NW0008796,unallocated,61.84,custom,45.0,Sales headcount,commercial,,,,1,0,,0,0,0,0,0,0,0,,,,https://sumble.com/orgs/scaleai,Ravi Menon,assign_unallocated,suggested
92486,Dental Intelligence Inc.,dentalintel.com,NW0092486,customer,61.8,custom,57.0,Sales headcount,commercial,Priya Nair,priya.nair@northwind.example,commercial,0,0,,0,0,0,0,0,0,0,,,,https://sumble.com/orgs/dental-intelligence,,,
29262,Obsidian Security,obsidiansecurity.com,NW0029262,allocated,61.78,custom,57.0,Sales headcount,commercial,Alex Rivera,alex.rivera@northwind.example,commercial,0,0,,0,1,0,1,0,0,0,2026-07-24,google_calendar,,https://sumble.com/orgs/obsidian-security,,,
5547,Neo4j,neo4j.com,NW0005547,allocated,61.76,custom,194.0,Sales headcount,enterprise,Ravi Menon,ravi.menon@northwind.example,commercial,0,0,,1,0,0,0,0,0,0,,,,https://sumble.com/orgs/neo4j,Liam Novak,misfit,suggested
18797,Namely,namely.com,NW0018797,unallocated,61.68,custom,7.0,Sales headcount,commercial,,,,1,0,,0,0,0,0,0,0,0,,,,https://sumble.com/orgs/namely,Sam Patel,assign_unallocated,suggested
1452297,Mechanical Orchard,mechanical-orchard.com,NW1452297,customer,61.67,custom,5.0,Sales headcount,commercial,Ravi Menon,ravi.menon@northwind.example,commercial,0,0,,0,1,0,1,0,0,0,2026-06-13,google_calendar,,https://sumble.com/orgs/mechanical-orchard,,,
481041,PermitFlow,permitflow.com,NW0481041,allocated,61.67,custom,18.0,Sales headcount,commercial,Noah Schmidt,noah.schmidt@northwind.example,commercial,0,0,,0,1,0,3,0,0,0,2026-07-12,google_calendar,,https://sumble.com/orgs/permitflow,,,
52649,Gradle Technologies,gradle.com,NW0052649,allocated,61.64,custom,14.0,Sales headcount,commercial,Elena Petrova,elena.petrova@northwind.example,commercial,0,0,,0,0,0,0,0,0,0,,,,https://sumble.com/orgs/gradle,,,
16814,VAST Data,vastdata.com,NW0016814,allocated,61.55,custom,191.0,Sales headcount,enterprise,Dev Ramesh,dev.ramesh@northwind.example,enterprise,0,0,,0,1,0,2,0,0,0,2026-07-12,google_calendar,,https://sumble.com/orgs/vast,,,
58665,Vultr,vultr.com,NW0058665,allocated,61.5,custom,41.0,Sales headcount,commercial,Priya Nair,priya.nair@northwind.example,commercial,0,0,,0,0,0,0,0,0,0,,,,https://sumble.com/orgs/vultr,,,
13350,Iterable,iterable.com,NW0013350,allocated,61.49,custom,124.0,Sales headcount,commercial,Ravi Menon,ravi.menon@northwind.example,commercial,0,0,,0,0,0,0,0,0,0,,,,https://sumble.com/orgs/iterable,,,
49840,RealWork,realworklabs.com,NW0049840,allocated,61.46,custom,28.0,Sales headcount,commercial,Alex Rivera,alex.rivera@northwind.example,commercial,0,0,,0,1,0,3,0,0,0,2026-06-29,google_calendar,,https://sumble.com/orgs/realwork-labs,,,
474568,Nanonets,nanonets.com,NW0474568,allocated,61.45,custom,17.0,Sales headcount,commercial,Jordan Lee,jordan.lee@northwind.example,commercial,0,0,,0,1,0,2,0,0,0,2026-07-22,google_calendar,,https://sumble.com/orgs/nanonets,,,
137227,Kameleoon,kameleoon.com,NW0137227,allocated,61.44,custom,27.0,Sales headcount,commercial,Alex Rivera,alex.rivera@northwind.example,commercial,0,0,,0,1,0,3,0,0,0,2026-07-19,google_calendar,,https://sumble.com/orgs/kameleoon,,,
473459,Livestorm,livestorm.co,NW0473459,allocated,61.38,custom,23.0,Sales headcount,commercial,Aisha Bello,aisha.bello@northwind.example,commercial,0,0,,0,1,0,1,0,0,0,2026-07-19,google_calendar,,https://sumble.com/orgs/livestorm,,,
500865,Darwinbox,darwinbox.com,NW0500865,allocated,61.38,custom,146.0,Sales headcount,commercial,Alex Rivera,alex.rivera@northwind.example,commercial,0,0,,0,1,0,2,0,0,0,2026-07-25,google_calendar,,https://sumble.com/orgs/darwinbox,,,
48886,Redwood Software,redwood.com,NW0048886,unallocated,61.35,custom,102.0,Sales headcount,commercial,,,,1,0,,0,0,0,0,0,0,0,,,,https://sumble.com/orgs/redwood-software,Maya Cohen,assign_unallocated,suggested
111522,Digi International,digi.com,NW0111522,allocated,61.31,custom,145.0,Sales headcount,commercial,Jordan Lee,jordan.lee@northwind.example,commercial,0,0,,0,0,0,0,0,0,0,,,,https://sumble.com/orgs/digi-international,,,
452826,Freshpaint,freshpaint.io,NW0452826,allocated,61.25,custom,30.0,Sales headcount,commercial,Jordan Lee,jordan.lee@northwind.example,commercial,0,0,,0,1,0,1,0,0,0,2026-07-18,google_calendar,,https://sumble.com/orgs/freshpaint,,,
717012,Workelo - Onboarding & Offboarding,workelo.eu,NW0717012,unallocated,61.25,custom,7.0,Sales headcount,commercial,,,,1,0,,0,0,0,0,0,0,0,,,,https://sumble.com/orgs/teamr-io,Diego Castro,assign_unallocated,suggested
33760,Bugcrowd,bugcrowd.com,NW0033760,allocated,61.24,custom,64.0,Sales headcount,commercial,Noah Schmidt,noah.schmidt@northwind.example,commercial,0,0,,0,0,0,0,0,0,0,,,,https://sumble.com/orgs/bugcrowd,,,
22098,Narvar,narvar.com,NW0022098,allocated,61.21,custom,33.0,Sales headcount,commercial,Maya Cohen,maya.cohen@northwind.example,commercial,0,0,,0,0,0,0,0,0,0,,,,https://sumble.com/orgs/narvar,,,
24110,Bynder,bynder.com,NW0024110,allocated,61.2,custom,100.0,Sales headcount,commercial,Alex Rivera,alex.rivera@northwind.example,commercial,0,0,,0,0,0,0,0,0,0,,,,https://sumble.com/orgs/bynder,,,
554824,RapDev,rapdev.io,NW0554824,allocated,61.17,custom,19.0,Sales headcount,commercial,Elena Petrova,elena.petrova@northwind.example,commercial,0,0,,0,0,0,0,0,0,0,,,,https://sumble.com/orgs/rapdev,,,
269528,"LabVantage Solutions, Inc",labvantage.com,NW0269528,allocated,61.16,custom,217.0,Sales headcount,enterprise,Fatima Khan,fatima.khan@northwind.example,enterprise,0,0,,0,1,0,1,0,0,0,2026-07-07,google_calendar,,https://sumble.com/orgs/labvantage-solutions,,,
1078703,Warp,joinwarp.com,NW1078703,unallocated,61.13,custom,7.0,Sales headcount,commercial,,,,1,0,,0,0,0,0,0,0,0,,,,https://sumble.com/orgs/joinwarp,Aisha Bello,assign_unallocated,suggested
19009,McLeod Software,mcleodsoftware.com,NW0019009,allocated,61.13,custom,66.0,Sales headcount,commercial,Ravi Menon,ravi.menon@northwind.example,commercial,0,0,,0,1,0,2,0,0,0,2026-07-20,google_calendar,,https://sumble.com/orgs/mcleod-software,,,
11922,Corcentric,corcentric.com,NW0011922,allocated,61.12,custom,19.0,Sales headcount,commercial,Sam Patel,sam.patel@northwind.example,commercial,0,0,,0,0,0,0,0,0,0,,,,https://sumble.com/orgs/corcentric,,,
1219929,WSO2,wso2.com,NW1219929,allocated,61.09,custom,121.0,Sales headcount,commercial,Maya Cohen,maya.cohen@northwind.example,commercial,0,0,,0,1,0,3,0,0,0,2026-07-27,google_calendar,,https://sumble.com/orgs/wso2,,,
330994,Carlson Software,carlsonsw.com,NW0330994,unallocated,61.09,custom,16.0,Sales headcount,commercial,,,,1,0,,0,0,0,0,0,0,0,,,,https://sumble.com/orgs/carlson-software,Priya Nair,assign_unallocated,suggested
13212,DSI,dsisystemsinc.com,NW0013212,allocated,61.08,custom,145.0,Sales headcount,commercial,Jordan Lee,jordan.lee@northwind.example,commercial,0,0,,0,1,0,3,0,0,0,2026-06-29,google_calendar,,https://sumble.com/orgs/dsi-systems,,,
245815,Cynet Security,cynet.com,NW0245815,allocated,61.04,custom,77.0,Sales headcount,commercial,Noah Schmidt,noah.schmidt@northwind.example,commercial,0,0,,0,1,0,1,0,0,0,2026-07-20,google_calendar,,https://sumble.com/orgs/cynet-security,,,
15501,BigID,bigid.com,NW0015501,allocated,61.0,custom,106.0,Sales headcount,commercial,Alex Rivera,alex.rivera@northwind.example,commercial,0,0,,0,0,0,0,0,0,0,,,,https://sumble.com/orgs/bigid,,,
23824,Pleo,pleo.io,NW0023824,allocated,61.0,custom,121.0,Sales headcount,commercial,Jordan Lee,jordan.lee@northwind.example,commercial,0,0,,0,0,0,0,0,0,0,,,,https://sumble.com/orgs/pleo,,,
20677,Abrigo,abrigo.com,NW0020677,allocated,60.97,custom,72.0,Sales headcount,commercial,Sofia Romano,sofia.romano@northwind.example,enterprise,0,0,,1,1,0,1,0,0,0,2026-06-07,google_calendar,,https://sumble.com/orgs/abrigo,,,
52811,BuildOps,buildops.com,NW0052811,allocated,60.97,custom,166.0,Sales headcount,enterprise,Dev Ramesh,dev.ramesh@northwind.example,enterprise,0,0,,0,1,0,1,0,0,0,2026-06-09,google_calendar,,https://sumble.com/orgs/buildops,,,
736574,Workyard,workyard.com,NW0736574,allocated,60.97,custom,15.0,Sales headcount,commercial,Priya Nair,priya.nair@northwind.example,commercial,0,0,,0,1,0,2,0,0,0,2026-06-26,google_calendar,,https://sumble.com/orgs/workyard,,,
75500,Everstream Analytics,everstream.ai,NW0075500,allocated,60.92,custom,16.0,Sales headcount,commercial,Aisha Bello,aisha.bello@northwind.example,commercial,0,0,,0,1,0,3,0,0,0,2026-07-16,google_calendar,,https://sumble.com/orgs/everstream-analytics,,,
1217689,Veryfi,veryfi.com,NW1217689,allocated,60.9,custom,5.0,Sales headcount,commercial,Priya Nair,priya.nair@northwind.example,commercial,0,0,,0,1,0,2,0,0,0,2026-07-21,google_calendar,,https://sumble.com/orgs/veryfi,,,
245727,CluneTech,clunetech.com,NW0245727,allocated,60.89,custom,83.0,Sales headcount,commercial,Noah Schmidt,noah.schmidt@northwind.example,commercial,0,0,,0,0,0,0,0,0,0,,,,https://sumble.com/orgs/clunetech,,,
30696,PDFTron Systems Inc.,apryse.com,NW0030696,allocated,60.85,custom,127.0,Sales headcount,commercial,Noah Schmidt,noah.schmidt@northwind.example,commercial,0,0,,0,0,0,0,0,0,0,,,,https://sumble.com/orgs/apryse,,,
1175213,CodeForce 360,codeforce.com,NW1175213,unallocated,60.84,custom,29.0,Sales headcount,commercial,,,,1,0,,0,0,0,0,0,0,0,,,,https://sumble.com/orgs/codeforce,Noah Schmidt,assign_unallocated,suggested
66010,"Alkira, Inc.",alkira.com,NW0066010,allocated,60.78,custom,39.0,Sales headcount,commercial,Priya Nair,priya.nair@northwind.example,commercial,0,0,,0,0,0,0,0,0,0,,,,https://sumble.com/orgs/alkira,,,
1059046,Port.io,port.io,NW1059046,unallocated,60.77,custom,47.0,Sales headcount,commercial,,,,1,0,,0,0,0,0,0,0,0,,,,https://sumble.com/orgs/getport,Elena Petrova,assign_unallocated,suggested
573743,Coalesce.io,coalesce.io,NW0573743,unallocated,60.67,custom,29.0,Sales headcount,commercial,,,,1,0,,0,0,0,0,0,0,0,,,,https://sumble.com/orgs/coalesceio,Ravi Menon,assign_unallocated,suggested
38990,Cyara,cyara.com,NW0038990,allocated,60.61,custom,41.0,Sales headcount,commercial,Priya Nair,priya.nair@northwind.example,commercial,0,0,,0,1,0,3,0,0,0,2026-07-12,google_calendar,,https://sumble.com/orgs/cyara,,,
2133524,Trolley,trolley.com,NW2133524,allocated,60.6,custom,12.0,Sales headcount,commercial,Ravi Menon,ravi.menon@northwind.example,commercial,0,0,,0,0,0,0,0,0,0,,,,https://sumble.com/orgs/trolleyhq,,,
14295,"Anaconda, Inc.",anaconda.com,NW0014295,allocated,60.57,custom,63.0,Sales headcount,commercial,Maya Cohen,maya.cohen@northwind.example,commercial,0,0,,0,0,0,0,0,0,0,,,,https://sumble.com/orgs/anaconda,,,
476391,Seclore,seclore.com,NW0476391,customer,60.57,custom,39.0,Sales headcount,commercial,Alex Rivera,alex.rivera@northwind.example,commercial,0,0,,0,1,0,2,0,0,0,2026-07-29,google_calendar,,https://sumble.com/orgs/seclore,,,
62701,Nuvolo,nuvolo.com,NW0062701,allocated,60.57,custom,35.0,Sales headcount,commercial,Priya Nair,priya.nair@northwind.example,commercial,0,0,,0,1,0,2,0,0,0,2026-07-07,google_calendar,,https://sumble.com/orgs/nuvolo,,,
30350,"TiDB, powered by PingCAP",pingcap.com,NW0030350,allocated,60.54,custom,61.0,Sales headcount,commercial,Priya Nair,priya.nair@northwind.example,commercial,0,0,,0,1,0,2,0,0,0,2026-07-14,google_calendar,,https://sumble.com/orgs/pingcap,,,
18198,Acceldata,acceldata.io,NW0018198,allocated,60.53,custom,28.0,Sales headcount,commercial,Maya Cohen,maya.cohen@northwind.example,commercial,0,0,,0,0,0,0,0,0,0,,,,https://sumble.com/orgs/acceldata,,,
652901,ElevenLabs,elevenlabs.io,NW0652901,unallocated,60.52,custom,12.0,Sales headcount,commercial,,,,1,0,,0,0,0,0,0,0,0,,,,https://sumble.com/orgs/elevenlabsio,Sam Patel,assign_unallocated,suggested
2032131,Clutch Security,clutch.security,NW2032131,allocated,60.5,custom,16.0,Sales headcount,commercial,Ravi Menon,ravi.menon@northwind.example,commercial,0,0,,0,1,0,2,0,0,0,2026-07-22,google_calendar,,https://sumble.com/orgs/clutch-security,,,
25681,Front,front.com,NW0025681,allocated,60.48,custom,43.0,Sales headcount,commercial,Alex Rivera,alex.rivera@northwind.example,commercial,0,0,,0,0,0,0,0,0,0,,,,https://sumble.com/orgs/frontapp,,,
5902,Denodo,denodo.com,NW0005902,allocated,60.47,custom,141.0,Sales headcount,commercial,Elena Petrova,elena.petrova@northwind.example,commercial,0,0,,0,1,0,1,0,0,0,2026-06-03,google_calendar,,https://sumble.com/orgs/denodo-technologies,,,
84607,Megaport,megaport.com,NW0084607,allocated,60.45,custom,75.0,Sales headcount,commercial,Elena Petrova,elena.petrova@northwind.example,commercial,0,0,,0,0,0,0,0,0,0,,,,https://sumble.com/orgs/megaport,,,
589676,Evonix,evonix.co,NW0589676,allocated,60.42,custom,6.0,Sales headcount,commercial,Priya Nair,priya.nair@northwind.example,commercial,0,0,,0,0,0,0,0,0,0,,,,https://sumble.com/orgs/evonix,,,
1167726,Arbisoft,arbisoft.com,NW1167726,unallocated,60.4,custom,7.0,Sales headcount,commercial,,,,1,0,,0,0,0,0,0,0,0,,,,https://sumble.com/orgs/arbisoft,Maya Cohen,assign_unallocated,suggested
2130630,Cobalt,cobalt.io,NW2130630,allocated,60.39,custom,30.0,Sales headcount,commercial,Diego Castro,diego.castro@northwind.example,commercial,0,0,,0,1,0,2,0,0,0,2026-07-27,google_calendar,,https://sumble.com/orgs/cobalt-io,,,
8553,Druva,druva.com,NW0008553,allocated,60.39,custom,206.0,Sales headcount,enterprise,Rosa Alvarez,rosa.alvarez@northwind.example,enterprise,0,0,,0,0,0,0,0,0,0,,,,https://sumble.com/orgs/druva,,,
89447,Synology,synology.com,NW0089447,allocated,60.39,custom,114.0,Sales headcount,commercial,Diego Castro,diego.castro@northwind.example,commercial,0,0,,0,0,0,0,0,0,0,,,,https://sumble.com/orgs/synology-america,,,
6171,Corel Corporation,corel.com,NW0006171,allocated,60.36,custom,53.0,Sales headcount,commercial,Maya Cohen,maya.cohen@northwind.example,commercial,0,0,,0,1,0,1,0,0,0,2026-07-16,google_calendar,,https://sumble.com/orgs/corel,,,
519245,Sayari,sayari.com,NW0519245,allocated,60.35,custom,71.0,Sales headcount,commercial,Alex Rivera,alex.rivera@northwind.example,commercial,0,0,,0,1,0,1,0,0,0,2026-06-05,google_calendar,,https://sumble.com/orgs/sayarilabs,,,
184134,Teamtailor,teamtailor.com,NW0184134,allocated,60.34,custom,246.0,Sales headcount,enterprise,Yuki Tanaka,yuki.tanaka@northwind.example,enterprise,0,0,,0,0,0,0,0,0,0,,,,https://sumble.com/orgs/team-@-satis-education,,,
309155,&Open,andopen.co,NW0309155,allocated,60.34,custom,10.0,Sales headcount,commercial,Alex Rivera,alex.rivera@northwind.example,commercial,0,0,,0,1,0,2,0,0,0,2026-07-22,google_calendar,,https://sumble.com/orgs/&open,,,
91202,Teramind,teramind.co,NW0091202,allocated,60.34,custom,30.0,Sales headcount,commercial,Jordan Lee,jordan.lee@northwind.example,commercial,0,0,,0,1,0,1,0,0,0,2026-06-27,google_calendar,,https://sumble.com/orgs/teramind,,,
978327,Attention,attention.com,NW0978327,allocated,60.34,custom,11.0,Sales headcount,commercial,Jordan Lee,jordan.lee@northwind.example,commercial,0,0,,0,0,0,0,0,0,0,,,,https://sumble.com/orgs/attentiontech,,,
66046,Octopus Deploy,octopus.com,NW0066046,allocated,60.3,custom,62.0,Sales headcount,commercial,Jordan Lee,jordan.lee@northwind.example,commercial,0,0,,0,1,0,1,0,0,0,2026-07-15,google_calendar,,https://sumble.com/orgs/octopus-deploy,,,
79643,Akka,akka.io,NW0079643,unallocated,60.3,custom,5.0,Sales headcount,commercial,,,,1,0,,0,0,0,0,0,0,0,,,,https://sumble.com/orgs/lightbend,Diego Castro,assign_unallocated,suggested
38452,ServiceTrade,servicetrade.com,NW0038452,unallocated,60.29,custom,37.0,Sales headcount,commercial,,,,1,0,,0,0,0,0,0,0,0,,,,https://sumble.com/orgs/servicetrade,Aisha Bello,assign_unallocated,suggested
6758,"Incept Data Solutions, Inc.",inceptds.com,NW0006758,unallocated,60.26,custom,4.0,Sales headcount,commercial,,,,1,0,,0,0,0,0,0,0,0,,,,https://sumble.com/orgs/incept-data-solutions,Priya Nair,assign_unallocated,suggested
7515,LivePerson,liveperson.com,NW0007515,allocated,60.24,custom,66.0,Sales headcount,commercial,Alex Rivera,alex.rivera@northwind.example,commercial,0,0,,0,1,0,1,0,0,0,2026-06-13,google_calendar,,https://sumble.com/orgs/liveperson,,,
36940,SafeSend,safesend.com,NW0036940,unallocated,60.22,custom,16.0,Sales headcount,commercial,,,,1,0,,0,0,0,0,0,0,0,,,,https://sumble.com/orgs/safesend,Elena Petrova,assign_unallocated,suggested
1777243,Jasper,jasper.ai,NW1777243,allocated,60.17,custom,66.0,Sales headcount,commercial,Alex Rivera,alex.rivera@northwind.example,commercial,0,0,,0,1,0,3,0,0,0,2026-07-28,google_calendar,,https://sumble.com/orgs/heyjasperai,,,
75792,Zyte,zyte.com,NW0075792,unallocated,60.16,custom,20.0,Sales headcount,commercial,,,,1,0,,0,0,0,0,0,0,0,,,,https://sumble.com/orgs/zyte,Noah Schmidt,assign_unallocated,suggested
16529,Logically,logically.ai,NW0016529,allocated,60.11,custom,4.0,Sales headcount,commercial,Jordan Lee,jordan.lee@northwind.example,commercial,0,0,,0,0,0,0,0,0,0,,,,https://sumble.com/orgs/logically,,,
439646,SurveyMonkey,momentive.ai,NW0439646,allocated,60.08,custom,130.0,Sales headcount,commercial,Aisha Bello,aisha.bello@northwind.example,commercial,0,0,,0,0,0,0,0,0,0,,,,https://sumble.com/orgs/surveymonkey,,,
102597,Coder,coder.com,NW0102597,allocated,60.03,custom,24.0,Sales headcount,commercial,Elena Petrova,elena.petrova@northwind.example,commercial,0,0,,0,0,0,0,0,0,0,,,,https://sumble.com/orgs/coder,,,
544568,You.com,you.com,NW0544568,unallocated,59.99,custom,18.0,Sales headcount,commercial,,,,1,0,,0,0,0,0,0,0,0,,,,https://sumble.com/orgs/youdotcom,Ravi Menon,assign_unallocated,suggested
18121,Nozomi Networks,nozominetworks.com,NW0018121,customer,59.98,custom,88.0,Sales headcount,commercial,Sam Patel,sam.patel@northwind.example,commercial,0,0,,0,1,0,3,0,0,0,2026-07-01,google_calendar,,https://sumble.com/orgs/nozomi-networks,,,
27248,DataRobot,datarobot.com,NW0027248,allocated,59.96,custom,61.0,Sales headcount,commercial,Jordan Lee,jordan.lee@northwind.example,commercial,0,0,,0,1,0,3,0,0,0,2026-07-18,google_calendar,,https://sumble.com/orgs/datarobot,,,
1036611,Databahn.ai,databahn.ai,NW1036611,allocated,59.94,custom,16.0,Sales headcount,commercial,Aisha Bello,aisha.bello@northwind.example,commercial,0,0,,0,0,0,0,0,0,0,,,,https://sumble.com/orgs/databahn-ai,,,
16326,Atlan,atlan.com,NW0016326,allocated,59.91,custom,76.0,Sales headcount,commercial,Sam Patel,sam.patel@northwind.example,commercial,0,0,,0,1,0,1,0,0,0,2026-07-22,google_calendar,,https://sumble.com/orgs/atlan,,,
336583,Zone & Co,zoneandco.com,NW0336583,allocated,59.89,custom,45.0,Sales headcount,commercial,Alex Rivera,alex.rivera@northwind.example,commercial,0,0,,0,1,0,3,0,0,0,2026-06-29,google_calendar,,https://sumble.com/orgs/zone&co,,,
1411757,Cirata,cirata.com,NW1411757,allocated,59.82,custom,8.0,Sales headcount,commercial,Ravi Menon,ravi.menon@northwind.example,commercial,0,0,,0,0,0,0,0,0,0,,,,https://sumble.com/orgs/cirata,,,
31476,H2O.ai,h2o.ai,NW0031476,allocated,59.82,custom,14.0,Sales headcount,commercial,Jordan Lee,jordan.lee@northwind.example,commercial,0,0,,0,0,0,0,0,0,0,,,,https://sumble.com/orgs/h2o-ai,,,
9434,Xactly Corp,xactlycorp.com,NW0009434,allocated,59.82,custom,62.0,Sales headcount,commercial,Elena Petrova,elena.petrova@northwind.example,commercial,0,0,,0,0,0,0,0,0,0,,,,https://sumble.com/orgs/xactly,,,
19032,Pantheon,pantheon.io,NW0019032,allocated,59.78,custom,46.0,Sales headcount,commercial,Alex Rivera,alex.rivera@northwind.example,commercial,0,0,,0,0,0,0,0,0,0,,,,https://sumble.com/orgs/pantheon-systems,,,
263847,NETSOL Technologies Inc.,netsoltech.com,NW0263847,allocated,59.77,custom,29.0,Sales headcount,commercial,Maya Cohen,maya.cohen@northwind.example,commercial,0,0,,0,0,0,0,0,0,0,,,,https://sumble.com/orgs/netsol-technologies,,,
1763812,Chalk,chalk.ai,NW1763812,allocated,59.75,custom,3.0,Sales headcount,commercial,Priya Nair,priya.nair@northwind.example,commercial,0,0,,0,0,0,0,0,0,0,,,,https://sumble.com/orgs/chalkai,,,
48448,Amperity,amperity.com,NW0048448,allocated,59.75,custom,48.0,Sales headcount,commercial,Alex Rivera,alex.rivera@northwind.example,commercial,0,0,,0,1,0,3,0,0,0,2026-07-08,google_calendar,,https://sumble.com/orgs/amperity,,,
11147,"Keeper Security, Inc.",keepersecurity.com,NW0011147,allocated,59.73,custom,181.0,Sales headcount,enterprise,Yuki Tanaka,yuki.tanaka@northwind.example,enterprise,0,0,,0,0,0,0,0,0,0,,,,https://sumble.com/orgs/keeper-security,,,
60023,Tufin,tufin.com,NW0060023,allocated,59.73,custom,85.0,Sales headcount,commercial,Priya Nair,priya.nair@northwind.example,commercial,0,0,,0,0,0,0,0,0,0,,,,https://sumble.com/orgs/tufin,,,
358829,rex D,rex-d.com,NW0358829,allocated,59.72,custom,244.0,Sales headcount,enterprise,Avery Brooks,avery.brooks@northwind.example,enterprise,0,0,,0,1,0,3,0,0,0,2026-07-18,google_calendar,,https://sumble.com/orgs/rexd,,,
51331,Prezent,prezent.ai,NW0051331,allocated,59.72,custom,11.0,Sales headcount,commercial,Alex Rivera,alex.rivera@northwind.example,commercial,0,0,,0,1,0,1,0,0,0,2026-06-06,google_calendar,,https://sumble.com/orgs/prezent,,,
645220,Nue.io,nue.io,NW0645220,allocated,59.72,custom,42.0,Sales headcount,commercial,Fatima Khan,fatima.khan@northwind.example,enterprise,0,0,,1,0,0,0,0,0,0,,,,https://sumble.com/orgs/nue-io,Ravi Menon,misfit,suggested
514675,Salt Security,salt.security,NW0514675,allocated,59.71,custom,31.0,Sales headcount,commercial,Diego Castro,diego.castro@northwind.example,commercial,0,0,,0,0,0,0,0,0,0,,,,https://sumble.com/orgs/saltsecurity,,,
35785,Mixpanel,mixpanel.com,NW0035785,allocated,59.7,custom,86.0,Sales headcount,commercial,Noah Schmidt,noah.schmidt@northwind.example,commercial,0,0,,0,0,0,0,0,0,0,,,,https://sumble.com/orgs/mixpanel,,,
14171,ClassLink,classlink.com,NW0014171,allocated,59.69,custom,7.0,Sales headcount,commercial,Priya Nair,priya.nair@northwind.example,commercial,0,0,,0,0,0,0,0,0,0,,,,https://sumble.com/orgs/classlink,,,
570216,MinIO,min.io,NW0570216,allocated,59.68,custom,35.0,Sales headcount,commercial,Sam Patel,sam.patel@northwind.example,commercial,0,0,,0,1,0,1,0,0,0,2026-07-26,google_calendar,,https://sumble.com/orgs/minio,,,
28443,Mark43,mark43.com,NW0028443,allocated,59.66,custom,33.0,Sales headcount,commercial,Alex Rivera,alex.rivera@northwind.example,commercial,0,0,,0,0,0,0,0,0,0,,,,https://sumble.com/orgs/mark43,,,
84131,Fiddler AI,fiddler.ai,NW0084131,allocated,59.65,custom,10.0,Sales headcount,commercial,Ravi Menon,ravi.menon@northwind.example,commercial,0,0,,0,0,0,0,0,0,0,,,,https://sumble.com/orgs/fiddler-ai,,,
6006,Origami Risk,origamirisk.com,NW0006006,unallocated,59.64,custom,162.0,Sales headcount,enterprise,,,,1,0,,0,0,0,0,0,0,0,,,,https://sumble.com/orgs/origami-risk,Marcus Bell,assign_unallocated,suggested
1792157,Galileo,galileo.ai,NW1792157,customer,59.63,custom,14.0,Sales headcount,commercial,Sam Patel,sam.patel@northwind.example,commercial,0,0,,0,1,0,2,0,0,0,2026-07-27,google_calendar,,https://sumble.com/orgs/galileo-ai,,,
1866454,Jellyfish,jellyfish.co,NW1866454,allocated,59.63,custom,54.0,Sales headcount,commercial,Sam Patel,sam.patel@northwind.example,commercial,0,0,,0,1,0,1,0,0,0,2026-06-04,google_calendar,,https://sumble.com/orgs/jellyfish,,,
23721,SafetyCulture,safetyculture.com,NW0023721,allocated,59.62,custom,109.0,Sales headcount,commercial,Diego Castro,diego.castro@northwind.example,commercial,0,0,,0,1,0,2,0,0,0,2026-07-14,google_calendar,,https://sumble.com/orgs/safetyculture,,,
568262,ORO Labs,orolabs.ai,NW0568262,allocated,59.62,custom,29.0,Sales headcount,commercial,Aisha Bello,aisha.bello@northwind.example,commercial,0,0,,0,1,0,2,0,0,0,2026-07-20,google_calendar,,https://sumble.com/orgs/procurewithoro,,,
166606,DevRev,devrev.ai,NW0166606,unallocated,59.56,custom,112.0,Sales headcount,commercial,,,,1,0,,0,0,0,0,0,0,0,,,,https://sumble.com/orgs/devrev,Sam Patel,assign_unallocated,suggested
13101,Skilljar by Gainsight,skilljar.com,NW0013101,allocated,59.55,custom,5.0,Sales headcount,commercial,Diego Castro,diego.castro@northwind.example,commercial,0,0,,0,1,0,1,0,0,0,2026-07-10,google_calendar,,https://sumble.com/orgs/skilljar,,,
259655,Buildkite,buildkite.com,NW0259655,unallocated,59.51,custom,17.0,Sales headcount,commercial,,,,1,0,,0,0,0,0,0,0,0,,,,https://sumble.com/orgs/buildkite,Maya Cohen,assign_unallocated,suggested
941148,Juicebox,juicebox.ai,NW0941148,allocated,59.48,custom,13.0,Sales headcount,commercial,Sam Patel,sam.patel@northwind.example,commercial,0,0,,0,1,0,1,0,0,0,2026-07-27,google_calendar,,https://sumble.com/orgs/jcbx,,,
1767588,Drivepoint,drivepoint.io,NW1767588,customer,59.47,custom,7.0,Sales headcount,commercial,Alex Rivera,alex.rivera@northwind.example,commercial,0,0,,0,1,0,1,0,0,0,2026-07-07,google_calendar,,https://sumble.com/orgs/drivepoint-io,,,
31993,The Information Lab,theinformationlab.co.uk,NW0031993,allocated,59.47,custom,34.0,Sales headcount,commercial,Sam Patel,sam.patel@northwind.example,commercial,0,0,,0,0,0,0,0,0,0,,,,https://sumble.com/orgs/information-lab,,,
1471220,Reka AI,reka.ai,NW1471220,allocated,59.46,custom,3.0,Sales headcount,commercial,Sam Patel,sam.patel@northwind.example,commercial,0,0,,0,1,0,3,0,0,0,2026-07-18,google_calendar,,https://sumble.com/orgs/reka-ai,,,
19262,Ataccama,ataccama.com,NW0019262,allocated,59.46,custom,52.0,Sales headcount,commercial,Priya Nair,priya.nair@northwind.example,commercial,0,0,,0,0,0,0,0,0,0,,,,https://sumble.com/orgs/ataccama,,,
132057,Clumio,clumio.com,NW0132057,allocated,59.45,custom,5.0,Sales headcount,commercial,Sam Patel,sam.patel@northwind.example,commercial,0,0,,0,1,0,2,0,0,0,2026-06-26,google_calendar,,https://sumble.com/orgs/clumio,,,
1793036,trumpet 🎺,sendtrumpet.com,NW1793036,unallocated,59.45,custom,11.0,Sales headcount,commercial,,,,1,0,,0,0,0,0,0,0,0,,,,https://sumble.com/orgs/sendtrumpet,Diego Castro,assign_unallocated,suggested
931655,Vector 👻,vector.co,NW0931655,allocated,59.44,custom,8.0,Sales headcount,commercial,Ravi Menon,ravi.menon@northwind.example,commercial,0,0,,0,1,0,2,0,0,0,2026-07-01,google_calendar,,https://sumble.com/orgs/getvector,,,
103887,Endor Labs,endorlabs.com,NW0103887,allocated,59.42,custom,32.0,Sales headcount,commercial,Jordan Lee,jordan.lee@northwind.example,commercial,0,0,,0,1,0,2,0,0,0,2026-07-30,google_calendar,,https://sumble.com/orgs/endor-labs,,,
116487,MetaCompliance,metacompliance.com,NW0116487,customer,59.42,custom,67.0,Sales headcount,commercial,Priya Nair,priya.nair@northwind.example,commercial,0,0,,0,0,0,0,0,0,0,,,,https://sumble.com/orgs/metacompliance,,,
13369,Liftoff Mobile,liftoff.io,NW0013369,allocated,59.37,custom,108.0,Sales headcount,commercial,Sam Patel,sam.patel@northwind.example,commercial,0,0,,0,1,0,3,0,0,0,2026-07-06,google_calendar,,https://sumble.com/orgs/liftoff,,,
43526,Limble,limblecmms.com,NW0043526,allocated,59.36,custom,38.0,Sales headcount,commercial,Aisha Bello,aisha.bello@northwind.example,commercial,0,0,,0,0,0,0,0,0,0,,,,https://sumble.com/orgs/limble-cmms,,,
189192,Breezeway,breezeway.io,NW0189192,allocated,59.35,custom,27.0,Sales headcount,commercial,Ravi Menon,ravi.menon@northwind.example,commercial,0,0,,0,1,0,1,0,0,0,2026-06-09,google_calendar,,https://sumble.com/orgs/breezeway,,,
71291,Render,render.com,NW0071291,allocated,59.35,custom,3.0,Sales headcount,commercial,Ravi Menon,ravi.menon@northwind.example,commercial,0,0,,0,0,0,0,0,0,0,,,,https://sumble.com/orgs/render,,,
36845,AppsFlyer,appsflyer.com,NW0036845,allocated,59.34,custom,151.0,Sales headcount,enterprise,Avery Brooks,avery.brooks@northwind.example,enterprise,0,0,,0,1,0,2,0,0,0,2026-07-18,google_calendar,,https://sumble.com/orgs/appsflyer,,,
517196,PromptQL,hasura.io,NW0517196,unallocated,59.33,custom,5.0,Sales headcount,commercial,,,,1,0,,0,0,0,0,0,0,0,,,,https://sumble.com/orgs/hasura,Aisha Bello,assign_unallocated,suggested
456587,Spendflo,spendflo.com,NW0456587,allocated,59.32,custom,11.0,Sales headcount,commercial,Priya Nair,priya.nair@northwind.example,commercial,0,0,,0,0,0,0,0,0,0,,,,https://sumble.com/orgs/spendflo,,,
538713,Horizon3.ai,horizon3.ai,NW0538713,allocated,59.32,custom,134.0,Sales headcount,commercial,Priya Nair,priya.nair@northwind.example,commercial,0,0,,0,1,0,2,0,0,0,2026-06-23,google_calendar,,https://sumble.com/orgs/horizon3ai,,,
12983,Sift,sift.com,NW0012983,allocated,59.3,custom,37.0,Sales headcount,commercial,Jordan Lee,jordan.lee@northwind.example,commercial,0,0,,0,1,0,1,0,0,0,2026-07-18,google_calendar,,https://sumble.com/orgs/sift,,,
63102,seoClarity,seoclarity.net,NW0063102,unallocated,59.27,custom,6.0,Sales headcount,commercial,,,,1,0,,0,0,0,0,0,0,0,,,,https://sumble.com/orgs/seoclarity,Priya Nair,assign_unallocated,suggested
645478,FleetPanda - Petroleum Logistics Software,fleetpanda.com,NW0645478,allocated,59.27,custom,3.0,Sales headcount,commercial,Alex Rivera,alex.rivera@northwind.example,commercial,0,0,,0,1,0,2,0,0,0,2026-07-08,google_calendar,,https://sumble.com/orgs/fleetpanda,,,
770003,Numeric,numeric.io,NW0770003,unallocated,59.27,custom,30.0,Sales headcount,commercial,,,,1,0,,0,0,0,0,0,0,0,,,,https://sumble.com/orgs/velocityhq,Noah Schmidt,assign_unallocated,suggested
3938,Intapp,intapp.com,NW0003938,allocated,59.18,custom,133.0,Sales headcount,commercial,Jordan Lee,jordan.lee@northwind.example,commercial,0,0,,0,1,0,2,0,0,0,2026-07-16,google_calendar,,https://sumble.com/orgs/intapp,,,
42268,CyberClan,cyberclan.com,NW0042268,unallocated,59.13,custom,8.0,Sales headcount,commercial,,,,1,0,,0,0,0,0,0,0,0,,,,https://sumble.com/orgs/cyberclan,Elena Petrova,assign_unallocated,suggested
393183,Mapbox,mapbox.com,NW0393183,allocated,59.12,custom,35.0,Sales headcount,commercial,Ravi Menon,ravi.menon@northwind.example,commercial,0,0,,0,1,0,3,0,0,0,2026-07-28,google_calendar,,https://sumble.com/orgs/mapbox,,,
12458,ICIMS,icims.com,NW0012458,allocated,59.09,custom,95.0,Sales headcount,commercial,Alex Rivera,alex.rivera@northwind.example,commercial,0,0,,0,1,0,2,0,0,0,2026-07-30,google_calendar,,https://sumble.com/orgs/icims,,,
185764,Reltio,reltio.com,NW0185764,allocated,59.04,custom,51.0,Sales headcount,commercial,Sam Patel,sam.patel@northwind.example,commercial,0,0,,0,0,0,0,0,0,0,,,,https://sumble.com/orgs/reltio,,,
1369851,Sublime Security,sublime.security,NW1369851,allocated,59.0,custom,57.0,Sales headcount,commercial,Elena Petrova,elena.petrova@northwind.example,commercial,0,0,,0,0,0,0,0,0,0,,,,https://sumble.com/orgs/sublime-security,,,
694395,Pump.co,pump.co,NW0694395,allocated,59.0,custom,12.0,Sales headcount,commercial,Alex Rivera,alex.rivera@northwind.example,commercial,0,0,,0,1,0,1,0,0,0,2026-07-13,google_calendar,,https://sumble.com/orgs/pumpinc,,,
367445,Riverside,riverside.fm,NW0367445,allocated,58.97,custom,55.0,Sales headcount,commercial,Jordan Lee,jordan.lee@northwind.example,commercial,0,0,,0,0,0,0,0,0,0,,,,https://sumble.com/orgs/riverside-fm,,,
496109,Validis,validis.com,NW0496109,allocated,58.95,custom,4.0,Sales headcount,commercial,Maya Cohen,maya.cohen@northwind.example,commercial,0,0,,0,0,0,0,0,0,0,,,,https://sumble.com/orgs/validis,,,
1297521,GeneXus,genexus.com,NW1297521,allocated,58.91,custom,6.0,Sales headcount,commercial,Maya Cohen,maya.cohen@northwind.example,commercial,0,0,,0,0,0,0,0,0,0,,,,https://sumble.com/orgs/genexus,,,
33525,People Data Labs,peopledatalabs.com,NW0033525,allocated,58.88,custom,19.0,Sales headcount,commercial,Aisha Bello,aisha.bello@northwind.example,commercial,0,0,,0,0,0,0,0,0,0,,,,https://sumble.com/orgs/people-data-labs,,,
26369,Greenlight Guru,greenlight.guru,NW0026369,allocated,58.85,custom,19.0,Sales headcount,commercial,Ravi Menon,ravi.menon@northwind.example,commercial,0,0,,0,0,0,0,0,0,0,,,,https://sumble.com/orgs/greenlight-guru,,,
765379,Addressable.io,addressable.io,NW0765379,allocated,58.83,custom,3.0,Sales headcount,commercial,Maya Cohen,maya.cohen@northwind.example,commercial,0,0,,0,0,0,0,0,0,0,,,,https://sumble.com/orgs/addressableio,,,
777,Canonical,canonical.com,NW0000777,allocated,58.81,custom,127.0,Sales headcount,commercial,Alex Rivera,alex.rivera@northwind.example,commercial,0,0,,0,0,0,0,0,0,0,,,,https://sumble.com/orgs/canonical,,,
34625,Beekeeper by LumApps,beekeeper.io,NW0034625,allocated,58.8,custom,37.0,Sales headcount,commercial,Ravi Menon,ravi.menon@northwind.example,commercial,0,0,,0,1,0,2,0,0,0,2026-07-07,google_calendar,,https://sumble.com/orgs/beekeeper,,,
2369685,Astronomer,astronomer.io,NW2369685,unallocated,58.76,custom,116.0,Sales headcount,commercial,,,,1,0,,0,0,0,0,0,0,0,,,,https://sumble.com/orgs/astronomer-io,Ravi Menon,assign_unallocated,suggested
570128,incident.io,incident.io,NW0570128,allocated,58.72,custom,57.0,Sales headcount,commercial,Ravi Menon,ravi.menon@northwind.example,commercial,0,0,,0,0,0,0,0,0,0,,,,https://sumble.com/orgs/incident-io,,,
164920,Splashtop Inc.,splashtop.com,NW0164920,allocated,58.7,custom,59.0,Sales headcount,commercial,Maya Cohen,maya.cohen@northwind.example,commercial,0,0,,0,0,0,0,0,0,0,,,,https://sumble.com/orgs/splashtop,,,
10882,Wasabi Technologies,wasabi.com,NW0010882,allocated,58.67,custom,105.0,Sales headcount,commercial,Diego Castro,diego.castro@northwind.example,commercial,0,0,,0,1,0,1,0,0,0,2026-07-06,google_calendar,,https://sumble.com/orgs/wasabi-technologies,,,
35553,Spiro,thisisspiro.com,NW0035553,allocated,58.67,custom,158.0,Sales headcount,enterprise,Priya Nair,priya.nair@northwind.example,commercial,0,0,,1,1,0,2,0,0,0,2026-07-30,google_calendar,,https://sumble.com/orgs/spiro,,,
446327,Shypple,shypple.com,NW0446327,customer,58.66,custom,10.0,Sales headcount,commercial,Alex Rivera,alex.rivera@northwind.example,commercial,0,0,,0,1,0,1,0,0,0,2026-06-29,google_calendar,,https://sumble.com/orgs/shypple,,,
11777,Vimeo,vimeo.com,NW0011777,unallocated,58.62,custom,130.0,Sales headcount,commercial,,,,1,0,,0,0,0,0,0,0,0,,,,https://sumble.com/orgs/vimeo,Sam Patel,assign_unallocated,suggested
600739,RobCo,robco.de,NW0600739,allocated,58.62,custom,53.0,Sales headcount,commercial,Alex Rivera,alex.rivera@northwind.example,commercial,0,0,,0,1,0,2,0,0,0,2026-07-26,google_calendar,,https://sumble.com/orgs/kea-robotics,,,
24508,Securonix,securonix.com,NW0024508,unallocated,58.6,custom,47.0,Sales headcount,commercial,,,,1,0,,0,0,0,0,0,0,0,,,,https://sumble.com/orgs/securonix,Maya Cohen,assign_unallocated,suggested
37817,dv01,dv01.co,NW0037817,unallocated,58.59,custom,9.0,Sales headcount,commercial,,,,1,0,,0,0,0,0,0,0,0,,,,https://sumble.com/orgs/dv01,Diego Castro,assign_unallocated,suggested
56737,Wortell,wortell.nl,NW0056737,allocated,58.59,custom,13.0,Sales headcount,commercial,Ravi Menon,ravi.menon@northwind.example,commercial,0,0,,0,1,0,3,0,0,0,2026-07-27,google_calendar,,https://sumble.com/orgs/wortell,,,
11897,Starburst,starburst.io,NW0011897,allocated,58.56,custom,68.0,Sales headcount,commercial,Noah Schmidt,noah.schmidt@northwind.example,commercial,0,0,,0,1,0,1,0,0,0,2026-07-20,google_calendar,,https://sumble.com/orgs/starburst-4,,,
25419,Immuta,immuta.com,NW0025419,unallocated,58.56,custom,17.0,Sales headcount,commercial,,,,1,0,,0,0,0,0,0,0,0,,,,https://sumble.com/orgs/immuta,Aisha Bello,assign_unallocated,suggested
27108,AppDirect,appdirect.com,NW0027108,unallocated,58.56,custom,83.0,Sales headcount,commercial,,,,1,0,,0,0,0,0,0,0,0,,,,https://sumble.com/orgs/appdirect,Priya Nair,assign_unallocated,suggested
28151,Hazelcast,hazelcast.com,NW0028151,unallocated,58.55,custom,16.0,Sales headcount,commercial,,,,1,0,,0,0,0,0,0,0,0,,,,https://sumble.com/orgs/hazelcast,Elena Petrova,assign_unallocated,suggested
12216,CloudPay,cloudpay.com,NW0012216,allocated,58.53,custom,57.0,Sales headcount,commercial,Priya Nair,priya.nair@northwind.example,commercial,0,0,,0,0,0,0,0,0,0,,,,https://sumble.com/orgs/cloudpay,,,
157032,ULE Group,ulegroup.com,NW0157032,allocated,58.52,custom,15.0,Sales headcount,commercial,Aisha Bello,aisha.bello@northwind.example,commercial,0,0,,0,0,0,0,0,0,0,,,,https://sumble.com/orgs/ule-group,,,
595105,Kixie,kixie.com,NW0595105,customer,58.51,custom,15.0,Sales headcount,commercial,Jordan Lee,jordan.lee@northwind.example,commercial,0,0,,0,0,0,0,0,0,0,,,,https://sumble.com/orgs/kixie-com,,,
448216,Fourth,fourth.com,NW0448216,allocated,58.49,custom,80.0,Sales headcount,commercial,Noah Schmidt,noah.schmidt@northwind.example,commercial,0,0,,0,1,0,3,0,0,0,2026-07-08,google_calendar,,https://sumble.com/orgs/fourth-enterprises,,,
1209981,Signaturit Group a Namirial Company,signaturit.com,NW1209981,allocated,58.45,custom,61.0,Sales headcount,commercial,Alex Rivera,alex.rivera@northwind.example,commercial,0,0,,0,0,0,0,0,0,0,,,,https://sumble.com/orgs/signaturit,,,
10081,Actian,actian.com,NW0010081,allocated,58.44,custom,86.0,Sales headcount,commercial,Maya Cohen,maya.cohen@northwind.example,commercial,0,0,,0,1,0,3,0,0,0,2026-07-16,google_calendar,,https://sumble.com/orgs/actian,,,
596682,BlinkOps,blinkops.com,NW0596682,allocated,58.43,custom,29.0,Sales headcount,commercial,Elena Petrova,elena.petrova@northwind.example,commercial,0,0,,0,1,0,3,0,0,0,2026-07-21,google_calendar,,https://sumble.com/orgs/blink-operations,,,
13768,NMI,nmi.com,NW0013768,allocated,58.42,custom,47.0,Sales headcount,commercial,Alex Rivera,alex.rivera@northwind.example,commercial,0,0,,0,1,0,3,0,0,0,2026-07-12,google_calendar,,https://sumble.com/orgs/nmi,,,
16122,Liferay,liferay.com,NW0016122,unallocated,58.42,custom,103.0,Sales headcount,commercial,,,,1,0,,0,0,0,0,0,0,0,,,,https://sumble.com/orgs/liferay,Noah Schmidt,assign_unallocated,suggested
48285,Wunderkind,wunderkind.com,NW0048285,allocated,58.42,custom,30.0,Sales headcount,commercial,Aisha Bello,aisha.bello@northwind.example,commercial,0,0,,0,1,0,1,0,0,0,2026-07-16,google_calendar,,https://sumble.com/orgs/wunderkind,,,
7705,Fictiv,fictiv.com,NW0007705,allocated,58.41,custom,41.0,Sales headcount,commercial,Noah Schmidt,noah.schmidt@northwind.example,commercial,0,0,,0,1,0,2,0,0,0,2026-06-18,google_calendar,,https://sumble.com/orgs/fictiv,,,
466782,Workerbase,workerbase.com,NW0466782,allocated,58.4,custom,4.0,Sales headcount,commercial,Alex Rivera,alex.rivera@northwind.example,commercial,0,0,,0,1,0,2,0,0,0,2026-07-17,google_calendar,,https://sumble.com/orgs/workerbase,,,
30799,Keyfactor,keyfactor.com,NW0030799,allocated,58.37,custom,118.0,Sales headcount,commercial,Diego Castro,diego.castro@northwind.example,commercial,0,0,,0,1,0,2,0,0,0,2026-07-06,google_calendar,,https://sumble.com/orgs/keyfactor,,,
7932,"Docker, Inc",docker.com,NW0007932,allocated,58.37,custom,104.0,Sales headcount,commercial,Noah Schmidt,noah.schmidt@northwind.example,commercial,0,0,,0,0,0,0,0,0,0,,,,https://sumble.com/orgs/docker,,,
93557,Innodata Inc.,innodata.com,NW0093557,allocated,58.33,custom,11.0,Sales headcount,commercial,Sam Patel,sam.patel@northwind.example,commercial,0,0,,0,1,0,1,0,0,0,2026-07-08,google_calendar,,https://sumble.com/orgs/innodata,,,
14887,Validity Inc.,validity.com,NW0014887,allocated,58.3,custom,87.0,Sales headcount,commercial,Maya Cohen,maya.cohen@northwind.example,commercial,0,0,,0,0,0,0,0,0,0,,,,https://sumble.com/orgs/validity,,,
998226,Aampe,aampe.com,NW0998226,unallocated,58.3,custom,10.0,Sales headcount,commercial,,,,1,0,,0,0,0,0,0,0,0,,,,https://sumble.com/orgs/aampe,Ravi Menon,assign_unallocated,suggested
36759,RFPIO Inc.,responsive.io,NW0036759,allocated,58.28,custom,95.0,Sales headcount,commercial,Alex Rivera,alex.rivera@northwind.example,commercial,0,0,,0,1,0,3,0,0,0,2026-07-14,google_calendar,,https://sumble.com/orgs/rfpio,,,
520095,Temporal Technologies,temporal.io,NW0520095,allocated,58.26,custom,67.0,Sales headcount,commercial,Noah Schmidt,noah.schmidt@northwind.example,commercial,0,0,,0,0,0,0,0,0,0,,,,https://sumble.com/orgs/temporal-technologies,,,
1397535,Aletiq,aletiq.com,NW1397535,allocated,58.24,custom,5.0,Sales headcount,commercial,Sam Patel,sam.patel@northwind.example,commercial,0,0,,0,1,0,3,0,0,0,2026-07-22,google_calendar,,https://sumble.com/orgs/aletiq,,,
661318,TrueFoundry,truefoundry.com,NW0661318,allocated,58.23,custom,6.0,Sales headcount,commercial,Diego Castro,diego.castro@northwind.example,commercial,0,0,,0,1,0,2,0,0,0,2026-07-20,google_calendar,,https://sumble.com/orgs/truefoundry,,,
329265,HICX,hicx.com,NW0329265,allocated,58.22,custom,6.0,Sales headcount,commercial,Alex Rivera,alex.rivera@northwind.example,commercial,0,0,,0,1,0,2,0,0,0,2026-07-01,google_calendar,,https://sumble.com/orgs/hicx,,,
428541,Metabase,metabase.com,NW0428541,allocated,58.2,custom,7.0,Sales headcount,commercial,Jordan Lee,jordan.lee@northwind.example,commercial,0,0,,0,1,0,2,0,0,0,2026-07-18,google_calendar,,https://sumble.com/orgs/metabase,,,
573482,Veevart,veevart.com,NW0573482,unallocated,58.19,custom,8.0,Sales headcount,commercial,,,,1,0,,0,0,0,0,0,0,0,,,,https://sumble.com/orgs/veevart,Sam Patel,assign_unallocated,suggested
53253,Templafy,templafy.com,NW0053253,allocated,58.18,custom,34.0,Sales headcount,commercial,Noah Schmidt,noah.schmidt@northwind.example,commercial,0,0,,0,0,0,0,0,0,0,,,,https://sumble.com/orgs/templafy,,,
44377,Accrete,accrete.ai,NW0044377,allocated,58.17,custom,6.0,Sales headcount,commercial,Noah Schmidt,noah.schmidt@northwind.example,commercial,0,0,,0,1,0,2,0,0,0,2026-07-17,google_calendar,,https://sumble.com/orgs/accrete,,,
339434,Metaview,metaview.ai,NW0339434,unallocated,58.16,custom,16.0,Sales headcount,commercial,,,,1,0,,0,0,0,0,0,0,0,,,,https://sumble.com/orgs/metaview,Maya Cohen,assign_unallocated,suggested
1401149,Ask-AI,ask-ai.com,NW1401149,allocated,58.15,custom,8.0,Sales headcount,commercial,Priya Nair,priya.nair@northwind.example,commercial,0,0,,0,0,0,0,0,0,0,,,,https://sumble.com/orgs/ask-ai-tech,,,
40029,Veem,veem.com,NW0040029,allocated,58.15,custom,9.0,Sales headcount,commercial,Jordan Lee,jordan.lee@northwind.example,commercial,0,0,,0,1,0,3,0,0,0,2026-07-29,google_calendar,,https://sumble.com/orgs/veem,,,
14346,"Intertech, Inc.",intertech.com,NW0014346,allocated,58.06,custom,4.0,Sales headcount,commercial,Alex Rivera,alex.rivera@northwind.example,commercial,0,0,,0,1,0,3,0,0,0,2026-07-12,google_calendar,,https://sumble.com/orgs/intertech,,,
14470,Axonius,axonius.com,NW0014470,allocated,58.04,custom,134.0,Sales headcount,commercial,Alex Rivera,alex.rivera@northwind.example,commercial,0,0,,0,0,0,0,0,0,0,,,,https://sumble.com/orgs/axonius,,,
1030216,CodeRabbit,coderabbit.ai,NW1030216,allocated,58.02,custom,49.0,Sales headcount,commercial,Alex Rivera,alex.rivera@northwind.example,commercial,0,0,,0,1,0,3,0,0,0,2026-07-19,google_calendar,,https://sumble.com/orgs/coderabbitai,,,
1678965,Dataciders GmbH,dataciders.com,NW1678965,allocated,58.02,custom,2.0,Sales headcount,commercial,Aisha Bello,aisha.bello@northwind.example,commercial,0,0,,0,0,0,0,0,0,0,,,,https://sumble.com/orgs/dataciders,,,
197532,HUMAN,humansecurity.com,NW0197532,allocated,57.97,custom,43.0,Sales headcount,commercial,Fatima Khan,fatima.khan@northwind.example,enterprise,0,0,,1,1,0,3,0,0,0,2026-07-15,google_calendar,,https://sumble.com/orgs/perimeterx,,,
67344,BigPanda,bigpanda.io,NW0067344,allocated,57.97,custom,62.0,Sales headcount,commercial,Alex Rivera,alex.rivera@northwind.example,commercial,0,0,,0,1,0,3,0,0,0,2026-07-06,google_calendar,,https://sumble.com/orgs/bigpanda,,,
17550,BrightEdge,brightedge.com,NW0017550,unallocated,57.89,custom,147.0,Sales headcount,commercial,,,,1,0,,0,0,0,0,0,0,0,,,,https://sumble.com/orgs/brightedge,Diego Castro,assign_unallocated,suggested
12788,Kandji,kandji.io,NW0012788,allocated,57.85,custom,4.0,Sales headcount,commercial,Alex Rivera,alex.rivera@northwind.example,commercial,0,0,,0,1,0,2,0,0,0,2026-07-10,google_calendar,,https://sumble.com/orgs/kandji,,,
945274,introw.io,introw.io,NW0945274,allocated,57.83,custom,3.0,Sales headcount,commercial,Maya Cohen,maya.cohen@northwind.example,commercial,0,0,,0,1,0,3,0,0,0,2026-07-29,google_calendar,,https://sumble.com/orgs/introw,,,
977924,Ona,gitpod.io,NW0977924,allocated,57.82,custom,6.0,Sales headcount,commercial,Noah Schmidt,noah.schmidt@northwind.example,commercial,0,0,,0,0,0,0,0,0,0,,,,https://sumble.com/orgs/gitpod,,,
1208122,Salto,saltosystems.com,NW1208122,unallocated,57.8,custom,116.0,Sales headcount,commercial,,,,1,0,,0,0,0,0,0,0,0,,,,https://sumble.com/orgs/salto-systems-s-l,Aisha Bello,assign_unallocated,suggested
16888,Semarchy,semarchy.com,NW0016888,allocated,57.8,custom,36.0,Sales headcount,commercial,Alex Rivera,alex.rivera@northwind.example,commercial,0,0,,0,1,0,3,0,0,0,2026-07-29,google_calendar,,https://sumble.com/orgs/semarchy,,,
17835,"InvoiceCloud, Inc.",invoicecloud.com,NW0017835,unallocated,57.79,custom,89.0,Sales headcount,commercial,,,,1,0,,0,0,0,0,0,0,0,,,,https://sumble.com/orgs/invoice-cloud,Priya Nair,assign_unallocated,suggested
378212,techjays,techjays.com,NW0378212,unallocated,57.75,custom,1.0,Sales headcount,commercial,,,,1,0,,0,0,0,0,0,0,0,,,,https://sumble.com/orgs/techjays,Noah Schmidt,assign_unallocated,suggested
80181,Zapier,zapier.com,NW0080181,allocated,57.74,custom,50.0,Sales headcount,commercial,Yuki Tanaka,yuki.tanaka@northwind.example,enterprise,0,0,,1,1,0,3,0,0,0,2026-07-14,google_calendar,,https://sumble.com/orgs/zapier,,,
11599,Strata Decision Technology,stratadecision.com,NW0011599,allocated,57.68,custom,33.0,Sales headcount,commercial,Aisha Bello,aisha.bello@northwind.example,commercial,0,0,,0,1,0,3,0,0,0,2026-07-11,google_calendar,,https://sumble.com/orgs/strata-decision-technology,,,
477610,GoComet,gocomet.com,NW0477610,allocated,57.68,custom,52.0,Sales headcount,commercial,Sam Patel,sam.patel@northwind.example,commercial,0,0,,0,1,0,3,0,0,0,2026-07-18,google_calendar,,https://sumble.com/orgs/gocomet-india,,,
1764854,Cohere,cohere.com,NW1764854,allocated,57.63,custom,20.0,Sales headcount,commercial,Noah Schmidt,noah.schmidt@northwind.example,commercial,0,0,,0,0,0,0,0,0,0,,,,https://sumble.com/orgs/cohere-ai,,,
50448,Gravitee,gravitee.io,NW0050448,allocated,57.63,custom,22.0,Sales headcount,commercial,Jordan Lee,jordan.lee@northwind.example,commercial,0,0,,0,1,0,1,0,0,0,2026-07-26,google_calendar,,https://sumble.com/orgs/gravitee-io,,,
1205669,QuestionPro,questionpro.com,NW1205669,customer,57.6,custom,76.0,Sales headcount,commercial,Alex Rivera,alex.rivera@northwind.example,commercial,0,0,,0,1,0,2,0,0,0,2026-07-06,google_calendar,,https://sumble.com/orgs/questionpro,,,
1433144,Granica,granica.ai,NW1433144,customer,57.6,custom,6.0,Sales headcount,commercial,Priya Nair,priya.nair@northwind.example,commercial,0,0,,0,1,0,3,0,0,0,2026-07-06,google_calendar,,https://sumble.com/orgs/granica-ai,,,
18184,Weights & Biases,wandb.ai,NW0018184,allocated,57.59,custom,30.0,Sales headcount,commercial,Liam Novak,liam.novak@northwind.example,enterprise,0,0,,1,1,0,3,0,0,0,2026-07-12,google_calendar,,https://sumble.com/orgs/weights-&-biases,,,
2132683,On Time Edge,ontimeedge.com,NW2132683,allocated,57.59,custom,2.0,Sales headcount,commercial,Alex Rivera,alex.rivera@northwind.example,commercial,0,0,,0,1,0,3,0,0,0,2026-07-17,google_calendar,,https://sumble.com/orgs/on-time-edge,,,
938764,Judilica,legora.com,NW0938764,unallocated,57.55,custom,23.0,Sales headcount,commercial,,,,1,0,,0,0,0,0,0,0,0,,,,https://sumble.com/orgs/judilica,Elena Petrova,assign_unallocated,suggested
18012,Minitab,minitab.com,NW0018012,allocated,57.54,custom,132.0,Sales headcount,commercial,Elena Petrova,elena.petrova@northwind.example,commercial,0,0,,0,1,0,3,0,0,0,2026-07-26,google_calendar,,https://sumble.com/orgs/minitab,,,
642092,Diversio,diversio.com,NW0642092,allocated,57.5,custom,3.0,Sales headcount,commercial,Priya Nair,priya.nair@northwind.example,commercial,0,0,,0,0,0,0,0,0,0,,,,https://sumble.com/orgs/diversioglobal,,,
12567,PandaDoc,pandadoc.com,NW0012567,allocated,57.48,custom,94.0,Sales headcount,commercial,Priya Nair,priya.nair@northwind.example,commercial,0,0,,0,1,0,2,0,0,0,2026-07-21,google_calendar,,https://sumble.com/orgs/pandadoc,,,
689676,Estuary,estuary.dev,NW0689676,allocated,57.43,custom,7.0,Sales headcount,commercial,Jordan Lee,jordan.lee@northwind.example,commercial,0,0,,0,0,0,0,0,0,0,,,,https://sumble.com/orgs/estuary-development,,,
1399450,Anysphere,anysphere.inc,NW1399450,allocated,57.38,custom,45.0,Sales headcount,commercial,Elena Petrova,elena.petrova@northwind.example,commercial,0,0,,0,1,0,2,0,0,0,2026-06-20,google_calendar,,https://sumble.com/orgs/anysphere,,,
569044,Statsig,statsig.com,NW0569044,allocated,57.38,custom,3.0,Sales headcount,commercial,Sam Patel,sam.patel@northwind.example,commercial,0,0,,0,1,0,1,0,0,0,2026-07-22,google_calendar,,https://sumble.com/orgs/statsig,,,
1454524,Miter,miter.com,NW1454524,unallocated,57.36,custom,21.0,Sales headcount,commercial,,,,1,0,,0,0,0,0,0,0,0,,,,https://sumble.com/orgs/miterhr,Ravi Menon,assign_unallocated,suggested
24886,KNOREX,knorex.com,NW0024886,allocated,57.33,custom,9.0,Sales headcount,commercial,Aisha Bello,aisha.bello@northwind.example,commercial,0,0,,0,1,0,3,0,0,0,2026-07-22,google_calendar,,https://sumble.com/orgs/knorex,,,
23661,Axonify,axonify.com,NW0023661,allocated,57.32,custom,27.0,Sales headcount,commercial,Diego Castro,diego.castro@northwind.example,commercial,0,0,,0,1,0,2,0,0,0,2026-07-28,google_calendar,,https://sumble.com/orgs/axonify,,,
9441,ScienceLogic,sciencelogic.com,NW0009441,allocated,57.32,custom,78.0,Sales headcount,commercial,Sam Patel,sam.patel@northwind.example,commercial,0,0,,0,1,0,3,0,0,0,2026-07-28,google_calendar,,https://sumble.com/orgs/sciencelogic,,,
38678,Alchemy,alchemy.com,NW0038678,allocated,57.27,custom,11.0,Sales headcount,commercial,Jordan Lee,jordan.lee@northwind.example,commercial,0,0,,0,1,0,2,0,0,0,2026-07-29,google_calendar,,https://sumble.com/orgs/alchemy,,,
401791,TechWolf,techwolf.com,NW0401791,allocated,57.26,custom,19.0,Sales headcount,commercial,Priya Nair,priya.nair@northwind.example,commercial,0,0,,0,0,0,0,0,0,0,,,,https://sumble.com/orgs/techwolf,,,
896480,Confido,confidotech.com,NW0896480,allocated,57.24,custom,4.0,Sales headcount,commercial,Sam Patel,sam.patel@northwind.example,commercial,0,0,,0,1,0,3,0,0,0,2026-07-13,google_calendar,,https://sumble.com/orgs/confidotech,,,
1132651,SimpliRoute,simpliroute.com,NW1132651,customer,57.21,custom,13.0,Sales headcount,commercial,Priya Nair,priya.nair@northwind.example,commercial,0,0,,0,1,0,2,0,0,0,2026-07-03,google_calendar,,https://sumble.com/orgs/simplirouteoficial,,,
30050,FastSpring,fastspring.com,NW0030050,allocated,57.2,custom,27.0,Sales headcount,commercial,Noah Schmidt,noah.schmidt@northwind.example,commercial,0,0,,0,0,0,0,0,0,0,,,,https://sumble.com/orgs/fastspring,,,
2591407,Matia,matia.io,NW2591407,allocated,57.18,custom,7.0,Sales headcount,commercial,Ravi Menon,ravi.menon@northwind.example,commercial,0,0,,0,1,0,1,0,0,0,2026-07-03,google_calendar,,https://sumble.com/orgs/matia-data,,,
144546,Push Security,pushsecurity.com,NW0144546,allocated,57.17,custom,35.0,Sales headcount,commercial,Aisha Bello,aisha.bello@northwind.example,commercial,0,0,,0,1,0,1,0,0,0,2026-07-20,google_calendar,,https://sumble.com/orgs/push-security,,,
1030296,Qodo,qodo.ai,NW1030296,allocated,57.16,custom,28.0,Sales headcount,commercial,Elena Petrova,elena.petrova@northwind.example,commercial,0,0,,0,0,0,0,0,0,0,,,,https://sumble.com/orgs/codiumai,,,
44704,Kneat Solutions,kneat.com,NW0044704,allocated,57.16,custom,23.0,Sales headcount,commercial,Priya Nair,priya.nair@northwind.example,commercial,0,0,,0,0,0,0,0,0,0,,,,https://sumble.com/orgs/kneat,,,
40655,Recurly,recurly.com,NW0040655,allocated,57.15,custom,63.0,Sales headcount,commercial,Maya Cohen,maya.cohen@northwind.example,commercial,0,0,,0,0,0,0,0,0,0,,,,https://sumble.com/orgs/recurly,,,
1104091,Norm Ai,norm.ai,NW1104091,allocated,57.13,custom,17.0,Sales headcount,commercial,Sam Patel,sam.patel@northwind.example,commercial,0,0,,0,1,0,1,0,0,0,2026-07-15,google_calendar,,https://sumble.com/orgs/normative-ai,,,
14827,Snowplow,snowplow.io,NW0014827,allocated,57.13,custom,18.0,Sales headcount,commercial,Jordan Lee,jordan.lee@northwind.example,commercial,0,0,,0,0,0,0,0,0,0,,,,https://sumble.com/orgs/snowplow,,,
34382,Acqueon,acqueon.com,NW0034382,unallocated,57.13,custom,6.0,Sales headcount,commercial,,,,1,0,,0,0,0,0,0,0,0,,,,https://sumble.com/orgs/acqueon-technologies,Sam Patel,assign_unallocated,suggested
46684,Interplay Learning,interplaylearning.com,NW0046684,allocated,57.13,custom,59.0,Sales headcount,commercial,Marcus Bell,marcus.bell@northwind.example,enterprise,0,0,,1,1,0,3,0,0,0,2026-07-04,google_calendar,,https://sumble.com/orgs/interplay-learning,,,
55236,Incident IQ,incidentiq.com,NW0055236,allocated,57.09,custom,39.0,Sales headcount,commercial,Jordan Lee,jordan.lee@northwind.example,commercial,0,0,,0,1,0,2,0,0,0,2026-07-22,google_calendar,,https://sumble.com/orgs/incident-iq,,,
47339,CloudHesive,cloudhesive.com,NW0047339,allocated,57.08,custom,14.0,Sales headcount,commercial,Ravi Menon,ravi.menon@northwind.example,commercial,0,0,,0,1,0,1,0,0,0,2026-07-28,google_calendar,,https://sumble.com/orgs/cloudhesive,,,
181365,Viseven,viseven.com,NW0181365,unallocated,57.07,custom,30.0,Sales headcount,commercial,,,,1,0,,0,0,0,0,0,0,0,,,,https://sumble.com/orgs/viseven-4,Maya Cohen,assign_unallocated,suggested
735617,Optery,optery.com,NW0735617,allocated,57.07,custom,4.0,Sales headcount,commercial,Jordan Lee,jordan.lee@northwind.example,commercial,0,0,,0,0,0,0,0,0,0,,,,https://sumble.com/orgs/optery,,,
291335,i2MAX(아이투맥스),i2max.co.kr,NW0291335,unallocated,57.02,custom,3.0,Sales headcount,commercial,,,,1,0,,0,0,0,0,0,0,0,,,,https://sumble.com/orgs/i2max,Diego Castro,assign_unallocated,suggested
18743,Dashlane,dashlane.com,NW0018743,allocated,57.01,custom,27.0,Sales headcount,commercial,Sam Patel,sam.patel@northwind.example,commercial,0,0,,0,0,0,0,0,0,0,,,,https://sumble.com/orgs/dashlane,,,
40514,DataSnipper,datasnipper.com,NW0040514,allocated,57.01,custom,79.0,Sales headcount,commercial,Noah Schmidt,noah.schmidt@northwind.example,commercial,0,0,,0,1,0,1,0,0,0,2026-07-17,google_calendar,,https://sumble.com/orgs/datasnipper,,,
118653,Workleap,workleap.com,NW0118653,allocated,56.97,custom,59.0,Sales headcount,commercial,Sam Patel,sam.patel@northwind.example,commercial,0,0,,0,1,0,2,0,0,0,2026-07-28,google_calendar,,https://sumble.com/orgs/workleap,,,
656062,Moderne,moderne.ai,NW0656062,allocated,56.97,custom,19.0,Sales headcount,commercial,Alex Rivera,alex.rivera@northwind.example,commercial,0,0,,0,1,0,2,0,0,0,2026-07-26,google_calendar,,https://sumble.com/orgs/moderneinc,,,
199076,CM.com,cm.com,NW0199076,allocated,56.94,custom,77.0,Sales headcount,commercial,Elena Petrova,elena.petrova@northwind.example,commercial,0,0,,0,0,0,0,0,0,0,,,,https://sumble.com/orgs/cm-com,,,
38966,ControlUp,controlup.com,NW0038966,allocated,56.94,custom,74.0,Sales headcount,commercial,Marcus Bell,marcus.bell@northwind.example,enterprise,0,0,,1,0,0,0,0,0,0,,,,https://sumble.com/orgs/controlup,Elena Petrova,misfit,suggested
1155762,VitalEdge Technologies,vitaledge.com,NW1155762,allocated,56.92,custom,29.0,Sales headcount,commercial,Noah Schmidt,noah.schmidt@northwind.example,commercial,0,0,,0,0,0,0,0,0,0,,,,https://sumble.com/orgs/vitaledge-technologies,,,
119836,RudderStack,rudderstack.com,NW0119836,allocated,56.89,custom,13.0,Sales headcount,commercial,Grace Okafor,grace.okafor@northwind.example,enterprise,0,0,,1,0,0,0,0,0,0,,,,https://sumble.com/orgs/rudderstack,Ravi Menon,misfit,suggested
452984,Pathlock,pathlock.com,NW0452984,allocated,56.88,custom,40.0,Sales headcount,commercial,Alex Rivera,alex.rivera@northwind.example,commercial,0,0,,0,1,0,1,0,0,0,2026-07-04,google_calendar,,https://sumble.com/orgs/pathlock,,,
60871,Whova,whova.com,NW0060871,allocated,56.88,custom,51.0,Sales headcount,commercial,Alex Rivera,alex.rivera@northwind.example,commercial,0,0,,0,1,0,3,0,0,0,2026-07-08,google_calendar,,https://sumble.com/orgs/whova,,,
33884,ContinuumCloud,continuumcloud.com,NW0033884,unallocated,56.87,custom,13.0,Sales headcount,commercial,,,,1,0,,0,0,0,0,0,0,0,,,,https://sumble.com/orgs/continuumcloud,Aisha Bello,assign_unallocated,suggested
558036,Convin,convin.ai,NW0558036,allocated,56.85,custom,15.0,Sales headcount,commercial,Alex Rivera,alex.rivera@northwind.example,commercial,0,0,,0,1,0,2,0,0,0,2026-07-26,google_calendar,,https://sumble.com/orgs/convin,,,
5251,"Checkr, Inc.",checkr.com,NW0005251,unallocated,56.8,custom,99.0,Sales headcount,commercial,,,,1,0,,0,0,0,0,0,0,0,,,,https://sumble.com/orgs/checkr,Priya Nair,assign_unallocated,suggested
551764,RightData,getrightdata.com,NW0551764,allocated,56.8,custom,3.0,Sales headcount,commercial,Alex Rivera,alex.rivera@northwind.example,commercial,0,0,,0,0,0,0,0,0,0,,,,https://sumble.com/orgs/rightdatainc,,,
573054,Cortex,cortex.io,NW0573054,allocated,56.8,custom,14.0,Sales headcount,commercial,Priya Nair,priya.nair@northwind.example,commercial,0,0,,0,1,0,2,0,0,0,2026-07-10,google_calendar,,https://sumble.com/orgs/cortexapp,,,
796101,StackOne,stackone.com,NW0796101,allocated,56.79,custom,8.0,Sales headcount,commercial,Maya Cohen,maya.cohen@northwind.example,commercial,0,0,,0,1,0,2,0,0,0,2026-07-27,google_calendar,,https://sumble.com/orgs/stackonehq,,,
2899,DigitalOcean,digitalocean.com,NW0002899,allocated,56.77,custom,51.0,Sales headcount,commercial,Alex Rivera,alex.rivera@northwind.example,commercial,0,0,,0,1,0,3,0,0,0,2026-07-25,google_calendar,,https://sumble.com/orgs/digitalocean,,,
183212,Tangoe,tangoe.com,NW0183212,allocated,56.74,custom,43.0,Sales headcount,commercial,Sam Patel,sam.patel@northwind.example,commercial,0,0,,0,0,0,0,0,0,0,,,,https://sumble.com/orgs/tangoe-us,,,
68369,Raken,rakenapp.com,NW0068369,unallocated,56.72,custom,36.0,Sales headcount,commercial,,,,1,0,,0,0,0,0,0,0,0,,,,https://sumble.com/orgs/raken,Elena Petrova,assign_unallocated,suggested
1771976,Unleash,getunleash.io,NW1771976,allocated,56.7,custom,12.0,Sales headcount,commercial,Jordan Lee,jordan.lee@northwind.example,commercial,0,0,,0,0,0,0,0,0,0,,,,https://sumble.com/orgs/getunleash,,,
24431,Opus 2,opus2.com,NW0024431,allocated,56.7,custom,36.0,Sales headcount,commercial,Diego Castro,diego.castro@northwind.example,commercial,0,0,,0,1,0,2,0,0,0,2026-07-16,google_calendar,,https://sumble.com/orgs/opus-2-international,,,
497982,Économie d'Énergie,economiedenergie.fr,NW0497982,allocated,56.7,custom,41.0,Sales headcount,commercial,Jordan Lee,jordan.lee@northwind.example,commercial,0,0,,0,0,0,0,0,0,0,,,,https://sumble.com/orgs/economie-d-energie,,,
7927,Yugabyte,yugabyte.com,NW0007927,allocated,56.69,custom,27.0,Sales headcount,commercial,Elena Petrova,elena.petrova@northwind.example,commercial,0,0,,0,1,0,1,0,0,0,2026-07-07,google_calendar,,https://sumble.com/orgs/yugabytedb,,,
3147776,Workable,workable.com,NW3147776,allocated,56.66,custom,65.0,Sales headcount,commercial,Rosa Alvarez,rosa.alvarez@northwind.example,enterprise,0,0,,1,0,0,0,0,0,0,,,,https://sumble.com/orgs/workable-software,Aisha Bello,misfit,suggested
36666,Explorance,explorance.com,NW0036666,unallocated,56.63,custom,26.0,Sales headcount,commercial,,,,1,0,,0,0,0,0,0,0,0,,,,https://sumble.com/orgs/explorance,Noah Schmidt,assign_unallocated,suggested
2392731,"Observe, Inc.",observeinc.com,NW2392731,allocated,56.59,custom,3.0,Sales headcount,commercial,Priya Nair,priya.nair@northwind.example,commercial,0,0,,0,1,0,3,0,0,0,2026-07-03,google_calendar,,https://sumble.com/orgs/observe-inc-com,,,
1220289,Yellow.ai,yellow.ai,NW1220289,customer,56.58,custom,38.0,Sales headcount,commercial,Jordan Lee,jordan.lee@northwind.example,commercial,0,0,,0,0,0,0,0,0,0,,,,https://sumble.com/orgs/yellowdotai,,,
179769,Automox,automox.com,NW0179769,customer,56.58,custom,35.0,Sales headcount,commercial,Aisha Bello,aisha.bello@northwind.example,commercial,0,0,,0,0,0,0,0,0,0,,,,https://sumble.com/orgs/automox-technologies,,,
21581,RF-SMART,rfsmart.com,NW0021581,unallocated,56.58,custom,63.0,Sales headcount,commercial,,,,1,0,,0,0,0,0,0,0,0,,,,https://sumble.com/orgs/rf-smart,Ravi Menon,assign_unallocated,suggested
17067,Solace,solace.com,NW0017067,allocated,56.57,custom,94.0,Sales headcount,commercial,Jordan Lee,jordan.lee@northwind.example,commercial,0,0,,0,1,0,3,0,0,0,2026-07-28,google_calendar,,https://sumble.com/orgs/solace-corporation,,,
20767,Crusoe,crusoe.ai,NW0020767,allocated,56.56,custom,22.0,Sales headcount,commercial,Aisha Bello,aisha.bello@northwind.example,commercial,0,0,,0,0,0,0,0,0,0,,,,https://sumble.com/orgs/crusoe,,,
9581,Sysdig,sysdig.com,NW0009581,allocated,56.54,custom,75.0,Sales headcount,commercial,Diego Castro,diego.castro@northwind.example,commercial,0,0,,0,1,0,2,0,0,0,2026-07-11,google_calendar,,https://sumble.com/orgs/sysdig,,,
733264,Perplexity,perplexity.ai,NW0733264,allocated,56.53,custom,10.0,Sales headcount,commercial,Ravi Menon,ravi.menon@northwind.example,commercial,0,0,,0,0,0,0,0,0,0,,,,https://sumble.com/orgs/perplexity-ai,,,
5965,FiscalNote,fiscalnote.com,NW0005965,customer,56.48,custom,77.0,Sales headcount,commercial,Diego Castro,diego.castro@northwind.example,commercial,0,0,,0,1,0,1,0,0,0,2026-07-05,google_calendar,,https://sumble.com/orgs/fiscalnote,,,
338697,Skan AI,skan.ai,NW0338697,allocated,56.46,custom,13.0,Sales headcount,commercial,Maya Cohen,maya.cohen@northwind.example,commercial,0,0,,0,1,0,1,0,0,0,2026-06-23,google_calendar,,https://sumble.com/orgs/skan-ai,,,
519188,"Sciforma, a Planview Company",sciforma.com,NW0519188,allocated,56.45,custom,14.0,Sales headcount,commercial,Sam Patel,sam.patel@northwind.example,commercial,0,0,,0,0,0,0,0,0,0,,,,https://sumble.com/orgs/sciforma,,,
508986,MMCY,mmcytech.com,NW0508986,unallocated,56.44,custom,140.0,Sales headcount,commercial,,,,1,0,,0,0,0,0,0,0,0,,,,https://sumble.com/orgs/mmcytech,Sam Patel,assign_unallocated,suggested
7473,3Pillar Global,3pillarglobal.com,NW0007473,allocated,56.43,custom,6.0,Sales headcount,commercial,Elena Petrova,elena.petrova@northwind.example,commercial,0,0,,0,0,0,0,0,0,0,,,,https://sumble.com/orgs/3pillar-global,,,
22772,Fullstory,fullstory.com,NW0022772,allocated,56.41,custom,114.0,Sales headcount,commercial,Alex Rivera,alex.rivera@northwind.example,commercial,0,0,,0,1,0,3,0,0,0,2026-07-13,google_calendar,,https://sumble.com/orgs/fullstory,,,
2928217,KomboAI,getkombo.ai,NW2928217,allocated,56.41,custom,4.0,Sales headcount,commercial,Priya Nair,priya.nair@northwind.example,commercial,0,0,,0,0,0,0,0,0,0,,,,https://sumble.com/orgs/kombo-ai,,,
39048,REDspace,redspace.com,NW0039048,unallocated,56.41,custom,3.0,Sales headcount,commercial,,,,1,0,,0,0,0,0,0,0,0,,,,https://sumble.com/orgs/redspace,Maya Cohen,assign_unallocated,suggested
20663,Spotnana,spotnana.com,NW0020663,allocated,56.4,custom,13.0,Sales headcount,commercial,Ravi Menon,ravi.menon@northwind.example,commercial,0,0,,0,1,0,1,0,0,0,2026-07-01,google_calendar,,https://sumble.com/orgs/spotnana-technology,,,
4293,Komodo Health,komodohealth.com,NW0004293,allocated,56.39,custom,85.0,Sales headcount,commercial,Noah Schmidt,noah.schmidt@northwind.example,commercial,0,0,,0,0,0,0,0,0,0,,,,https://sumble.com/orgs/komodo-health,,,
123881,Gamma,gamma.app,NW0123881,allocated,56.38,custom,6.0,Sales headcount,commercial,Alex Rivera,alex.rivera@northwind.example,commercial,0,0,,0,1,0,1,0,0,0,2026-07-04,google_calendar,,https://sumble.com/orgs/gamma,,,
298697,Sedai,sedai.io,NW0298697,customer,56.38,custom,15.0,Sales headcount,commercial,Ravi Menon,ravi.menon@northwind.example,commercial,0,0,,0,0,0,0,0,0,0,,,,https://sumble.com/orgs/sedai-io,,,
548193,Bonusly,bonusly.com,NW0548193,unallocated,56.36,custom,8.0,Sales headcount,commercial,,,,1,0,,0,0,0,0,0,0,0,,,,https://sumble.com/orgs/bonus-ly,Diego Castro,assign_unallocated,suggested
15989,iboss,iboss.com,NW0015989,allocated,56.35,custom,77.0,Sales headcount,commercial,Diego Castro,diego.castro@northwind.example,commercial,0,0,,0,0,0,0,0,0,0,,,,https://sumble.com/orgs/iboss,,,
1784525,Merge,merge.dev,NW1784525,allocated,56.31,custom,13.0,Sales headcount,commercial,Noah Schmidt,noah.schmidt@northwind.example,commercial,0,0,,0,0,0,0,0,0,0,,,,https://sumble.com/orgs/merge-api,,,
978106,Context,airops.com,NW0978106,unallocated,56.3,custom,30.0,Sales headcount,commercial,,,,1,0,,0,0,0,0,0,0,0,,,,https://sumble.com/orgs/airopshq,Aisha Bello,assign_unallocated,suggested
1132131,SiftHub,sifthub.io,NW1132131,unallocated,56.27,custom,3.0,Sales headcount,commercial,,,,1,0,,0,0,0,0,0,0,0,,,,https://sumble.com/orgs/sifthubhq,Priya Nair,assign_unallocated,suggested
28774,Moveworks,moveworks.com,NW0028774,allocated,56.27,custom,90.0,Sales headcount,commercial,Noah Schmidt,noah.schmidt@northwind.example,commercial,0,0,,0,0,0,0,0,0,0,,,,https://sumble.com/orgs/moveworks,,,
1141023,SurrealDB,surrealdb.com,NW1141023,unallocated,56.23,custom,3.0,Sales headcount,commercial,,,,1,0,,0,0,0,0,0,0,0,,,,https://sumble.com/orgs/surrealdb,Elena Petrova,assign_unallocated,suggested
1583681,Cloud Humans,cloudhumans.com,NW1583681,allocated,56.23,custom,23.0,Sales headcount,commercial,Aisha Bello,aisha.bello@northwind.example,commercial,0,0,,0,1,0,1,0,0,0,2026-07-01,google_calendar,,https://sumble.com/orgs/cloud-humans,,,
17303,Agiloft,agiloft.com,NW0017303,unallocated,56.23,custom,76.0,Sales headcount,commercial,,,,1,0,,0,0,0,0,0,0,0,,,,https://sumble.com/orgs/agiloft,Noah Schmidt,assign_unallocated,suggested
1030138,CodeAnt AI,codeant.ai,NW1030138,allocated,56.2,custom,2.0,Sales headcount,commercial,Diego Castro,diego.castro@northwind.example,commercial,0,0,,0,0,0,0,0,0,0,,,,https://sumble.com/orgs/codeant-ai,,,
46290,RatedPower,ratedpower.com,NW0046290,allocated,56.2,custom,31.0,Sales headcount,commercial,Alex Rivera,alex.rivera@northwind.example,commercial,0,0,,0,0,0,0,0,0,0,,,,https://sumble.com/orgs/ratedpower,,,
29269,Contentstack,contentstack.com,NW0029269,unallocated,56.18,custom,53.0,Sales headcount,commercial,,,,1,0,,0,0,0,0,0,0,0,,,,https://sumble.com/orgs/contentstack,Ravi Menon,assign_unallocated,suggested
975764,Nurole,nurole.com,NW0975764,allocated,56.18,custom,1.0,Sales headcount,commercial,Ravi Menon,ravi.menon@northwind.example,commercial,0,0,,0,0,0,0,0,0,0,,,,https://sumble.com/orgs/nurole,,,
320060,Tray.ai,tray.ai,NW0320060,allocated,56.15,custom,15.0,Sales headcount,commercial,Noah Schmidt,noah.schmidt@northwind.example,commercial,0,0,,0,1,0,3,0,0,0,2026-07-28,google_calendar,,https://sumble.com/orgs/tray-ai,,,
9237,Veritone,veritone.com,NW0009237,allocated,56.14,custom,51.0,Sales headcount,commercial,Diego Castro,diego.castro@northwind.example,commercial,0,0,,0,1,0,3,0,0,0,2026-07-25,google_calendar,,https://sumble.com/orgs/veritone,,,
1470368,Ravn,ravn.co,NW1470368,allocated,56.1,custom,3.0,Sales headcount,commercial,Diego Castro,diego.castro@northwind.example,commercial,0,0,,0,0,0,0,0,0,0,,,,https://sumble.com/orgs/ravnhq,,,
301046,Smokeball - Legal Software,smokeball.com,NW0301046,allocated,56.1,custom,60.0,Sales headcount,commercial,Noah Schmidt,noah.schmidt@northwind.example,commercial,0,0,,0,1,0,2,0,0,0,2026-07-19,google_calendar,,https://sumble.com/orgs/smokeball,,,
11518,"A10 Networks, Inc",a10networks.com,NW0011518,allocated,56.07,custom,98.0,Sales headcount,commercial,Priya Nair,priya.nair@northwind.example,commercial,0,0,,0,0,0,0,0,0,0,,,,https://sumble.com/orgs/a10-networks,,,
413217,Storable,storable.com,NW0413217,allocated,56.07,custom,73.0,Sales headcount,commercial,Sam Patel,sam.patel@northwind.example,commercial,0,0,,0,0,0,0,0,0,0,,,,https://sumble.com/orgs/storable,,,
691357,Baseten,baseten.co,NW0691357,allocated,56.06,custom,26.0,Sales headcount,commercial,Aisha Bello,aisha.bello@northwind.example,commercial,0,0,,0,1,0,1,0,0,0,2026-07-01,google_calendar,,https://sumble.com/orgs/baseten,,,
21926,Penguin Solutions,penguinsolutions.com,NW0021926,allocated,56.05,custom,43.0,Sales headcount,commercial,Ravi Menon,ravi.menon@northwind.example,commercial,0,0,,0,1,0,2,0,0,0,2026-07-27,google_calendar,,https://sumble.com/orgs/penguin-solutions,,,
823775,Legion Intelligence,yurts.ai,NW0823775,allocated,56.05,custom,5.0,Sales headcount,commercial,Diego Castro,diego.castro@northwind.example,commercial,0,0,,0,0,0,0,0,0,0,,,,https://sumble.com/orgs/yurtsai,,,
19483,Bitwarden,bitwarden.com,NW0019483,allocated,56.01,custom,41.0,Sales headcount,commercial,Alex Rivera,alex.rivera@northwind.example,commercial,0,0,,0,1,0,1,0,0,0,2026-07-03,google_calendar,,https://sumble.com/orgs/bitwarden,,,
198491,Fairmarkit,fairmarkit.com,NW0198491,allocated,55.99,custom,20.0,Sales headcount,commercial,Alex Rivera,alex.rivera@northwind.example,commercial,0,0,,0,1,0,1,0,0,0,2026-07-03,google_calendar,,https://sumble.com/orgs/fairmarkit,,,
151997,Tropic,tropicapp.io,NW0151997,allocated,55.98,custom,27.0,Sales headcount,commercial,Priya Nair,priya.nair@northwind.example,commercial,0,0,,0,1,0,1,0,0,0,2026-07-21,google_calendar,,https://sumble.com/orgs/tropic-technologies,,,
174647,Tyk,tyk.io,NW0174647,unallocated,55.98,custom,13.0,Sales headcount,commercial,,,,1,0,,0,0,0,0,0,0,0,,,,https://sumble.com/orgs/tyk-technologies,Sam Patel,assign_unallocated,suggested
19553,Unqork,unqork.com,NW0019553,unallocated,55.96,custom,21.0,Sales headcount,commercial,,,,1,0,,0,0,0,0,0,0,0,,,,https://sumble.com/orgs/unqork,Maya Cohen,assign_unallocated,suggested
1050425,Extend,extend.app,NW1050425,allocated,55.94,custom,25.0,Sales headcount,commercial,Ravi Menon,ravi.menon@northwind.example,commercial,0,0,,0,1,0,2,0,0,0,2026-07-23,google_calendar,,https://sumble.com/orgs/extend-app,,,
6522,Vidyard,vidyard.com,NW0006522,allocated,55.9,custom,25.0,Sales headcount,commercial,Jordan Lee,jordan.lee@northwind.example,commercial,0,0,,0,1,0,1,0,0,0,2026-07-17,google_calendar,,https://sumble.com/orgs/vidyard,,,
1161161,Xfactor.io,xfactor.io,NW1161161,allocated,55.88,custom,4.0,Sales headcount,commercial,Sam Patel,sam.patel@northwind.example,commercial,0,0,,0,1,0,2,0,0,0,2026-07-11,google_calendar,,https://sumble.com/orgs/xfactor-io,,,
306987,Ably,ably.com,NW0306987,allocated,55.88,custom,5.0,Sales headcount,commercial,Ravi Menon,ravi.menon@northwind.example,commercial,0,0,,0,0,0,0,0,0,0,,,,https://sumble.com/orgs/ably,,,
796350,ZEIL,zeil.com,NW0796350,allocated,55.87,custom,1.0,Sales headcount,commercial,Elena Petrova,elena.petrova@northwind.example,commercial,0,0,,0,0,0,0,0,0,0,,,,https://sumble.com/orgs/zeil-ai,,,
1801674,Remark,withremark.com,NW1801674,allocated,55.83,custom,3.0,Sales headcount,commercial,Alex Rivera,alex.rivera@northwind.example,commercial,0,0,,0,0,0,0,0,0,0,,,,https://sumble.com/orgs/withremark,,,
862948,Flowla,flowla.com,NW0862948,allocated,55.82,custom,2.0,Sales headcount,commercial,Sam Patel,sam.patel@northwind.example,commercial,0,0,,0,1,0,2,0,0,0,2026-07-07,google_calendar,,https://sumble.com/orgs/flowlacom,,,
2445508,Crustdata (YC F24),crustdata.com,NW2445508,allocated,55.8,custom,4.0,Sales headcount,commercial,Priya Nair,priya.nair@northwind.example,commercial,0,0,,0,1,0,3,0,0,0,2026-07-25,google_calendar,,https://sumble.com/orgs/crustdata,,,
51643,Supermetrics,supermetrics.com,NW0051643,unallocated,55.78,custom,88.0,Sales headcount,commercial,,,,1,0,,0,0,0,0,0,0,0,,,,https://sumble.com/orgs/supermetrics,Diego Castro,assign_unallocated,suggested
12151,InMoment,inmoment.com,NW0012151,allocated,55.77,custom,51.0,Sales headcount,commercial,Diego Castro,diego.castro@northwind.example,commercial,0,0,,0,0,0,0,0,0,0,,,,https://sumble.com/orgs/inmoment,,,
676719,Truffle Security Co.,trufflesecurity.com,NW0676719,allocated,55.73,custom,9.0,Sales headcount,commercial,Alex Rivera,alex.rivera@northwind.example,commercial,0,0,,0,0,0,0,0,0,0,,,,https://sumble.com/orgs/trufflesecurity,,,
8158,Ontic,ontic.com,NW0008158,allocated,55.73,custom,56.0,Sales headcount,commercial,Elena Petrova,elena.petrova@northwind.example,commercial,0,0,,0,0,0,0,0,0,0,,,,https://sumble.com/orgs/ontic,,,
578505,SourceWhale,sourcewhale.com,NW0578505,allocated,55.69,custom,51.0,Sales headcount,commercial,Noah Schmidt,noah.schmidt@northwind.example,commercial,0,0,,0,0,0,0,0,0,0,,,,https://sumble.com/orgs/tironem-tech,,,
61754,Reward Gateway,rewardgateway.com,NW0061754,allocated,55.68,custom,66.0,Sales headcount,commercial,Alex Rivera,alex.rivera@northwind.example,commercial,0,0,,0,0,0,0,0,0,0,,,,https://sumble.com/orgs/reward-gateway,,,
1152115,Upwind Security,upwind.io,NW1152115,allocated,55.67,custom,72.0,Sales headcount,commercial,Jordan Lee,jordan.lee@northwind.example,commercial,0,0,,0,1,0,2,0,0,0,2026-07-13,google_calendar,,https://sumble.com/orgs/upwindsecurity,,,
12454,RStudio PBC,posit.co,NW0012454,allocated,55.65,custom,60.0,Sales headcount,commercial,Ravi Menon,ravi.menon@northwind.example,commercial,0,0,,0,0,0,0,0,0,0,,,,https://sumble.com/orgs/rstudio,,,
34274,Sisense,sisense.com,NW0034274,unallocated,55.65,custom,59.0,Sales headcount,commercial,,,,1,0,,0,0,0,0,0,0,0,,,,https://sumble.com/orgs/sisense,Aisha Bello,assign_unallocated,suggested
35758,Hivebrite,hivebrite.io,NW0035758,allocated,55.65,custom,16.0,Sales headcount,commercial,Jordan Lee,jordan.lee@northwind.example,commercial,0,0,,0,1,0,3,0,0,0,2026-06-17,google_calendar,,https://sumble.com/orgs/hivebrite,,,
55403,Appspace,appspace.com,NW0055403,allocated,55.6,custom,65.0,Sales headcount,commercial,Diego Castro,diego.castro@northwind.example,commercial,0,0,,0,1,0,1,0,0,0,2026-06-09,google_calendar,,https://sumble.com/orgs/appspace,,,
1445853,Kodem,kodemsecurity.com,NW1445853,allocated,55.51,custom,3.0,Sales headcount,commercial,Elena Petrova,elena.petrova@northwind.example,commercial,0,0,,0,0,0,0,0,0,0,,,,https://sumble.com/orgs/kodem,,,
14219,LoanPro,loanpro.io,NW0014219,allocated,55.42,custom,19.0,Sales headcount,commercial,Alex Rivera,alex.rivera@northwind.example,commercial,0,0,,0,1,0,2,0,0,0,2026-07-25,google_calendar,,https://sumble.com/orgs/loanpro,,,
11281,Matillion,matillion.com,NW0011281,allocated,55.41,custom,59.0,Sales headcount,commercial,Jordan Lee,jordan.lee@northwind.example,commercial,0,0,,0,1,0,1,0,0,0,2026-07-30,google_calendar,,https://sumble.com/orgs/matillion,,,
30775,Kajabi,kajabi.com,NW0030775,allocated,55.39,custom,3.0,Sales headcount,commercial,Diego Castro,diego.castro@northwind.example,commercial,0,0,,0,1,0,1,0,0,0,2026-07-28,google_calendar,,https://sumble.com/orgs/kajabi,,,
25842,Workhuman,workhuman.com,NW0025842,allocated,55.38,custom,58.0,Sales headcount,commercial,Ravi Menon,ravi.menon@northwind.example,commercial,0,0,,0,0,0,0,0,0,0,,,,https://sumble.com/orgs/workhuman,,,
98811,Rafay,rafay.co,NW0098811,unallocated,55.34,custom,19.0,Sales headcount,commercial,,,,1,0,,0,0,0,0,0,0,0,,,,https://sumble.com/orgs/rafay-systems,Priya Nair,assign_unallocated,suggested
1403801,Base.com,baselinker.com,NW1403801,allocated,55.33,custom,31.0,Sales headcount,commercial,Elena Petrova,elena.petrova@northwind.example,commercial,0,0,,0,1,0,3,0,0,0,2026-07-26,google_calendar,,https://sumble.com/orgs/baselinkerglobal,,,
134211,Frontify,frontify.com,NW0134211,allocated,55.29,custom,55.0,Sales headcount,commercial,Maya Cohen,maya.cohen@northwind.example,commercial,0,0,,0,1,0,3,0,0,0,2026-07-07,google_calendar,,https://sumble.com/orgs/frontify,,,
16954,CircleCI,circleci.com,NW0016954,allocated,55.29,custom,36.0,Sales headcount,commercial,Priya Nair,priya.nair@northwind.example,commercial,0,0,,0,0,0,0,0,0,0,,,,https://sumble.com/orgs/circleci,,,
184501,GlobalDots,globaldots.com,NW0184501,unallocated,55.27,custom,40.0,Sales headcount,commercial,,,,1,0,,0,0,0,0,0,0,0,,,,https://sumble.com/orgs/globaldots,Elena Petrova,assign_unallocated,suggested
773788,Rilla,rilla.com,NW0773788,allocated,55.24,custom,39.0,Sales headcount,commercial,Alex Rivera,alex.rivera@northwind.example,commercial,0,0,,0,0,0,0,0,0,0,,,,https://sumble.com/orgs/rillavoice,,,
49698,Otter.ai,otter.ai,NW0049698,allocated,55.23,custom,22.0,Sales headcount,commercial,Alex Rivera,alex.rivera@northwind.example,commercial,0,0,,0,1,0,1,0,0,0,2026-07-11,google_calendar,,https://sumble.com/orgs/otter-ai,,,
106360,onPhase,docuphase.com,NW0106360,allocated,55.22,custom,25.0,Sales headcount,commercial,Ravi Menon,ravi.menon@northwind.example,commercial,0,0,,0,0,0,0,0,0,0,,,,https://sumble.com/orgs/docuphase,,,
87018,PlanRadar,planradar.com,NW0087018,allocated,55.19,custom,94.0,Sales headcount,commercial,Jordan Lee,jordan.lee@northwind.example,commercial,0,0,,0,1,0,3,0,0,0,2026-07-17,google_calendar,,https://sumble.com/orgs/planradar-gmbh,,,
1490182,Unikraft,unikraft.cloud,NW1490182,unallocated,55.18,custom,1.0,Sales headcount,commercial,,,,1,0,,0,0,0,0,0,0,0,,,,https://sumble.com/orgs/unikraft-sdk,Noah Schmidt,assign_unallocated,suggested
23028,Altana,altana.ai,NW0023028,customer,55.18,custom,37.0,Sales headcount,commercial,Priya Nair,priya.nair@northwind.example,commercial,0,0,,0,1,0,3,0,0,0,2026-07-01,google_calendar,,https://sumble.com/orgs/altana-ai,,,
297971,WebEngage,webengage.com,NW0297971,allocated,55.15,custom,41.0,Sales headcount,commercial,Elena Petrova,elena.petrova@northwind.example,commercial,0,0,,0,0,0,0,0,0,0,,,,https://sumble.com/orgs/webengage,,,
49125,Totango,totango.com,NW0049125,allocated,55.15,custom,6.0,Sales headcount,commercial,Jordan Lee,jordan.lee@northwind.example,commercial,0,0,,0,1,0,1,0,0,0,2026-07-28,google_calendar,,https://sumble.com/orgs/totango,,,
25297,ProArch,proarch.com,NW0025297,unallocated,55.13,custom,21.0,Sales headcount,commercial,,,,1,0,,0,0,0,0,0,0,0,,,,https://sumble.com/orgs/proarch,Ravi Menon,assign_unallocated,suggested
1207844,SaaS Labs,saaslabs.co,NW1207844,unallocated,55.11,custom,41.0,Sales headcount,commercial,,,,1,0,,0,0,0,0,0,0,0,,,,https://sumble.com/orgs/saas-labs,Sam Patel,assign_unallocated,suggested
1761370,Bigeye,bigeye.com,NW1761370,customer,55.1,custom,14.0,Sales headcount,commercial,Noah Schmidt,noah.schmidt@northwind.example,commercial,0,0,,0,0,0,0,0,0,0,,,,https://sumble.com/orgs/bigeye-data,,,
23617,Aviatrix,aviatrix.com,NW0023617,unallocated,55.1,custom,33.0,Sales headcount,commercial,,,,1,0,,0,0,0,0,0,0,0,,,,https://sumble.com/orgs/aviatrix-1,Maya Cohen,assign_unallocated,suggested
56269,"Raptor Technologies, LLC",raptortech.com,NW0056269,allocated,55.09,custom,76.0,Sales headcount,commercial,Alex Rivera,alex.rivera@northwind.example,commercial,0,0,,0,1,0,1,0,0,0,2026-06-10,google_calendar,,https://sumble.com/orgs/raptor-technologies,,,
2046411,Kanari - Part of Conscia,kanari.com,NW2046411,customer,55.01,custom,5.0,Sales headcount,commercial,Alex Rivera,alex.rivera@northwind.example,commercial,0,0,,0,1,0,2,0,0,0,2026-07-08,google_calendar,,https://sumble.com/orgs/kanari-group,,,
50759,Coda,coda.io,NW0050759,allocated,54.99,custom,2.0,Sales headcount,commercial,Jordan Lee,jordan.lee@northwind.example,commercial,0,0,,0,0,0,0,0,0,0,,,,https://sumble.com/orgs/coda,,,
84003,Nespon Solutions,nespon.com,NW0084003,allocated,54.99,custom,7.0,Sales headcount,commercial,Aisha Bello,aisha.bello@northwind.example,commercial,0,0,,0,1,0,2,0,0,0,2026-07-23,google_calendar,,https://sumble.com/orgs/nespon-it-services-2,,,
17336,Nexio,nex.io,NW0017336,unallocated,54.91,custom,12.0,Sales headcount,commercial,,,,1,0,,0,0,0,0,0,0,0,,,,https://sumble.com/orgs/nexio,Diego Castro,assign_unallocated,suggested
449300,Oxford Solutions,barracudamsp.com,NW0449300,allocated,54.91,custom,2.0,Sales headcount,commercial,Elena Petrova,elena.petrova@northwind.example,commercial,0,0,,0,1,0,3,0,0,0,2026-07-27,google_calendar,,https://sumble.com/orgs/skout-secure-intelligence,,,
557922,Semos Cloud,semoscloud.com,NW0557922,allocated,54.88,custom,8.0,Sales headcount,commercial,Priya Nair,priya.nair@northwind.example,commercial,0,0,,0,1,0,2,0,0,0,2026-07-07,google_calendar,,https://sumble.com/orgs/semos-group,,,
157663,Engagedly Inc,engagedly.com,NW0157663,customer,54.85,custom,12.0,Sales headcount,commercial,Noah Schmidt,noah.schmidt@northwind.example,commercial,0,0,,0,0,0,0,0,0,0,,,,https://sumble.com/orgs/engagedly,,,
525592,Replit,replit.com,NW0525592,allocated,54.84,custom,22.0,Sales headcount,commercial,Diego Castro,diego.castro@northwind.example,commercial,0,0,,0,1,0,3,0,0,0,2026-07-22,google_calendar,,https://sumble.com/orgs/repl-it,,,
1134777,Soda,soda.io,NW1134777,allocated,54.83,custom,11.0,Sales headcount,commercial,Jordan Lee,jordan.lee@northwind.example,commercial,0,0,,0,0,0,0,0,0,0,,,,https://sumble.com/orgs/sodadata,,,
578986,OpenEnvoy,openenvoy.com,NW0578986,allocated,54.8,custom,3.0,Sales headcount,commercial,Diego Castro,diego.castro@northwind.example,commercial,0,0,,0,0,0,0,0,0,0,,,,https://sumble.com/orgs/openenvoy,,,
1379487,"Tmryk, Inc.",tumeryk.com,NW1379487,unallocated,54.75,custom,2.0,Sales headcount,commercial,,,,1,0,,0,0,0,0,0,0,0,,,,https://sumble.com/orgs/tumeryk,Aisha Bello,assign_unallocated,suggested
4378,Kerridge Commercial Systems,kerridgecs.com,NW0004378,allocated,54.73,custom,42.0,Sales headcount,commercial,Alex Rivera,alex.rivera@northwind.example,commercial,0,0,,0,0,0,0,0,0,0,,,,https://sumble.com/orgs/kerridge-commercial-systems,,,
272038,Spark Hire,sparkhire.com,NW0272038,allocated,54.72,custom,7.0,Sales headcount,commercial,Alex Rivera,alex.rivera@northwind.example,commercial,0,0,,0,1,0,3,0,0,0,2026-07-26,google_calendar,,https://sumble.com/orgs/spark-hire,,,
596714,IPRally,iprally.com,NW0596714,allocated,54.71,custom,14.0,Sales headcount,commercial,Diego Castro,diego.castro@northwind.example,commercial,0,0,,0,0,0,0,0,0,0,,,,https://sumble.com/orgs/iprally,,,
517588,Factored,factored.ai,NW0517588,unallocated,54.7,custom,7.0,Sales headcount,commercial,,,,1,0,,0,0,0,0,0,0,0,,,,https://sumble.com/orgs/factoredai,Jordan Lee,assign_unallocated,suggested
474067,Opkey,opkey.com,NW0474067,unallocated,54.69,custom,35.0,Sales headcount,commercial,,,,1,0,,0,0,0,0,0,0,0,,,,https://sumble.com/orgs/opkey,Priya Nair,assign_unallocated,suggested
933211,Rollstack,rollstack.com,NW0933211,allocated,54.65,custom,5.0,Sales headcount,commercial,Maya Cohen,maya.cohen@northwind.example,commercial,0,0,,0,0,0,0,0,0,0,,,,https://sumble.com/orgs/rollstack,,,
2131326,Heartex,humansignal.com,NW2131326,unallocated,54.64,custom,9.0,Sales headcount,commercial,,,,1,0,,0,0,0,0,0,0,0,,,,https://sumble.com/orgs/humansignal,Noah Schmidt,assign_unallocated,suggested
62123,SimScale,simscale.com,NW0062123,allocated,54.61,custom,22.0,Sales headcount,commercial,Elena Petrova,elena.petrova@northwind.example,commercial,0,0,,0,1,0,2,0,0,0,2026-07-02,google_calendar,,https://sumble.com/orgs/simscale,,,
705327,Full Fabric,fullfabric.com,NW0705327,allocated,54.57,custom,8.0,Sales headcount,commercial,Priya Nair,priya.nair@northwind.example,commercial,0,0,,0,0,0,0,0,0,0,,,,https://sumble.com/orgs/full-fabric,,,
17712,Engineer.ai,builder.ai,NW0017712,allocated,54.55,custom,29.0,Sales headcount,commercial,Priya Nair,priya.nair@northwind.example,commercial,0,0,,0,0,0,0,0,0,0,,,,https://sumble.com/orgs/builder-ai-what-would-you-build,,,
1742029,Decagon,decagon.ai,NW1742029,customer,54.53,custom,69.0,Sales headcount,commercial,Jordan Lee,jordan.lee@northwind.example,commercial,0,0,,0,0,0,0,0,0,0,,,,https://sumble.com/orgs/decagon-ai,,,
83653,Rossum,rossum.ai,NW0083653,allocated,54.52,custom,24.0,Sales headcount,commercial,Priya Nair,priya.nair@northwind.example,commercial,0,0,,0,0,0,0,0,0,0,,,,https://sumble.com/orgs/rossum,,,
2983555,Unframe,unframe.ai,NW2983555,unallocated,54.51,custom,29.0,Sales headcount,commercial,,,,1,0,,0,0,0,0,0,0,0,,,,https://sumble.com/orgs/unframe-ai,Elena Petrova,assign_unallocated,suggested
9725,Vision33,vision33.com,NW0009725,allocated,54.5,custom,40.0,Sales headcount,commercial,Maya Cohen,maya.cohen@northwind.example,commercial,0,0,,0,0,0,0,0,0,0,,,,https://sumble.com/orgs/vision33,,,
1189817,Indicus Software,contineo.world,NW1189817,allocated,54.48,custom,1.0,Sales headcount,commercial,Sam Patel,sam.patel@northwind.example,commercial,0,0,,0,1,0,3,0,0,0,2026-07-25,google_calendar,,https://sumble.com/orgs/indicussoftware,,,
33486,Sendoso,sendoso.com,NW0033486,allocated,54.42,custom,25.0,Sales headcount,commercial,Aisha Bello,aisha.bello@northwind.example,commercial,0,0,,0,1,0,1,0,0,0,2026-07-01,google_calendar,,https://sumble.com/orgs/sendoso,,,
1678864,Dagster Labs,dagsterlabs.com,NW1678864,unallocated,54.36,custom,23.0,Sales headcount,commercial,,,,1,0,,0,0,0,0,0,0,0,,,,https://sumble.com/orgs/dagsterlabs,Ravi Menon,assign_unallocated,suggested
497644,Everstage,everstage.com,NW0497644,unallocated,54.36,custom,28.0,Sales headcount,commercial,,,,1,0,,0,0,0,0,0,0,0,,,,https://sumble.com/orgs/everstage,Sam Patel,assign_unallocated,suggested
62914,Orchard Software,orchardsoft.com,NW0062914,allocated,54.3,custom,3.0,Sales headcount,commercial,Noah Schmidt,noah.schmidt@northwind.example,commercial,0,0,,0,1,0,3,0,0,0,2026-07-21,google_calendar,,https://sumble.com/orgs/orchard-software,,,
714062,Hebbia,hebbia.ai,NW0714062,allocated,54.3,custom,25.0,Sales headcount,commercial,Ravi Menon,ravi.menon@northwind.example,commercial,0,0,,0,0,0,0,0,0,0,,,,https://sumble.com/orgs/hebbia,,,
36526,Unravel Data,unraveldata.com,NW0036526,unallocated,54.26,custom,11.0,Sales headcount,commercial,,,,1,0,,0,0,0,0,0,0,0,,,,https://sumble.com/orgs/unravel-data,Maya Cohen,assign_unallocated,suggested
1436116,Highperformr AI,highperformr.ai,NW1436116,unallocated,54.24,custom,9.0,Sales headcount,commercial,,,,1,0,,0,0,0,0,0,0,0,,,,https://sumble.com/orgs/highperformr-ai,Diego Castro,assign_unallocated,suggested
730440,Gushwork,gushwork.ai,NW0730440,allocated,54.23,custom,19.0,Sales headcount,commercial,Sam Patel,sam.patel@northwind.example,commercial,0,0,,0,0,0,0,0,0,0,,,,https://sumble.com/orgs/gushwork,,,
52609,Prophecy,prophecy.io,NW0052609,allocated,54.17,custom,13.0,Sales headcount,commercial,Noah Schmidt,noah.schmidt@northwind.example,commercial,0,0,,0,0,0,0,0,0,0,,,,https://sumble.com/orgs/prophecy,,,
24232,Gamma Technologies,gtisoft.com,NW0024232,allocated,54.15,custom,24.0,Sales headcount,commercial,Sam Patel,sam.patel@northwind.example,commercial,0,0,,0,0,0,0,0,0,0,,,,https://sumble.com/orgs/gamma-technologies-inc.,,,
1182905,Fiix by Rockwell Automation,fiixsoftware.com,NW1182905,allocated,54.14,custom,34.0,Sales headcount,commercial,Sam Patel,sam.patel@northwind.example,commercial,0,0,,0,0,0,0,0,0,0,,,,https://sumble.com/orgs/fiix-software,,,
510198,DroneDeploy,dronedeploy.com,NW0510198,unallocated,54.14,custom,42.0,Sales headcount,commercial,,,,1,0,,0,0,0,0,0,0,0,,,,https://sumble.com/orgs/dronedeploy,Aisha Bello,assign_unallocated,suggested
98705,GoCanvas,gocanvas.com,NW0098705,unallocated,54.12,custom,39.0,Sales headcount,commercial,,,,1,0,,0,0,0,0,0,0,0,,,,https://sumble.com/orgs/gocanvas,Jordan Lee,assign_unallocated,suggested
428629,Forma.ai,forma.ai,NW0428629,allocated,54.11,custom,7.0,Sales headcount,commercial,Maya Cohen,maya.cohen@northwind.example,commercial,0,0,,0,0,0,0,0,0,0,,,,https://sumble.com/orgs/forma-ai,,,
312706,Consero,consero.com,NW0312706,unallocated,54.06,custom,1.0,Sales headcount,commercial,,,,1,0,,0,0,0,0,0,0,0,,,,https://sumble.com/orgs/consero,Priya Nair,assign_unallocated,suggested
304757,TaxDome,taxdome.com,NW0304757,allocated,54.02,custom,41.0,Sales headcount,commercial,Alex Rivera,alex.rivera@northwind.example,commercial,0,0,,0,0,0,0,0,0,0,,,,https://sumble.com/orgs/taxdome,,,
449091,Ironclad Performance Wear,ironclad.com,NW0449091,allocated,54.0,custom,14.0,Sales headcount,commercial,Noah Schmidt,noah.schmidt@northwind.example,commercial,0,0,,0,1,0,1,0,0,0,2026-07-03,google_calendar,,https://sumble.com/orgs/ironclad,,,
2379218,Clair,getclair.com,NW2379218,allocated,53.99,custom,0.0,Sales headcount,commercial,Alex Rivera,alex.rivera@northwind.example,commercial,0,0,,0,1,0,2,0,0,0,2026-07-08,google_calendar,,https://sumble.com/orgs/get-clair-com,,,
428306,EPITEC,epitec.com,NW0428306,allocated,53.99,custom,8.0,Sales headcount,commercial,Jordan Lee,jordan.lee@northwind.example,commercial,0,0,,0,1,0,3,0,0,0,2026-07-30,google_calendar,,https://sumble.com/orgs/epistemitek,,,
27563,Edge Delta,edgedelta.com,NW0027563,allocated,53.98,custom,11.0,Sales headcount,commercial,Noah Schmidt,noah.schmidt@northwind.example,commercial,0,0,,0,1,0,2,0,0,0,2026-07-17,google_calendar,,https://sumble.com/orgs/edge-delta,,,
2695069,PAYRA,summitpay.co,NW2695069,allocated,53.96,custom,6.0,Sales headcount,commercial,Elena Petrova,elena.petrova@northwind.example,commercial,0,0,,0,0,0,0,0,0,0,,,,https://sumble.com/orgs/summitpay,,,
16426,GridGain,gridgain.com,NW0016426,unallocated,53.94,custom,14.0,Sales headcount,commercial,,,,1,0,,0,0,0,0,0,0,0,,,,https://sumble.com/orgs/gridgain-systems,Elena Petrova,assign_unallocated,suggested
501983,unosquare,unosquare.com,NW0501983,unallocated,53.91,custom,3.0,Sales headcount,commercial,,,,1,0,,0,0,0,0,0,0,0,,,,https://sumble.com/orgs/unosquare,Noah Schmidt,assign_unallocated,suggested
42458,Invicti,invicti.com,NW0042458,unallocated,53.89,custom,42.0,Sales headcount,commercial,,,,1,0,,0,0,0,0,0,0,0,,,,https://sumble.com/orgs/invicti-security,Ravi Menon,assign_unallocated,suggested
506552,Sentry,sentry.io,NW0506552,allocated,53.84,custom,54.0,Sales headcount,commercial,Noah Schmidt,noah.schmidt@northwind.example,commercial,0,0,,0,0,0,0,0,0,0,,,,https://sumble.com/orgs/getsentry,,,
1876459,"tabs Platform, Inc.",tabs.com,NW1876459,allocated,53.83,custom,37.0,Sales headcount,commercial,Sam Patel,sam.patel@northwind.example,commercial,0,0,,0,1,0,3,0,0,0,2026-07-24,google_calendar,,https://sumble.com/orgs/teamtabs,,,
1762511,Bundle,bundle.build,NW1762511,unallocated,53.82,custom,2.0,Sales headcount,commercial,,,,1,0,,0,0,0,0,0,0,0,,,,https://sumble.com/orgs/bundlesolutionsinc,Sam Patel,assign_unallocated,suggested
32883,Medallion,medallion.co,NW0032883,allocated,53.81,custom,54.0,Sales headcount,commercial,Alex Rivera,alex.rivera@northwind.example,commercial,0,0,,0,1,0,2,0,0,0,2026-07-02,google_calendar,,https://sumble.com/orgs/medallion,,,
14386,Submittable,submittable.com,NW0014386,allocated,53.79,custom,27.0,Sales headcount,commercial,Diego Castro,diego.castro@northwind.example,commercial,0,0,,0,1,0,3,0,0,0,2026-07-19,google_calendar,,https://sumble.com/orgs/submittable,,,
99967,Qdrant,qdrant.tech,NW0099967,allocated,53.79,custom,9.0,Sales headcount,commercial,Elena Petrova,elena.petrova@northwind.example,commercial,0,0,,0,1,0,3,0,0,0,2026-07-28,google_calendar,,https://sumble.com/orgs/qdrant,,,
38897,Odaseva,odaseva.com,NW0038897,allocated,53.78,custom,28.0,Sales headcount,commercial,Priya Nair,priya.nair@northwind.example,commercial,0,0,,0,1,0,3,0,0,0,2026-07-06,google_calendar,,https://sumble.com/orgs/odaseva,,,
1338331,Nudge Security,nudgesecurity.com,NW1338331,allocated,53.77,custom,10.0,Sales headcount,commercial,Ravi Menon,ravi.menon@northwind.example,commercial,0,0,,0,1,0,1,0,0,0,2026-07-10,google_calendar,,https://sumble.com/orgs/nudge-security,,,
1165713,AI21 Labs,ai21.com,NW1165713,allocated,53.75,custom,8.0,Sales headcount,commercial,Priya Nair,priya.nair@northwind.example,commercial,0,0,,0,0,0,0,0,0,0,,,,https://sumble.com/orgs/ai21,,,
1806335,Augment Code,augmentcode.com,NW1806335,allocated,53.75,custom,23.0,Sales headcount,commercial,Elena Petrova,elena.petrova@northwind.example,commercial,0,0,,0,0,0,0,0,0,0,,,,https://sumble.com/orgs/augmentinc,,,
16255,Perceptyx,perceptyx.com,NW0016255,allocated,53.7,custom,40.0,Sales headcount,commercial,Diego Castro,diego.castro@northwind.example,commercial,0,0,,0,1,0,1,0,0,0,2026-07-19,google_calendar,,https://sumble.com/orgs/perceptyx,,,
22792,Datanetiix Solutions Inc.,datanetiix.com,NW0022792,allocated,53.7,custom,1.0,Sales headcount,commercial,Maya Cohen,maya.cohen@northwind.example,commercial,0,0,,0,1,0,2,0,0,0,2026-07-27,google_calendar,,https://sumble.com/orgs/datanetiix,,,
655159,Collective.work,en.collective.work,NW0655159,allocated,53.69,custom,4.0,Sales headcount,commercial,Maya Cohen,maya.cohen@northwind.example,commercial,0,0,,0,1,0,3,0,0,0,2026-07-27,google_calendar,,https://sumble.com/orgs/usecollective,,,
625956,Sprouts.ai,sprouts.ai,NW0625956,allocated,53.63,custom,5.0,Sales headcount,commercial,Maya Cohen,maya.cohen@northwind.example,commercial,0,0,,0,1,0,3,0,0,0,2026-06-30,google_calendar,,https://sumble.com/orgs/sprouts-ai,,,
70483,QSR International,lumivero.com,NW0070483,allocated,53.61,custom,43.0,Sales headcount,commercial,Alex Rivera,alex.rivera@northwind.example,commercial,0,0,,0,1,0,3,0,0,0,2026-07-13,google_calendar,,https://sumble.com/orgs/lumivero,,,
184286,Appvia,appvia.io,NW0184286,allocated,53.6,custom,5.0,Sales headcount,commercial,Elena Petrova,elena.petrova@northwind.example,commercial,0,0,,0,0,0,0,0,0,0,,,,https://sumble.com/orgs/appvia,,,
83839,Paddle,paddle.com,NW0083839,allocated,53.59,custom,41.0,Sales headcount,commercial,Diego Castro,diego.castro@northwind.example,commercial,0,0,,0,0,0,0,0,0,0,,,,https://sumble.com/orgs/paddle,,,
22755,Aerospike,aerospike.com,NW0022755,unallocated,53.58,custom,33.0,Sales headcount,commercial,,,,1,0,,0,0,0,0,0,0,0,,,,https://sumble.com/orgs/aerospike,Maya Cohen,assign_unallocated,suggested
310791,Base Operations,baseoperations.com,NW0310791,allocated,53.54,custom,3.0,Sales headcount,commercial,Aisha Bello,aisha.bello@northwind.example,commercial,0,0,,0,1,0,3,0,0,0,2026-07-02,google_calendar,,https://sumble.com/orgs/base-operations,,,
1792431,Sana,sanalabs.com,NW1792431,unallocated,53.53,custom,18.0,Sales headcount,commercial,,,,1,0,,0,0,0,0,0,0,0,,,,https://sumble.com/orgs/sana-labs,Diego Castro,assign_unallocated,suggested
274505,Finout,finout.io,NW0274505,allocated,53.51,custom,18.0,Sales headcount,commercial,Maya Cohen,maya.cohen@northwind.example,commercial,0,0,,0,1,0,2,0,0,0,2026-07-11,google_calendar,,https://sumble.com/orgs/finout,,,
481905,TripleDart,tripledart.com,NW0481905,unallocated,53.49,custom,3.0,Sales headcount,commercial,,,,1,0,,0,0,0,0,0,0,0,,,,https://sumble.com/orgs/tripledart-digital,Aisha Bello,assign_unallocated,suggested
68669,OnBoard,onboardmeetings.com,NW0068669,allocated,53.49,custom,49.0,Sales headcount,commercial,Aisha Bello,aisha.bello@northwind.example,commercial,0,0,,0,0,0,0,0,0,0,,,,https://sumble.com/orgs/onboard,,,
760795,PropFuel,propfuel.com,NW0760795,allocated,53.49,custom,1.0,Sales headcount,commercial,Alex Rivera,alex.rivera@northwind.example,commercial,0,0,,0,1,0,3,0,0,0,2026-07-12,google_calendar,,https://sumble.com/orgs/propfuel,,,
1042940,e2e-assure,e2e-assure.com,NW1042940,unallocated,53.44,custom,11.0,Sales headcount,commercial,,,,1,0,,0,0,0,0,0,0,0,,,,https://sumble.com/orgs/e2e-assure,Jordan Lee,assign_unallocated,suggested
601576,Warp,warp.dev,NW0601576,unallocated,53.44,custom,7.0,Sales headcount,commercial,,,,1,0,,0,0,0,0,0,0,0,,,,https://sumble.com/orgs/warpdotdev,Priya Nair,assign_unallocated,suggested
45662,Exasol,exasol.com,NW0045662,allocated,53.39,custom,22.0,Sales headcount,commercial,Alex Rivera,alex.rivera@northwind.example,commercial,0,0,,0,1,0,2,0,0,0,2026-07-11,google_calendar,,https://sumble.com/orgs/exasol,,,
180280,Precoro | B Corp Certified,precoro.com,NW0180280,allocated,53.38,custom,14.0,Sales headcount,commercial,Elena Petrova,elena.petrova@northwind.example,commercial,0,0,,0,0,0,0,0,0,0,,,,https://sumble.com/orgs/precoro,,,
43740,Seekr,seekr.com,NW0043740,allocated,53.37,custom,11.0,Sales headcount,commercial,Alex Rivera,alex.rivera@northwind.example,commercial,0,0,,0,1,0,1,0,0,0,2026-07-12,google_calendar,,https://sumble.com/orgs/ntent,,,
69785,Certificial,certificial.com,NW0069785,unallocated,53.35,custom,5.0,Sales headcount,commercial,,,,1,0,,0,0,0,0,0,0,0,,,,https://sumble.com/orgs/certificial,Elena Petrova,assign_unallocated,suggested
71918,GrayMatter Robotics,graymatter-robotics.com,NW0071918,allocated,53.35,custom,6.0,Sales headcount,commercial,Diego Castro,diego.castro@northwind.example,commercial,0,0,,0,1,0,1,0,0,0,2026-07-06,google_calendar,,https://sumble.com/orgs/graymatter-robotics,,,
81510,CHEQ,cheq.ai,NW0081510,allocated,53.29,custom,30.0,Sales headcount,commercial,Elena Petrova,elena.petrova@northwind.example,commercial,0,0,,0,0,0,0,0,0,0,,,,https://sumble.com/orgs/cheq,,,
199345,ComplianceQuest,compliancequest.com,NW0199345,customer,53.28,custom,43.0,Sales headcount,commercial,Sam Patel,sam.patel@northwind.example,commercial,0,0,,0,1,0,2,0,0,0,2026-06-17,google_calendar,,https://sumble.com/orgs/compliancequest,,,
78706,Boomi Data Integration (Rivery),rivery.io,NW0078706,unallocated,53.15,custom,6.0,Sales headcount,commercial,,,,1,0,,0,0,0,0,0,0,0,,,,https://sumble.com/orgs/rivery,Noah Schmidt,assign_unallocated,suggested
24471,Domino Data Lab,domino.ai,NW0024471,allocated,53.11,custom,26.0,Sales headcount,commercial,Maya Cohen,maya.cohen@northwind.example,commercial,0,0,,0,0,0,0,0,0,0,,,,https://sumble.com/orgs/domino-data-lab,,,
1493493,Voiro,voiro.com,NW1493493,allocated,53.1,custom,1.0,Sales headcount,commercial,Ravi Menon,ravi.menon@northwind.example,commercial,0,0,,0,1,0,1,0,0,0,2026-07-15,google_calendar,,https://sumble.com/orgs/voiro,,,
29770,Amplemarket,amplemarket.com,NW0029770,allocated,53.08,custom,7.0,Sales headcount,commercial,Sam Patel,sam.patel@northwind.example,commercial,0,0,,0,1,0,1,0,0,0,2026-06-08,google_calendar,,https://sumble.com/orgs/amplemarket,,,
9735,Grammarly,grammarly.com,NW0009735,allocated,53.0,custom,20.0,Sales headcount,commercial,Jordan Lee,jordan.lee@northwind.example,commercial,0,0,,0,1,0,3,0,0,0,2026-07-21,google_calendar,,https://sumble.com/orgs/grammarly,,,
542653,Hex,hex.tech,NW0542653,allocated,52.98,custom,48.0,Sales headcount,commercial,Maya Cohen,maya.cohen@northwind.example,commercial,0,0,,0,1,0,1,0,0,0,2026-06-19,google_calendar,,https://sumble.com/orgs/hex-technologies,,,
1808091,Blacksmith,blacksmith.sh,NW1808091,allocated,52.97,custom,5.0,Sales headcount,commercial,Sam Patel,sam.patel@northwind.example,commercial,0,0,,0,1,0,2,0,0,0,2026-07-07,google_calendar,,https://sumble.com/orgs/blacksmithrun,,,
564770,Versatile IT Solutions,versatileitsol.com,NW0564770,allocated,52.96,custom,2.0,Sales headcount,commercial,Alex Rivera,alex.rivera@northwind.example,commercial,0,0,,0,1,0,2,0,0,0,2026-07-09,google_calendar,,https://sumble.com/orgs/versatilemobitechpvtltd,,,
599629,Kumo,kumo.ai,NW0599629,allocated,52.96,custom,5.0,Sales headcount,commercial,Aisha Bello,aisha.bello@northwind.example,commercial,0,0,,0,1,0,2,0,0,0,2026-06-23,google_calendar,,https://sumble.com/orgs/kumo-ai,,,
1484565,Rillet,rillet.com,NW1484565,unallocated,52.92,custom,23.0,Sales headcount,commercial,,,,1,0,,0,0,0,0,0,0,0,,,,https://sumble.com/orgs/team-rillet,Ravi Menon,assign_unallocated,suggested
726516,Savant Labs,savantlabs.io,NW0726516,allocated,52.9,custom,3.0,Sales headcount,commercial,Jordan Lee,jordan.lee@northwind.example,commercial,0,0,,0,1,0,2,0,0,0,2026-07-23,google_calendar,,https://sumble.com/orgs/savant-labs,,,
1257220,Axiamatic,axiamatic.com,NW1257220,allocated,52.88,custom,6.0,Sales headcount,commercial,Noah Schmidt,noah.schmidt@northwind.example,commercial,0,0,,0,1,0,3,0,0,0,2026-07-02,google_calendar,,https://sumble.com/orgs/axiamatic,,,
140089,Castellum.AI,castellum.ai,NW0140089,allocated,52.75,custom,2.0,Sales headcount,commercial,Noah Schmidt,noah.schmidt@northwind.example,commercial,0,0,,0,1,0,1,0,0,0,2026-07-02,google_calendar,,https://sumble.com/orgs/castellum-ai,,,
1461644,Footprint,onefootprint.com,NW1461644,allocated,52.74,custom,1.0,Sales headcount,commercial,Priya Nair,priya.nair@northwind.example,commercial,0,0,,0,0,0,0,0,0,0,,,,https://sumble.com/orgs/onefootprint,,,
21920,Upbound,upbound.io,NW0021920,allocated,52.73,custom,18.0,Sales headcount,commercial,Elena Petrova,elena.petrova@northwind.example,commercial,0,0,,0,0,0,0,0,0,0,,,,https://sumble.com/orgs/upbound-job-posting,,,
42494,AccuLynx,acculynx.com,NW0042494,unallocated,52.69,custom,27.0,Sales headcount,commercial,,,,1,0,,0,0,0,0,0,0,0,,,,https://sumble.com/orgs/acculynx,Sam Patel,assign_unallocated,suggested
8260,AuditBoard,auditboard.com,NW0008260,allocated,52.62,custom,38.0,Sales headcount,commercial,Alex Rivera,alex.rivera@northwind.example,commercial,0,0,,0,1,0,2,0,0,0,2026-07-27,google_calendar,,https://sumble.com/orgs/auditboard,,,
1242604,Carrot,virtualfield.io,NW1242604,allocated,52.61,custom,3.0,Sales headcount,commercial,Aisha Bello,aisha.bello@northwind.example,commercial,0,0,,0,0,0,0,0,0,0,,,,https://sumble.com/orgs/virtual-field,,,
1372046,Taglayer,taglayer.com,NW1372046,allocated,52.59,custom,1.0,Sales headcount,commercial,Ravi Menon,ravi.menon@northwind.example,commercial,0,0,,0,0,0,0,0,0,0,,,,https://sumble.com/orgs/taglayer,,,
3532182,Branch Road,branchroad.media,NW3532182,allocated,52.54,custom,2.0,Sales headcount,commercial,Elena Petrova,elena.petrova@northwind.example,commercial,0,0,,0,1,0,3,0,0,0,2026-07-27,google_calendar,,https://sumble.com/orgs/branch-road,,,
636517,Riot,tryriot.com,NW0636517,allocated,52.52,custom,67.0,Sales headcount,commercial,Maya Cohen,maya.cohen@northwind.example,commercial,0,0,,0,0,0,0,0,0,0,,,,https://sumble.com/orgs/tryriot,,,
39251,TrustArc,trustarc.com,NW0039251,unallocated,52.39,custom,25.0,Sales headcount,commercial,,,,1,0,,0,0,0,0,0,0,0,,,,https://sumble.com/orgs/trustarc,Maya Cohen,assign_unallocated,suggested
676907,Highway 9 Networks,highway9.com,NW0676907,allocated,52.37,custom,4.0,Sales headcount,commercial,Priya Nair,priya.nair@northwind.example,commercial,0,0,,0,1,0,2,0,0,0,2026-07-10,google_calendar,,https://sumble.com/orgs/highway9-networks,,,
72781,Vintri Technologies Inc.,vintritech.com,NW0072781,unallocated,52.33,custom,0.0,Sales headcount,commercial,,,,1,0,,0,0,0,0,0,0,0,,,,https://sumble.com/orgs/vintri-technologies,Diego Castro,assign_unallocated,suggested
557944,OX Security,ox.security,NW0557944,unallocated,52.28,custom,37.0,Sales headcount,commercial,,,,1,0,,0,0,0,0,0,0,0,,,,https://sumble.com/orgs/ox-security,Aisha Bello,assign_unallocated,suggested
62734,MariaDB,mariadb.com,NW0062734,allocated,52.27,custom,47.0,Sales headcount,commercial,Alex Rivera,alex.rivera@northwind.example,commercial,0,0,,0,0,0,0,0,0,0,,,,https://sumble.com/orgs/mariadb,,,
44041,PPRO,ppro.com,NW0044041,allocated,52.26,custom,28.0,Sales headcount,commercial,Aisha Bello,aisha.bello@northwind.example,commercial,0,0,,0,1,0,3,0,0,0,2026-07-24,google_calendar,,https://sumble.com/orgs/ppro,,,
9818,Expedient,expedient.com,NW0009818,allocated,52.25,custom,49.0,Sales headcount,commercial,Sam Patel,sam.patel@northwind.example,commercial,0,0,,0,0,0,0,0,0,0,,,,https://sumble.com/orgs/expedient,,,
51853,UpKeep,upkeep.com,NW0051853,unallocated,52.24,custom,32.0,Sales headcount,commercial,,,,1,0,,0,0,0,0,0,0,0,,,,https://sumble.com/orgs/upkeep,Jordan Lee,assign_unallocated,suggested
305209,Atera,atera.com,NW0305209,customer,52.21,custom,48.0,Sales headcount,commercial,Jordan Lee,jordan.lee@northwind.example,commercial,0,0,,0,1,0,2,0,0,0,2026-07-18,google_calendar,,https://sumble.com/orgs/atera-networks,,,
25819,Zimperium,zimperium.com,NW0025819,allocated,52.2,custom,52.0,Sales headcount,commercial,Sam Patel,sam.patel@northwind.example,commercial,0,0,,0,1,0,1,0,0,0,2026-06-10,google_calendar,,https://sumble.com/orgs/zimperium,,,
411307,Factory,factory.ai,NW0411307,customer,52.18,custom,19.0,Sales headcount,commercial,Aisha Bello,aisha.bello@northwind.example,commercial,0,0,,0,1,0,3,0,0,0,2026-07-29,google_calendar,,https://sumble.com/orgs/factory-hq,,,
85673,MetricStream,metricstream.com,NW0085673,allocated,52.18,custom,30.0,Sales headcount,commercial,Maya Cohen,maya.cohen@northwind.example,commercial,0,0,,0,0,0,0,0,0,0,,,,https://sumble.com/orgs/metricstream,,,
601429,Vectara,vectara.com,NW0601429,allocated,52.17,custom,3.0,Sales headcount,commercial,Noah Schmidt,noah.schmidt@northwind.example,commercial,0,0,,0,0,0,0,0,0,0,,,,https://sumble.com/orgs/vectara,,,
259124,Xcellerate Labs,xcelleratelabs.com,NW0259124,allocated,52.14,custom,2.0,Sales headcount,commercial,Ravi Menon,ravi.menon@northwind.example,commercial,0,0,,0,0,0,0,0,0,0,,,,https://sumble.com/orgs/xcellerate-labs,,,
2058423,Prophet Security,prophetsecurity.ai,NW2058423,unallocated,52.11,custom,19.0,Sales headcount,commercial,,,,1,0,,0,0,0,0,0,0,0,,,,https://sumble.com/orgs/prophetsecurity,Priya Nair,assign_unallocated,suggested
135411,Builder.io,builder.io,NW0135411,allocated,52.04,custom,37.0,Sales headcount,commercial,Aisha Bello,aisha.bello@northwind.example,commercial,0,0,,0,0,0,0,0,0,0,,,,https://sumble.com/orgs/builder-io,,,
1488942,Risotto,tryrisotto.com,NW1488942,allocated,52.03,custom,2.0,Sales headcount,commercial,Diego Castro,diego.castro@northwind.example,commercial,0,0,,0,0,0,0,0,0,0,,,,https://sumble.com/orgs/tryrisotto,,,
29939,CaptivateIQ,captivateiq.com,NW0029939,unallocated,52.01,custom,50.0,Sales headcount,commercial,,,,1,0,,0,0,0,0,0,0,0,,,,https://sumble.com/orgs/captivateiq,Noah Schmidt,assign_unallocated,suggested
31642,Ordergroove,ordergroove.com,NW0031642,allocated,52.0,custom,22.0,Sales headcount,commercial,Diego Castro,diego.castro@northwind.example,commercial,0,0,,0,1,0,3,0,0,0,2026-07-21,google_calendar,,https://sumble.com/orgs/ordergroove,,,
45099,Aqua Security,aquasec.com,NW0045099,allocated,51.98,custom,33.0,Sales headcount,commercial,Sam Patel,sam.patel@northwind.example,commercial,0,0,,0,1,0,3,0,0,0,2026-07-01,google_calendar,,https://sumble.com/orgs/aqua-security-software,,,
1771963,Sphere,getsphere.com,NW1771963,allocated,51.86,custom,3.0,Sales headcount,commercial,Elena Petrova,elena.petrova@northwind.example,commercial,0,0,,0,0,0,0,0,0,0,,,,https://sumble.com/orgs/getsphere,,,
127498,Microvellum Software,microvellum.com,NW0127498,unallocated,51.82,custom,4.0,Sales headcount,commercial,,,,1,0,,0,0,0,0,0,0,0,,,,https://sumble.com/orgs/microvellum,Elena Petrova,assign_unallocated,suggested
2395415,Proxima,proxima.ai,NW2395415,allocated,51.82,custom,4.0,Sales headcount,commercial,Sam Patel,sam.patel@northwind.example,commercial,0,0,,0,1,0,3,0,0,0,2026-07-07,google_calendar,,https://sumble.com/orgs/proxima-ai,,,
1114836,Portkey,portkey.ai,NW1114836,allocated,51.78,custom,0.0,Sales headcount,commercial,Alex Rivera,alex.rivera@northwind.example,commercial,0,0,,0,1,0,1,0,0,0,2026-06-07,google_calendar,,https://sumble.com/orgs/portkey-ai,,,
2995633,Kahuna Labs,kahunalabs.ai,NW2995633,allocated,51.77,custom,2.0,Sales headcount,commercial,Jordan Lee,jordan.lee@northwind.example,commercial,0,0,,0,1,0,3,0,0,0,2026-07-05,google_calendar,,https://sumble.com/orgs/kahuna-labs,,,
667010,Ridge Security Technology Inc.,ridgesecurity.ai,NW0667010,allocated,51.75,custom,15.0,Sales headcount,commercial,Diego Castro,diego.castro@northwind.example,commercial,0,0,,0,0,0,0,0,0,0,,,,https://sumble.com/orgs/ridge-security,,,
24255,Terminus (by DemandScience),terminus.com,NW0024255,allocated,51.74,custom,2.0,Sales headcount,commercial,Alex Rivera,alex.rivera@northwind.example,commercial,0,0,,0,1,0,3,0,0,0,2026-07-26,google_calendar,,https://sumble.com/orgs/terminus,,,
382588,Rankmi,rankmi.com,NW0382588,unallocated,51.73,custom,20.0,Sales headcount,commercial,,,,1,0,,0,0,0,0,0,0,0,,,,https://sumble.com/orgs/rankmi,Ravi Menon,assign_unallocated,suggested
378337,BIMobject,bimobject.com,NW0378337,allocated,51.65,custom,46.0,Sales headcount,commercial,Elena Petrova,elena.petrova@northwind.example,commercial,0,0,,0,0,0,0,0,0,0,,,,https://sumble.com/orgs/bimobject,,,
3320050,ReliableCX,reliable.cx,NW3320050,unallocated,51.64,custom,1.0,Sales headcount,commercial,,,,1,0,,0,0,0,0,0,0,0,,,,https://sumble.com/orgs/reliablecx,Sam Patel,assign_unallocated,suggested
83759,Cyberbit,cyberbit.com,NW0083759,customer,51.63,custom,11.0,Sales headcount,commercial,Aisha Bello,aisha.bello@northwind.example,commercial,0,0,,0,0,0,0,0,0,0,,,,https://sumble.com/orgs/cyberbit,,,
95100,Socotra,socotra.com,NW0095100,allocated,51.63,custom,16.0,Sales headcount,commercial,Maya Cohen,maya.cohen@northwind.example,commercial,0,0,,0,0,0,0,0,0,0,,,,https://sumble.com/orgs/socotra,,,
600372,Onehouse,onehouse.ai,NW0600372,allocated,51.61,custom,3.0,Sales headcount,commercial,Jordan Lee,jordan.lee@northwind.example,commercial,0,0,,0,1,0,2,0,0,0,2026-07-15,google_calendar,,https://sumble.com/orgs/onehousehq,,,
335104,GUIDEcx,guidecx.com,NW0335104,allocated,51.57,custom,12.0,Sales headcount,commercial,Alex Rivera,alex.rivera@northwind.example,commercial,0,0,,0,1,0,1,0,0,0,2026-07-16,google_calendar,,https://sumble.com/orgs/guidecx,,,
1220968,Traefik Labs,traefik.io,NW1220968,allocated,51.54,custom,4.0,Sales headcount,commercial,Priya Nair,priya.nair@northwind.example,commercial,0,0,,0,1,0,3,0,0,0,2026-07-09,google_calendar,,https://sumble.com/orgs/traefik,,,
966198,HoneyHive,honeyhive.ai,NW0966198,unallocated,51.48,custom,0.0,Sales headcount,commercial,,,,1,0,,0,0,0,0,0,0,0,,,,https://sumble.com/orgs/honeyhive-ai,Maya Cohen,assign_unallocated,suggested
238979,thoughtbot,thoughtbot.com,NW0238979,allocated,51.39,custom,0.0,Sales headcount,commercial,Elena Petrova,elena.petrova@northwind.example,commercial,0,0,,0,1,0,2,0,0,0,2026-06-24,google_calendar,,https://sumble.com/orgs/thoughtbot,,,
18816,Productboard,productboard.com,NW0018816,unallocated,51.34,custom,26.0,Sales headcount,commercial,,,,1,0,,0,0,0,0,0,0,0,,,,https://sumble.com/orgs/productboard,Diego Castro,assign_unallocated,suggested
2705489,Coffee,coffee.ai,NW2705489,allocated,51.33,custom,0.0,Sales headcount,commercial,Ravi Menon,ravi.menon@northwind.example,commercial,0,0,,0,0,0,0,0,0,0,,,,https://sumble.com/orgs/coffeecrm,,,
372986,Okendo,okendo.io,NW0372986,customer,51.33,custom,17.0,Sales headcount,commercial,Alex Rivera,alex.rivera@northwind.example,commercial,0,0,,0,1,0,3,0,0,0,2026-07-22,google_calendar,,https://sumble.com/orgs/okendo,,,
2984081,Lightfield,lightfield.app,NW2984081,allocated,51.3,custom,2.0,Sales headcount,commercial,Elena Petrova,elena.petrova@northwind.example,commercial,0,0,,0,0,0,0,0,0,0,,,,https://sumble.com/orgs/lightfld,,,
50788,Continuous,smatechnologies.com,NW0050788,allocated,51.23,custom,13.0,Sales headcount,commercial,Jordan Lee,jordan.lee@northwind.example,commercial,0,0,,0,0,0,0,0,0,0,,,,https://sumble.com/orgs/sma-technologies,,,
563950,Gremlin,gremlin.com,NW0563950,unallocated,51.19,custom,8.0,Sales headcount,commercial,,,,1,0,,0,0,0,0,0,0,0,,,,https://sumble.com/orgs/gremlin,Aisha Bello,assign_unallocated,suggested
676121,SDX AG,sdx-ag.de,NW0676121,unallocated,51.17,custom,1.0,Sales headcount,commercial,,,,1,0,,0,0,0,0,0,0,0,,,,https://sumble.com/orgs/sdx,Jordan Lee,assign_unallocated,suggested
355731,Clarista Inc.,clarista.io,NW0355731,allocated,51.15,custom,0.0,Sales headcount,commercial,Maya Cohen,maya.cohen@northwind.example,commercial,0,0,,0,1,0,1,0,0,0,2026-07-23,google_calendar,,https://sumble.com/orgs/clarista,,,
2709588,Legion Security,legionsecurity.ai,NW2709588,allocated,51.14,custom,10.0,Sales headcount,commercial,Sam Patel,sam.patel@northwind.example,commercial,0,0,,0,0,0,0,0,0,0,,,,https://sumble.com/orgs/legion-security-ai,,,
1377654,Tracebit,tracebit.com,NW1377654,allocated,51.13,custom,6.0,Sales headcount,commercial,Aisha Bello,aisha.bello@northwind.example,commercial,0,0,,0,0,0,0,0,0,0,,,,https://sumble.com/orgs/tracebit,,,
2448900,Parallel Web Systems,parallel.ai,NW2448900,customer,51.11,custom,0.0,Sales headcount,commercial,Aisha Bello,aisha.bello@northwind.example,commercial,0,0,,0,0,0,0,0,0,0,,,,https://sumble.com/orgs/parallel-web,,,
975618,Count,count.co,NW0975618,allocated,51.1,custom,0.0,Sales headcount,commercial,Priya Nair,priya.nair@northwind.example,commercial,0,0,,0,0,0,0,0,0,0,,,,https://sumble.com/orgs/counthq,,,
300026,Operix,operix.com,NW0300026,unallocated,51.06,custom,3.0,Sales headcount,commercial,,,,1,0,,0,0,0,0,0,0,0,,,,https://sumble.com/orgs/ifs-enterprises-llc,Priya Nair,assign_unallocated,suggested
3168846,Venn Consulting NZ,venn.co.nz,NW3168846,allocated,50.99,custom,1.0,Sales headcount,commercial,Diego Castro,diego.castro@northwind.example,commercial,0,0,,0,1,0,3,0,0,0,2026-07-24,google_calendar,,https://sumble.com/orgs/venn-consulting-nz,,,
540249,Glider AI,glider.ai,NW0540249,allocated,50.99,custom,12.0,Sales headcount,commercial,Aisha Bello,aisha.bello@northwind.example,commercial,0,0,,0,1,0,1,0,0,0,2026-07-07,google_calendar,,https://sumble.com/orgs/glider-for-business,,,
1105734,OBOX,oboxhr.com,NW1105734,unallocated,50.97,custom,3.0,Sales headcount,commercial,,,,1,0,,0,0,0,0,0,0,0,,,,https://sumble.com/orgs/oboxhr,Elena Petrova,assign_unallocated,suggested
209140,DAS42,das42.com,NW0209140,allocated,50.97,custom,4.0,Sales headcount,commercial,Maya Cohen,maya.cohen@northwind.example,commercial,0,0,,0,0,0,0,0,0,0,,,,https://sumble.com/orgs/das42,,,
515919,Orgvue,orgvue.com,NW0515919,allocated,50.95,custom,38.0,Sales headcount,commercial,Sam Patel,sam.patel@northwind.example,commercial,0,0,,0,1,0,2,0,0,0,2026-07-25,google_calendar,,https://sumble.com/orgs/orgvue,,,
977528,WorkOS,workos.com,NW0977528,allocated,50.95,custom,9.0,Sales headcount,commercial,Jordan Lee,jordan.lee@northwind.example,commercial,0,0,,0,0,0,0,0,0,0,,,,https://sumble.com/orgs/workos,,,
827526,Revefi,revefi.com,NW0827526,unallocated,50.94,custom,4.0,Sales headcount,commercial,,,,1,0,,0,0,0,0,0,0,0,,,,https://sumble.com/orgs/revefi,Noah Schmidt,assign_unallocated,suggested
2378030,Fieldguide,fieldguide.io,NW2378030,unallocated,50.92,custom,40.0,Sales headcount,commercial,,,,1,0,,0,0,0,0,0,0,0,,,,https://sumble.com/orgs/field-guide-io,Ravi Menon,assign_unallocated,suggested
312914,Checkly,checklyhq.com,NW0312914,allocated,50.91,custom,16.0,Sales headcount,commercial,Diego Castro,diego.castro@northwind.example,commercial,0,0,,0,1,0,1,0,0,0,2026-07-03,google_calendar,,https://sumble.com/orgs/checkly,,,
3424246,Skriba,skriba.ch,NW3424246,allocated,50.91,custom,1.0,Sales headcount,commercial,Diego Castro,diego.castro@northwind.example,commercial,0,0,,0,1,0,3,0,0,0,2026-07-25,google_calendar,,https://sumble.com/orgs/skriba,,,
1234229,Bria AI,bria.ai,NW1234229,allocated,50.88,custom,4.0,Sales headcount,commercial,Jordan Lee,jordan.lee@northwind.example,commercial,0,0,,0,0,0,0,0,0,0,,,,https://sumble.com/orgs/briaai,,,
1418427,definity,definity.ai,NW1418427,unallocated,50.88,custom,2.0,Sales headcount,commercial,,,,1,0,,0,0,0,0,0,0,0,,,,https://sumble.com/orgs/definity-ai,Sam Patel,assign_unallocated,suggested
1401728,Atlar,atlar.com,NW1401728,allocated,50.87,custom,11.0,Sales headcount,commercial,Diego Castro,diego.castro@northwind.example,commercial,0,0,,0,1,0,3,0,0,0,2026-07-15,google_calendar,,https://sumble.com/orgs/atlarhq,,,
2450334,Profound,tryprofound.com,NW2450334,allocated,50.84,custom,38.0,Sales headcount,commercial,Ravi Menon,ravi.menon@northwind.example,commercial,0,0,,0,1,0,1,0,0,0,2026-07-08,google_calendar,,https://sumble.com/orgs/tryprofound,,,
27670,WorkSpan,workspan.com,NW0027670,allocated,50.82,custom,12.0,Sales headcount,commercial,Ravi Menon,ravi.menon@northwind.example,commercial,0,0,,0,0,0,0,0,0,0,,,,https://sumble.com/orgs/workspan,,,
1193962,LambdaTest is now TestMu AI,lambdatest.com,NW1193962,customer,50.79,custom,19.0,Sales headcount,commercial,Sam Patel,sam.patel@northwind.example,commercial,0,0,,0,0,0,0,0,0,0,,,,https://sumble.com/orgs/lambdatest,,,
502574,Devo,devo.com,NW0502574,unallocated,50.79,custom,7.0,Sales headcount,commercial,,,,1,0,,0,0,0,0,0,0,0,,,,https://sumble.com/orgs/devoinc,Maya Cohen,assign_unallocated,suggested
54656,Pinecone,pinecone.io,NW0054656,allocated,50.79,custom,9.0,Sales headcount,commercial,Elena Petrova,elena.petrova@northwind.example,commercial,0,0,,0,0,0,0,0,0,0,,,,https://sumble.com/orgs/pinecone,,,
99048,DuploCloud,duplocloud.com,NW0099048,allocated,50.76,custom,30.0,Sales headcount,commercial,Priya Nair,priya.nair@northwind.example,commercial,0,0,,0,0,0,0,0,0,0,,,,https://sumble.com/orgs/duplocloud,,,
72518,Omeda,omeda.com,NW0072518,allocated,50.73,custom,6.0,Sales headcount,commercial,Diego Castro,diego.castro@northwind.example,commercial,0,0,,0,1,0,3,0,0,0,2026-07-12,google_calendar,,https://sumble.com/orgs/omeda,,,
3080589,Tessera Labs,tesseralabs.ai,NW3080589,allocated,50.63,custom,4.0,Sales headcount,commercial,Jordan Lee,jordan.lee@northwind.example,commercial,0,0,,0,0,0,0,0,0,0,,,,https://sumble.com/orgs/stealth-ai-enterprise-startup,,,
1259305,Beecker,beecker.ai,NW1259305,allocated,50.6,custom,9.0,Sales headcount,commercial,Sam Patel,sam.patel@northwind.example,commercial,0,0,,0,0,0,0,0,0,0,,,,https://sumble.com/orgs/beecker,,,
62154,PairSoft,pairsoft.com,NW0062154,allocated,50.58,custom,24.0,Sales headcount,commercial,Aisha Bello,aisha.bello@northwind.example,commercial,0,0,,0,0,0,0,0,0,0,,,,https://sumble.com/orgs/pairsoft,,,
909393,IO River,ioriver.io,NW0909393,unallocated,50.57,custom,6.0,Sales headcount,commercial,,,,1,0,,0,0,0,0,0,0,0,,,,https://sumble.com/orgs/io-river,Diego Castro,assign_unallocated,suggested
641091,Memcyco,memcyco.com,NW0641091,unallocated,50.48,custom,18.0,Sales headcount,commercial,,,,1,0,,0,0,0,0,0,0,0,,,,https://sumble.com/orgs/memcyco,Aisha Bello,assign_unallocated,suggested
1870370,Sales Clover,salesclover.com,NW1870370,allocated,50.45,custom,6.0,Sales headcount,commercial,Ravi Menon,ravi.menon@northwind.example,commercial,0,0,,0,0,0,0,0,0,0,,,,https://sumble.com/orgs/salesclover,,,
3099478,Sayfpay,sayfpay.com,NW3099478,allocated,50.45,custom,5.0,Sales headcount,commercial,Aisha Bello,aisha.bello@northwind.example,commercial,0,0,,0,1,0,1,0,0,0,2026-06-14,google_calendar,,https://sumble.com/orgs/sayfpay,,,
684752,Senzing,senzing.com,NW0684752,allocated,50.45,custom,5.0,Sales headcount,commercial,Noah Schmidt,noah.schmidt@northwind.example,commercial,0,0,,0,0,0,0,0,0,0,,,,https://sumble.com/orgs/senzing,,,
410558,Chili Piper,chilipiper.com,NW0410558,allocated,50.44,custom,33.0,Sales headcount,commercial,Maya Cohen,maya.cohen@northwind.example,commercial,0,0,,0,1,0,3,0,0,0,2026-07-18,google_calendar,,https://sumble.com/orgs/chili-piper,,,
1595553,Espresso AI,espresso.ai,NW1595553,unallocated,50.43,custom,3.0,Sales headcount,commercial,,,,1,0,,0,0,0,0,0,0,0,,,,https://sumble.com/orgs/espresso-ai,Jordan Lee,assign_unallocated,suggested
232682,Master Of Code Global,masterofcode.com,NW0232682,allocated,50.43,custom,3.0,Sales headcount,commercial,Elena Petrova,elena.petrova@northwind.example,commercial,0,0,,0,0,0,0,0,0,0,,,,https://sumble.com/orgs/master-of-code-global,,,
345979,MotherDuck,motherduck.com,NW0345979,allocated,50.42,custom,8.0,Sales headcount,commercial,Jordan Lee,jordan.lee@northwind.example,commercial,0,0,,0,0,0,0,0,0,0,,,,https://sumble.com/orgs/motherduck,,,
33669,Contrast Security,contrastsecurity.com,NW0033669,allocated,50.4,custom,39.0,Sales headcount,commercial,Sam Patel,sam.patel@northwind.example,commercial,0,0,,0,1,0,1,0,0,0,2026-07-07,google_calendar,,https://sumble.com/orgs/contrast-security,,,
1833627,PointFive,pointfive.co,NW1833627,allocated,50.38,custom,15.0,Sales headcount,commercial,Ravi Menon,ravi.menon@northwind.example,commercial,0,0,,0,1,0,1,0,0,0,2026-07-23,google_calendar,,https://sumble.com/orgs/pointfive-us,,,
956467,Enzym AI,dropzone.ai,NW0956467,allocated,50.38,custom,14.0,Sales headcount,commercial,Jordan Lee,jordan.lee@northwind.example,commercial,0,0,,0,1,0,1,0,0,0,2026-07-09,google_calendar,,https://sumble.com/orgs/enzym-ai,,,
1793029,Hark,sendhark.com,NW1793029,allocated,50.35,custom,1.0,Sales headcount,commercial,Noah Schmidt,noah.schmidt@northwind.example,commercial,0,0,,0,0,0,0,0,0,0,,,,https://sumble.com/orgs/send-hark,,,
173781,Savi,getsavi.com,NW0173781,allocated,50.34,custom,4.0,Sales headcount,commercial,Maya Cohen,maya.cohen@northwind.example,commercial,0,0,,0,1,0,1,0,0,0,2026-06-07,google_calendar,,https://sumble.com/orgs/savi-solutions-1,,,
1119466,Quilter,quilter.ai,NW1119466,allocated,50.33,custom,3.0,Sales headcount,commercial,Jordan Lee,jordan.lee@northwind.example,commercial,0,0,,0,0,0,0,0,0,0,,,,https://sumble.com/orgs/quilterai,,,
600601,Adomik,adomik.com,NW0600601,allocated,50.33,custom,4.0,Sales headcount,commercial,Jordan Lee,jordan.lee@northwind.example,commercial,0,0,,0,1,0,3,0,0,0,2026-07-24,google_calendar,,https://sumble.com/orgs/adomik,,,
1437680,Hyperline,hyperline.co,NW1437680,allocated,50.28,custom,7.0,Sales headcount,commercial,Jordan Lee,jordan.lee@northwind.example,commercial,0,0,,0,1,0,3,0,0,0,2026-07-18,google_calendar,,https://sumble.com/orgs/hyperlineco,,,
24826,FreshBooks,freshbooks.com,NW0024826,allocated,50.28,custom,20.0,Sales headcount,commercial,Diego Castro,diego.castro@northwind.example,commercial,0,0,,0,1,0,1,0,0,0,2026-07-17,google_calendar,,https://sumble.com/orgs/freshbooks,,,
424550,Cloud Counselage Pvt. Ltd.,cloudcounselage.com,NW0424550,allocated,50.27,custom,1.0,Sales headcount,commercial,Jordan Lee,jordan.lee@northwind.example,commercial,0,0,,0,1,0,2,0,0,0,2026-07-01,google_calendar,,https://sumble.com/orgs/cloud-counselage,,,
44220,PlanetScale,planetscale.com,NW0044220,allocated,50.26,custom,4.0,Sales headcount,commercial,Alex Rivera,alex.rivera@northwind.example,commercial,0,0,,0,1,0,2,0,0,0,2026-07-23,google_calendar,,https://sumble.com/orgs/planetscale,,,
1770647,Flox,flox.dev,NW1770647,allocated,50.25,custom,0.0,Sales headcount,commercial,Noah Schmidt,noah.schmidt@northwind.example,commercial,0,0,,0,1,0,3,0,0,0,2026-07-13,google_calendar,,https://sumble.com/orgs/floxdev,,,
1029515,CloudRaft,cloudraft.io,NW1029515,allocated,50.24,custom,0.0,Sales headcount,commercial,Noah Schmidt,noah.schmidt@northwind.example,commercial,0,0,,0,0,0,0,0,0,0,,,,https://sumble.com/orgs/cloudraft,,,
26682,beqom,beqom.com,NW0026682,allocated,50.24,custom,24.0,Sales headcount,commercial,Aisha Bello,aisha.bello@northwind.example,commercial,0,0,,0,1,0,3,0,0,0,2026-07-08,google_calendar,,https://sumble.com/orgs/beqom,,,
57407,Pretius,pretius.com,NW0057407,unallocated,50.24,custom,5.0,Sales headcount,commercial,,,,1,0,,0,0,0,0,0,0,0,,,,https://sumble.com/orgs/pretius,Priya Nair,assign_unallocated,suggested
79978,Glide (glideapps.com),glideapps.com,NW0079978,unallocated,50.22,custom,5.0,Sales headcount,commercial,,,,1,0,,0,0,0,0,0,0,0,,,,https://sumble.com/orgs/glide-apps,Elena Petrova,assign_unallocated,suggested
93975,Dreamdata,dreamdata.io,NW0093975,allocated,50.17,custom,26.0,Sales headcount,commercial,Priya Nair,priya.nair@northwind.example,commercial,0,0,,0,0,0,0,0,0,0,,,,https://sumble.com/orgs/dreamdata,,,
105732,Commsor 🦕,commsor.com,NW0105732,allocated,50.16,custom,0.0,Sales headcount,commercial,Sam Patel,sam.patel@northwind.example,commercial,0,0,,0,1,0,3,0,0,0,2026-07-11,google_calendar,,https://sumble.com/orgs/commsor,,,
1404295,Bedrock Data,bedrock.security,NW1404295,allocated,50.14,custom,11.0,Sales headcount,commercial,Alex Rivera,alex.rivera@northwind.example,commercial,0,0,,0,1,0,2,0,0,0,2026-07-17,google_calendar,,https://sumble.com/orgs/bedrocksec,,,
77724,ProcessMaker,processmaker.com,NW0077724,allocated,50.1,custom,20.0,Sales headcount,commercial,Noah Schmidt,noah.schmidt@northwind.example,commercial,0,0,,0,0,0,0,0,0,0,,,,https://sumble.com/orgs/processmaker,,,
1631298,NewtonIdeas,newtonideas.com,NW1631298,allocated,50.09,custom,0.0,Sales headcount,commercial,Jordan Lee,jordan.lee@northwind.example,commercial,0,0,,0,1,0,1,0,0,0,2026-07-12,google_calendar,,https://sumble.com/orgs/newtonideas,,,
2800935,Shipfox,shipfox.io,NW2800935,allocated,50.07,custom,0.0,Sales headcount,commercial,Diego Castro,diego.castro@northwind.example,commercial,0,0,,0,1,0,3,0,0,0,2026-07-12,google_calendar,,https://sumble.com/orgs/shipfox-hq,,,
729987,Fusionary,fusionary.com,NW0729987,allocated,50.07,custom,0.0,Sales headcount,commercial,Sam Patel,sam.patel@northwind.example,commercial,0,0,,0,1,0,3,0,0,0,2026-07-25,google_calendar,,https://sumble.com/orgs/fusionary-media,,,
321078,SmartSimple Software,smartsimple.com,NW0321078,allocated,50.03,custom,8.0,Sales headcount,commercial,Priya Nair,priya.nair@northwind.example,commercial,0,0,,0,0,0,0,0,0,0,,,,https://sumble.com/orgs/smartsimple-software,,,
73297,Centreon,centreon.com,NW0073297,allocated,50.02,custom,30.0,Sales headcount,commercial,Ravi Menon,ravi.menon@northwind.example,commercial,0,0,,0,1,0,3,0,0,0,2026-07-15,google_calendar,,https://sumble.com/orgs/centreon,,,
1016321,BFC Software,bfcsoftware.com,NW1016321,allocated,50.01,custom,7.0,Sales headcount,commercial,Sam Patel,sam.patel@northwind.example,commercial,0,0,,0,0,0,0,0,0,0,,,,https://sumble.com/orgs/bfc-software,,,
214521,meshcloud,meshcloud.io,NW0214521,allocated,49.96,custom,4.0,Sales headcount,commercial,Elena Petrova,elena.petrova@northwind.example,commercial,0,0,,0,1,0,1,0,0,0,2026-07-22,google_calendar,,https://sumble.com/orgs/meshcloud,,,
1349334,PromptLayer,promptlayer.com,NW1349334,allocated,49.93,custom,0.0,Sales headcount,commercial,Priya Nair,priya.nair@northwind.example,commercial,0,0,,0,1,0,3,0,0,0,2026-07-24,google_calendar,,https://sumble.com/orgs/promptlayer,,,
1772422,Marketing Envy,goenvy.io,NW1772422,allocated,49.93,custom,0.0,Sales headcount,commercial,Ravi Menon,ravi.menon@northwind.example,commercial,0,0,,0,1,0,1,0,0,0,2026-06-19,google_calendar,,https://sumble.com/orgs/goenvy,,,
1242661,Zip Security,zipsec.com,NW1242661,unallocated,49.89,custom,2.0,Sales headcount,commercial,,,,1,0,,0,0,0,0,0,0,0,,,,https://sumble.com/orgs/zipsec,Noah Schmidt,assign_unallocated,suggested
54661,Hireology,hireology.com,NW0054661,allocated,49.83,custom,27.0,Sales headcount,commercial,Jordan Lee,jordan.lee@northwind.example,commercial,0,0,,0,1,0,3,0,0,0,2026-07-21,google_calendar,,https://sumble.com/orgs/hireology,,,
1868117,"Systech Solutions, Inc",systechusa.com,NW1868117,allocated,49.79,custom,12.0,Sales headcount,commercial,Ravi Menon,ravi.menon@northwind.example,commercial,0,0,,0,1,0,2,0,0,0,2026-06-16,google_calendar,,https://sumble.com/orgs/systech-solutions,,,
43557,Wistia,wistia.com,NW0043557,allocated,49.78,custom,11.0,Sales headcount,commercial,Priya Nair,priya.nair@northwind.example,commercial,0,0,,0,1,0,1,0,0,0,2026-06-03,google_calendar,,https://sumble.com/orgs/wistia,,,
1028198,CiteAb,citeab.com,NW1028198,allocated,49.77,custom,0.0,Sales headcount,commercial,Noah Schmidt,noah.schmidt@northwind.example,commercial,0,0,,0,0,0,0,0,0,0,,,,https://sumble.com/orgs/citeab,,,
1783956,Maxa,maxa.ai,NW1783956,unallocated,49.77,custom,5.0,Sales headcount,commercial,,,,1,0,,0,0,0,0,0,0,0,,,,https://sumble.com/orgs/maxa-ai,Ravi Menon,assign_unallocated,suggested
533030,Airbyte,airbyte.com,NW0533030,allocated,49.76,custom,14.0,Sales headcount,commercial,Priya Nair,priya.nair@northwind.example,commercial,0,0,,0,0,0,0,0,0,0,,,,https://sumble.com/orgs/datalinehq,,,
222702,CAVALLO,cavallo.com,NW0222702,allocated,49.74,custom,15.0,Sales headcount,commercial,Jordan Lee,jordan.lee@northwind.example,commercial,0,0,,0,1,0,1,0,0,0,2026-07-06,google_calendar,,https://sumble.com/orgs/cavallo,,,
75712,Datameer,datameer.com,NW0075712,customer,49.66,custom,7.0,Sales headcount,commercial,Jordan Lee,jordan.lee@northwind.example,commercial,0,0,,0,1,0,1,0,0,0,2026-07-05,google_calendar,,https://sumble.com/orgs/datameer,,,
39942,Lumin Digital,lumindigital.com,NW0039942,allocated,49.65,custom,29.0,Sales headcount,commercial,Noah Schmidt,noah.schmidt@northwind.example,commercial,0,0,,0,0,0,0,0,0,0,,,,https://sumble.com/orgs/lumin-digital,,,
59523,Tigera,tigera.io,NW0059523,unallocated,49.65,custom,7.0,Sales headcount,commercial,,,,1,0,,0,0,0,0,0,0,0,,,,https://sumble.com/orgs/tigera,Sam Patel,assign_unallocated,suggested
370503,Bringg,bringg.com,NW0370503,allocated,49.63,custom,13.0,Sales headcount,commercial,Ravi Menon,ravi.menon@northwind.example,commercial,0,0,,0,0,0,0,0,0,0,,,,https://sumble.com/orgs/bringg,,,
45781,Finix,finix.com,NW0045781,allocated,49.63,custom,21.0,Sales headcount,commercial,Aisha Bello,aisha.bello@northwind.example,commercial,0,0,,0,0,0,0,0,0,0,,,,https://sumble.com/orgs/finix,,,
72042,IsoMetrix Software,isometrix.com,NW0072042,allocated,49.63,custom,17.0,Sales headcount,commercial,Ravi Menon,ravi.menon@northwind.example,commercial,0,0,,0,0,0,0,0,0,0,,,,https://sumble.com/orgs/isometrix,,,
429166,ShyftOff,shyftoff.com,NW0429166,allocated,49.61,custom,2.0,Sales headcount,commercial,Jordan Lee,jordan.lee@northwind.example,commercial,0,0,,0,0,0,0,0,0,0,,,,https://sumble.com/orgs/shyftoff,,,
810038,Highbeam,highbeam.co,NW0810038,allocated,49.58,custom,4.0,Sales headcount,commercial,Sam Patel,sam.patel@northwind.example,commercial,0,0,,0,1,0,1,0,0,0,2026-07-07,google_calendar,,https://sumble.com/orgs/highbeamai,,,
73199,Weaviate,weaviate.io,NW0073199,allocated,49.55,custom,8.0,Sales headcount,commercial,Maya Cohen,maya.cohen@northwind.example,commercial,0,0,,0,0,0,0,0,0,0,,,,https://sumble.com/orgs/weaviate,,,
61202,Bitrise,bitrise.io,NW0061202,unallocated,49.54,custom,12.0,Sales headcount,commercial,,,,1,0,,0,0,0,0,0,0,0,,,,https://sumble.com/orgs/bitrise,Maya Cohen,assign_unallocated,suggested
1132129,Sift,siftstack.com,NW1132129,allocated,49.53,custom,4.0,Sales headcount,commercial,Diego Castro,diego.castro@northwind.example,commercial,0,0,,0,1,0,1,0,0,0,2026-07-28,google_calendar,,https://sumble.com/orgs/sift-stack,,,
53968,Eppo by Datadog,geteppo.com,NW0053968,allocated,49.53,custom,1.0,Sales headcount,commercial,Aisha Bello,aisha.bello@northwind.example,commercial,0,0,,0,1,0,3,0,0,0,2026-07-17,google_calendar,,https://sumble.com/orgs/eppo,,,
475643,DATAPAO,datapao.com,NW0475643,unallocated,49.49,custom,1.0,Sales headcount,commercial,,,,1,0,,0,0,0,0,0,0,0,,,,https://sumble.com/orgs/datapao,Diego Castro,assign_unallocated,suggested
118755,LawVu,lawvu.com,NW0118755,unallocated,49.42,custom,13.0,Sales headcount,commercial,,,,1,0,,0,0,0,0,0,0,0,,,,https://sumble.com/orgs/lawvu,Aisha Bello,assign_unallocated,suggested
1381216,unitQ,unitq.com,NW1381216,allocated,49.42,custom,7.0,Sales headcount,commercial,Aisha Bello,aisha.bello@northwind.example,commercial,0,0,,0,1,0,3,0,0,0,2026-07-25,google_calendar,,https://sumble.com/orgs/unitq,,,
1133586,Sky Sight Inc.,skysight.ca,NW1133586,unallocated,49.41,custom,0.0,Sales headcount,commercial,,,,1,0,,0,0,0,0,0,0,0,,,,https://sumble.com/orgs/skysightinc,Jordan Lee,assign_unallocated,suggested
42598,Archive360,archive360.com,NW0042598,allocated,49.33,custom,10.0,Sales headcount,commercial,Priya Nair,priya.nair@northwind.example,commercial,0,0,,0,0,0,0,0,0,0,,,,https://sumble.com/orgs/archive360,,,
1347082,Pometry,pometry.com,NW1347082,allocated,49.25,custom,0.0,Sales headcount,commercial,Aisha Bello,aisha.bello@northwind.example,commercial,0,0,,0,0,0,0,0,0,0,,,,https://sumble.com/orgs/pometry,,,
84930,Kizen,kizen.com,NW0084930,allocated,49.25,custom,13.0,Sales headcount,commercial,Aisha Bello,aisha.bello@northwind.example,commercial,0,0,,0,0,0,0,0,0,0,,,,https://sumble.com/orgs/kizen-technologies,,,
1757379,Adaptive,adaptive.build,NW1757379,unallocated,49.24,custom,12.0,Sales headcount,commercial,,,,1,0,,0,0,0,0,0,0,0,,,,https://sumble.com/orgs/adaptiverealestate,Priya Nair,assign_unallocated,suggested
15219,Imply,imply.io,NW0015219,unallocated,49.18,custom,10.0,Sales headcount,commercial,,,,1,0,,0,0,0,0,0,0,0,,,,https://sumble.com/orgs/imply,Noah Schmidt,assign_unallocated,suggested
340954,Qloo,qloo.com,NW0340954,allocated,49.16,custom,3.0,Sales headcount,commercial,Jordan Lee,jordan.lee@northwind.example,commercial,0,0,,0,0,0,0,0,0,0,,,,https://sumble.com/orgs/qloo,,,
53559,Tamr,tamr.com,NW0053559,unallocated,49.14,custom,19.0,Sales headcount,commercial,,,,1,0,,0,0,0,0,0,0,0,,,,https://sumble.com/orgs/tamr,Elena Petrova,assign_unallocated,suggested
174844,Brandboom,brandboom.com,NW0174844,unallocated,49.0,custom,4.0,Sales headcount,commercial,,,,1,0,,0,0,0,0,0,0,0,,,,https://sumble.com/orgs/brandboom,Ravi Menon,assign_unallocated,suggested
1843012,Alma,tryalma.ai,NW1843012,unallocated,48.99,custom,10.0,Sales headcount,commercial,,,,1,0,,0,0,0,0,0,0,0,,,,https://sumble.com/orgs/tryalma,Sam Patel,assign_unallocated,suggested
24971,Intellistack,formstack.com,NW0024971,allocated,48.99,custom,30.0,Sales headcount,commercial,Aisha Bello,aisha.bello@northwind.example,commercial,0,0,,0,1,0,2,0,0,0,2026-06-21,google_calendar,,https://sumble.com/orgs/formstack,,,
608161,TheyDo - Journey Management,theydo.com,NW0608161,allocated,48.95,custom,19.0,Sales headcount,commercial,Ravi Menon,ravi.menon@northwind.example,commercial,0,0,,0,1,0,2,0,0,0,2026-07-10,google_calendar,,https://sumble.com/orgs/theydoapp,,,
308485,Semji,semji.com,NW0308485,allocated,48.93,custom,17.0,Sales headcount,commercial,Maya Cohen,maya.cohen@northwind.example,commercial,0,0,,0,0,0,0,0,0,0,,,,https://sumble.com/orgs/semji,,,
973520,Felicis,felicis.com,NW0973520,customer,48.93,custom,3.0,Sales headcount,commercial,Alex Rivera,alex.rivera@northwind.example,commercial,0,0,,0,1,0,3,0,0,0,2026-06-18,google_calendar,,https://sumble.com/orgs/felicis-ventures,,,
54475,Bromcom,bromcom.com,NW0054475,allocated,48.91,custom,6.0,Sales headcount,commercial,Sam Patel,sam.patel@northwind.example,commercial,0,0,,0,0,0,0,0,0,0,,,,https://sumble.com/orgs/bromcom-computers,,,
2378124,Firebolt,firebolt.io,NW2378124,allocated,48.88,custom,17.0,Sales headcount,commercial,Alex Rivera,alex.rivera@northwind.example,commercial,0,0,,0,0,0,0,0,0,0,,,,https://sumble.com/orgs/fire-bolt-io,,,
414947,ZenRows,zenrows.com,NW0414947,allocated,48.85,custom,3.0,Sales headcount,commercial,Priya Nair,priya.nair@northwind.example,commercial,0,0,,0,0,0,0,0,0,0,,,,https://sumble.com/orgs/zenrows,,,
57182,OnePlan,oneplan.ai,NW0057182,unallocated,48.85,custom,24.0,Sales headcount,commercial,,,,1,0,,0,0,0,0,0,0,0,,,,https://sumble.com/orgs/oneplan-solutions,Maya Cohen,assign_unallocated,suggested
281211,Anrok,anrok.com,NW0281211,allocated,48.84,custom,30.0,Sales headcount,commercial,Ravi Menon,ravi.menon@northwind.example,commercial,0,0,,0,0,0,0,0,0,0,,,,https://sumble.com/orgs/saasable,,,
1068765,Hopskip,myhopskip.com,NW1068765,allocated,48.78,custom,5.0,Sales headcount,commercial,Ravi Menon,ravi.menon@northwind.example,commercial,0,0,,0,1,0,1,0,0,0,2026-07-14,google_calendar,,https://sumble.com/orgs/hopskip,,,
1239224,Ship Angel,shipangel.com,NW1239224,allocated,48.76,custom,3.0,Sales headcount,commercial,Ravi Menon,ravi.menon@northwind.example,commercial,0,0,,0,0,0,0,0,0,0,,,,https://sumble.com/orgs/ship-angel,,,
3074169,Eagl,geteagl.com,NW3074169,unallocated,48.76,custom,0.0,Sales headcount,commercial,,,,1,0,,0,0,0,0,0,0,0,,,,https://sumble.com/orgs/geteagl,Diego Castro,assign_unallocated,suggested
57901,Matrix USA,matrix-ifs.com,NW0057901,allocated,48.75,custom,13.0,Sales headcount,commercial,Alex Rivera,alex.rivera@northwind.example,commercial,0,0,,0,0,0,0,0,0,0,,,,https://sumble.com/orgs/matrix-international-financial-services,,,
1337161,NodeSource,nodesource.com,NW1337161,allocated,48.74,custom,0.0,Sales headcount,commercial,Diego Castro,diego.castro@northwind.example,commercial,0,0,,0,1,0,1,0,0,0,2026-06-10,google_calendar,,https://sumble.com/orgs/nodesource,,,
199991,Syncro,syncromsp.com,NW0199991,allocated,48.71,custom,13.0,Sales headcount,commercial,Sam Patel,sam.patel@northwind.example,commercial,0,0,,0,0,0,0,0,0,0,,,,https://sumble.com/orgs/syncromsp,,,
666545,Lago,getlago.com,NW0666545,allocated,48.68,custom,2.0,Sales headcount,commercial,Jordan Lee,jordan.lee@northwind.example,commercial,0,0,,0,1,0,1,0,0,0,2026-07-21,google_calendar,,https://sumble.com/orgs/getlago,,,
2609154,Eon.io,eon.io,NW2609154,allocated,48.66,custom,21.0,Sales headcount,commercial,Jordan Lee,jordan.lee@northwind.example,commercial,0,0,,0,1,0,2,0,0,0,2026-07-20,google_calendar,,https://sumble.com/orgs/eon-io,,,
509867,Simfoni,simfoni.com,NW0509867,allocated,48.63,custom,11.0,Sales headcount,commercial,Diego Castro,diego.castro@northwind.example,commercial,0,0,,0,1,0,3,0,0,0,2026-07-20,google_calendar,,https://sumble.com/orgs/simfoni,,,
1896391,Looppanel,looppanel.com,NW1896391,allocated,48.61,custom,0.0,Sales headcount,commercial,Noah Schmidt,noah.schmidt@northwind.example,commercial,0,0,,0,0,0,0,0,0,0,,,,https://sumble.com/orgs/looppanel,,,
651548,Brizy,brizy.io,NW0651548,unallocated,48.61,custom,1.0,Sales headcount,commercial,,,,1,0,,0,0,0,0,0,0,0,,,,https://sumble.com/orgs/brizy,Aisha Bello,assign_unallocated,suggested
719454,Spinwheel,spinwheel.io,NW0719454,allocated,48.6,custom,4.0,Sales headcount,commercial,Aisha Bello,aisha.bello@northwind.example,commercial,0,0,,0,0,0,0,0,0,0,,,,https://sumble.com/orgs/spinwheel-solutions,,,
977923,Whalesync,whalesync.com,NW0977923,allocated,48.6,custom,0.0,Sales headcount,commercial,Diego Castro,diego.castro@northwind.example,commercial,0,0,,0,1,0,2,0,0,0,2026-07-20,google_calendar,,https://sumble.com/orgs/whalesync,,,
492279,Meelo,getmeelo.com,NW0492279,allocated,48.59,custom,5.0,Sales headcount,commercial,Maya Cohen,maya.cohen@northwind.example,commercial,0,0,,0,0,0,0,0,0,0,,,,https://sumble.com/orgs/meelo,,,
331531,Regiondo,pro.regiondo.com,NW0331531,allocated,48.58,custom,23.0,Sales headcount,commercial,Jordan Lee,jordan.lee@northwind.example,commercial,0,0,,0,0,0,0,0,0,0,,,,https://sumble.com/orgs/regiondo,,,
56141,Cobb Technologies,cobbtechnologies.com,NW0056141,allocated,48.56,custom,32.0,Sales headcount,commercial,Jordan Lee,jordan.lee@northwind.example,commercial,0,0,,0,0,0,0,0,0,0,,,,https://sumble.com/orgs/cobb-technologies,,,
1098109,Monitaur,monitaur.ai,NW1098109,customer,48.53,custom,3.0,Sales headcount,commercial,Sam Patel,sam.patel@northwind.example,commercial,0,0,,0,0,0,0,0,0,0,,,,https://sumble.com/orgs/monitaur,,,
45303,Signiant,signiant.com,NW0045303,allocated,48.52,custom,21.0,Sales headcount,commercial,Alex Rivera,alex.rivera@northwind.example,commercial,0,0,,0,1,0,1,0,0,0,2026-07-18,google_calendar,,https://sumble.com/orgs/signiant,,,
1324591,m3ter,m3ter.com,NW1324591,allocated,48.46,custom,3.0,Sales headcount,commercial,Noah Schmidt,noah.schmidt@northwind.example,commercial,0,0,,0,0,0,0,0,0,0,,,,https://sumble.com/orgs/m3ter,,,
737753,Reevol,40seas.com,NW0737753,unallocated,48.45,custom,5.0,Sales headcount,commercial,,,,1,0,,0,0,0,0,0,0,0,,,,https://sumble.com/orgs/40seas,Jordan Lee,assign_unallocated,suggested
277060,Noves,noves.fi,NW0277060,allocated,48.44,custom,0.0,Sales headcount,commercial,Ravi Menon,ravi.menon@northwind.example,commercial,0,0,,0,1,0,2,0,0,0,2026-07-26,google_calendar,,https://sumble.com/orgs/noves,,,
1820318,Hans Börner GmbH & Co. KG,acryl.de,NW1820318,unallocated,48.43,custom,1.0,Sales headcount,commercial,,,,1,0,,0,0,0,0,0,0,0,,,,https://sumble.com/orgs/hans-borner-gmbh-&-co-kg,Priya Nair,assign_unallocated,suggested
1490928,UPTIQ,uptiq.ai,NW1490928,allocated,48.42,custom,5.0,Sales headcount,commercial,Sam Patel,sam.patel@northwind.example,commercial,0,0,,0,0,0,0,0,0,0,,,,https://sumble.com/orgs/uptiqai,,,
386759,Cloudfresh ⛅,cloudfresh.com,NW0386759,unallocated,48.41,custom,12.0,Sales headcount,commercial,,,,1,0,,0,0,0,0,0,0,0,,,,https://sumble.com/orgs/cloudfresh,Noah Schmidt,assign_unallocated,suggested
547515,FeedbackFruits,feedbackfruits.com,NW0547515,allocated,48.39,custom,21.0,Sales headcount,commercial,Diego Castro,diego.castro@northwind.example,commercial,0,0,,0,1,0,1,0,0,0,2026-07-08,google_calendar,,https://sumble.com/orgs/feedbackfruits,,,
1426219,Exto,exto360.com,NW1426219,allocated,48.33,custom,3.0,Sales headcount,commercial,Jordan Lee,jordan.lee@northwind.example,commercial,0,0,,0,0,0,0,0,0,0,,,,https://sumble.com/orgs/exto,,,
559547,Conquer,conquer.io,NW0559547,unallocated,48.27,custom,7.0,Sales headcount,commercial,,,,1,0,,0,0,0,0,0,0,0,,,,https://sumble.com/orgs/dialsource,Elena Petrova,assign_unallocated,suggested
1394870,AccessOwl,accessowl.com,NW1394870,allocated,48.25,custom,0.0,Sales headcount,commercial,Priya Nair,priya.nair@northwind.example,commercial,0,0,,0,0,0,0,0,0,0,,,,https://sumble.com/orgs/accessowl,,,
1799718,Vantage,vantage.sh,NW1799718,allocated,48.23,custom,15.0,Sales headcount,commercial,Diego Castro,diego.castro@northwind.example,commercial,0,0,,0,0,0,0,0,0,0,,,,https://sumble.com/orgs/vantage-sh,,,
478731,Oso,osohq.com,NW0478731,unallocated,48.23,custom,1.0,Sales headcount,commercial,,,,1,0,,0,0,0,0,0,0,0,,,,https://sumble.com/orgs/oso-software-solution,Ravi Menon,assign_unallocated,suggested
973989,VLDB Solutions,vldbsolutions.com,NW0973989,allocated,48.23,custom,0.0,Sales headcount,commercial,Elena Petrova,elena.petrova@northwind.example,commercial,0,0,,0,0,0,0,0,0,0,,,,https://sumble.com/orgs/vldb-solutions,,,
1173339,Catalyst IT,catalyst-bi.co.uk,NW1173339,allocated,48.22,custom,6.0,Sales headcount,commercial,Ravi Menon,ravi.menon@northwind.example,commercial,0,0,,0,0,0,0,0,0,0,,,,https://sumble.com/orgs/catalystit-solutions,,,
1360736,Sentenai,sentenai.com,NW1360736,allocated,48.22,custom,0.0,Sales headcount,commercial,Alex Rivera,alex.rivera@northwind.example,commercial,0,0,,0,0,0,0,0,0,0,,,,https://sumble.com/orgs/sentenai,,,
94552,RelationalAI,relational.ai,NW0094552,unallocated,48.15,custom,5.0,Sales headcount,commercial,,,,1,0,,0,0,0,0,0,0,0,,,,https://sumble.com/orgs/relationalai,Sam Patel,assign_unallocated,suggested
93672,Datafold,datafold.com,NW0093672,unallocated,48.14,custom,3.0,Sales headcount,commercial,,,,1,0,,0,0,0,0,0,0,0,,,,https://sumble.com/orgs/datafold,Maya Cohen,assign_unallocated,suggested
84765,GRUPO COMET (SIKAR FF.VV.),comet.com,NW0084765,customer,48.13,custom,11.0,Sales headcount,commercial,Elena Petrova,elena.petrova@northwind.example,commercial,0,0,,0,1,0,2,0,0,0,2026-07-15,google_calendar,,https://sumble.com/orgs/comet-ml,,,
3036701,Emerald,withemerald.com,NW3036701,allocated,48.07,custom,0.0,Sales headcount,commercial,Diego Castro,diego.castro@northwind.example,commercial,0,0,,0,0,0,0,0,0,0,,,,https://sumble.com/orgs/with-emerald-com,,,
2296295,Socialbakers (Now Emplifi),socialbakers.com,NW2296295,allocated,48.06,custom,6.0,Sales headcount,commercial,Maya Cohen,maya.cohen@northwind.example,commercial,0,0,,0,0,0,0,0,0,0,,,,https://sumble.com/orgs/socialbakers-now-emplifi-io,,,
648118,BusinessOptix,businessoptix.com,NW0648118,allocated,48.06,custom,3.0,Sales headcount,commercial,Alex Rivera,alex.rivera@northwind.example,commercial,0,0,,0,1,0,3,0,0,0,2026-07-17,google_calendar,,https://sumble.com/orgs/business-optix,,,
3506491,Trade Tech Pro,tradetechpro.com,NW3506491,allocated,48.04,custom,1.0,Sales headcount,commercial,Elena Petrova,elena.petrova@northwind.example,commercial,0,0,,0,0,0,0,0,0,0,,,,https://sumble.com/orgs/tradetechpro,,,
876667,Savvly,savvly.com,NW0876667,allocated,48.03,custom,0.0,Sales headcount,commercial,Sam Patel,sam.patel@northwind.example,commercial,0,0,,0,0,0,0,0,0,0,,,,https://sumble.com/orgs/multiplier,,,
108671,TANGO ANALYTICS LTD,tangoanalytics.com,NW0108671,allocated,47.87,custom,21.0,Sales headcount,commercial,Priya Nair,priya.nair@northwind.example,commercial,0,0,,0,0,0,0,0,0,0,,,,https://sumble.com/orgs/tango-analytics,,,
534938,LottieFiles,lottiefiles.com,NW0534938,allocated,47.83,custom,1.0,Sales headcount,commercial,Priya Nair,priya.nair@northwind.example,commercial,0,0,,0,0,0,0,0,0,0,,,,https://sumble.com/orgs/lottiefiles,,,
85675,neptune.ai,neptune.ai,NW0085675,customer,47.83,custom,1.0,Sales headcount,commercial,Sam Patel,sam.patel@northwind.example,commercial,0,0,,0,1,0,1,0,0,0,2026-07-20,google_calendar,,https://sumble.com/orgs/neptune-ai,,,
533670,Circle,circle.so,NW0533670,allocated,47.82,custom,15.0,Sales headcount,commercial,Elena Petrova,elena.petrova@northwind.example,commercial,0,0,,0,1,0,2,0,0,0,2026-07-09,google_calendar,,https://sumble.com/orgs/circleco,,,
1791628,rift,rift.com,NW1791628,allocated,47.81,custom,0.0,Sales headcount,commercial,Noah Schmidt,noah.schmidt@northwind.example,commercial,0,0,,0,0,0,0,0,0,0,,,,https://sumble.com/orgs/rifthq,,,
79883,Virtuozzo,virtuozzo.com,NW0079883,allocated,47.8,custom,10.0,Sales headcount,commercial,Sam Patel,sam.patel@northwind.example,commercial,0,0,,0,0,0,0,0,0,0,,,,https://sumble.com/orgs/virtuozzo,,,
1524019,"Netra Technologies, Inc.",netratechnologies.com,NW1524019,allocated,47.73,custom,0.0,Sales headcount,commercial,Diego Castro,diego.castro@northwind.example,commercial,0,0,,0,1,0,2,0,0,0,2026-07-12,google_calendar,,https://sumble.com/orgs/netra-technologies,,,
28777,Materialize,materialize.com,NW0028777,allocated,47.66,custom,6.0,Sales headcount,commercial,Priya Nair,priya.nair@northwind.example,commercial,0,0,,0,1,0,2,0,0,0,2026-07-28,google_calendar,,https://sumble.com/orgs/materialize,,,
25537,Yellowbrick Data,yellowbrick.com,NW0025537,allocated,47.64,custom,5.0,Sales headcount,commercial,Jordan Lee,jordan.lee@northwind.example,commercial,0,0,,0,1,0,2,0,0,0,2026-07-11,google_calendar,,https://sumble.com/orgs/yellowbrick-data,,,
757711,Aembit,aembit.io,NW0757711,allocated,47.61,custom,8.0,Sales headcount,commercial,Ravi Menon,ravi.menon@northwind.example,commercial,0,0,,0,1,0,3,0,0,0,2026-07-20,google_calendar,,https://sumble.com/orgs/aembit,,,
2665210,Candid,tryfix.ai,NW2665210,allocated,47.58,custom,0.0,Sales headcount,commercial,Jordan Lee,jordan.lee@northwind.example,commercial,0,0,,0,1,0,3,0,0,0,2026-07-19,google_calendar,,https://sumble.com/orgs/tryfixai,,,
711700,Civ Robotics,civrobotics.com,NW0711700,unallocated,47.47,custom,3.0,Sales headcount,commercial,,,,1,0,,0,0,0,0,0,0,0,,,,https://sumble.com/orgs/civdrone,Diego Castro,assign_unallocated,suggested
1471025,Reducto,reducto.ai,NW1471025,allocated,47.44,custom,5.0,Sales headcount,commercial,Maya Cohen,maya.cohen@northwind.example,commercial,0,0,,0,0,0,0,0,0,0,,,,https://sumble.com/orgs/reducto-ai,,,
130551,DataGalaxy,datagalaxy.com,NW0130551,allocated,47.42,custom,16.0,Sales headcount,commercial,Alex Rivera,alex.rivera@northwind.example,commercial,0,0,,0,1,0,1,0,0,0,2026-06-19,google_calendar,,https://sumble.com/orgs/datagalaxy,,,
1421716,DynamicsSmartz,dynamicssmartz.com,NW1421716,allocated,47.38,custom,2.0,Sales headcount,commercial,Noah Schmidt,noah.schmidt@northwind.example,commercial,0,0,,0,0,0,0,0,0,0,,,,https://sumble.com/orgs/dynamics-smartz,,,
47576,Nearform,nearform.com,NW0047576,allocated,47.33,custom,3.0,Sales headcount,commercial,Priya Nair,priya.nair@northwind.example,commercial,0,0,,0,1,0,2,0,0,0,2026-07-07,google_calendar,,https://sumble.com/orgs/nearform,,,
431274,Oliv AI,pages.oliv.ai,NW0431274,customer,47.32,custom,6.0,Sales headcount,commercial,Elena Petrova,elena.petrova@northwind.example,commercial,0,0,,0,1,0,2,0,0,0,2026-07-01,google_calendar,,https://sumble.com/orgs/oliv.ai,,,
1427938,FirstTouch,firsttouch.com,NW1427938,allocated,47.3,custom,0.0,Sales headcount,commercial,Maya Cohen,maya.cohen@northwind.example,commercial,0,0,,0,0,0,0,0,0,0,,,,https://sumble.com/orgs/first-touch-ai,,,
230513,Stedi,stedi.com,NW0230513,unallocated,47.29,custom,18.0,Sales headcount,commercial,,,,1,0,,0,0,0,0,0,0,0,,,,https://sumble.com/orgs/stedi,Aisha Bello,assign_unallocated,suggested
1364264,Small Batch Learning,smallbatchlearning.com,NW1364264,allocated,47.27,custom,1.0,Sales headcount,commercial,Aisha Bello,aisha.bello@northwind.example,commercial,0,0,,0,0,0,0,0,0,0,,,,https://sumble.com/orgs/small-batch-learning,,,
1524851,Observo AI – a SentinelOne Company,observo.ai,NW1524851,unallocated,47.26,custom,9.0,Sales headcount,commercial,,,,1,0,,0,0,0,0,0,0,0,,,,https://sumble.com/orgs/observo-ai,Jordan Lee,assign_unallocated,suggested
3283651,depthfirst,depthfirst.com,NW3283651,unallocated,47.26,custom,5.0,Sales headcount,commercial,,,,1,0,,0,0,0,0,0,0,0,,,,https://sumble.com/orgs/depthfirst,Priya Nair,assign_unallocated,suggested
1179257,Dstny FR,dstny.fr,NW1179257,allocated,47.22,custom,17.0,Sales headcount,commercial,Maya Cohen,maya.cohen@northwind.example,commercial,0,0,,0,1,0,1,0,0,0,2026-07-18,google_calendar,,https://sumble.com/orgs/dstny-fr,,,
19139,Liquibase,liquibase.com,NW0019139,allocated,47.22,custom,13.0,Sales headcount,commercial,Jordan Lee,jordan.lee@northwind.example,commercial,0,0,,0,1,0,1,0,0,0,2026-06-20,google_calendar,,https://sumble.com/orgs/liquibase,,,
1445682,Klu.ai,klu.ai,NW1445682,allocated,47.21,custom,0.0,Sales headcount,commercial,Elena Petrova,elena.petrova@northwind.example,commercial,0,0,,0,0,0,0,0,0,0,,,,https://sumble.com/orgs/klu-ai,,,
1482644,Supergood,supergood.ai,NW1482644,allocated,47.19,custom,0.0,Sales headcount,commercial,Sam Patel,sam.patel@northwind.example,commercial,0,0,,0,1,0,1,0,0,0,2026-07-24,google_calendar,,https://sumble.com/orgs/supergood-ai,,,
542335,Payslip,payslip.com,NW0542335,allocated,47.19,custom,7.0,Sales headcount,commercial,Sam Patel,sam.patel@northwind.example,commercial,0,0,,0,1,0,2,0,0,0,2026-06-22,google_calendar,,https://sumble.com/orgs/payslipsoftware,,,
1882625,Recurr,recurr.co,NW1882625,allocated,47.05,custom,0.0,Sales headcount,commercial,Aisha Bello,aisha.bello@northwind.example,commercial,0,0,,0,0,0,0,0,0,0,,,,https://sumble.com/orgs/recurr,,,
2755269,Firetiger,firetiger.com,NW2755269,allocated,47.03,custom,0.0,Sales headcount,commercial,Elena Petrova,elena.petrova@northwind.example,commercial,0,0,,0,0,0,0,0,0,0,,,,https://sumble.com/orgs/firetiger,,,
3171039,Wordflow,wordflow.ai,NW3171039,allocated,47.02,custom,0.0,Sales headcount,commercial,Aisha Bello,aisha.bello@northwind.example,commercial,0,0,,0,0,0,0,0,0,0,,,,https://sumble.com/orgs/wordflow-ai,,,
404846,Block 64,block64.com,NW0404846,allocated,46.99,custom,1.0,Sales headcount,commercial,Sam Patel,sam.patel@northwind.example,commercial,0,0,,0,0,0,0,0,0,0,,,,https://sumble.com/orgs/block-64-corporation,,,
976705,CloudForecast,cloudforecast.io,NW0976705,unallocated,46.99,custom,0.0,Sales headcount,commercial,,,,1,0,,0,0,0,0,0,0,0,,,,https://sumble.com/orgs/cloudforecast,Noah Schmidt,assign_unallocated,suggested
18750,Groq,groq.com,NW0018750,unallocated,46.97,custom,7.0,Sales headcount,commercial,,,,1,0,,0,0,0,0,0,0,0,,,,https://sumble.com/orgs/groq,Elena Petrova,assign_unallocated,suggested
2938694,Mocksi (sunset September 2025),mocksi.ai,NW2938694,allocated,46.94,custom,0.0,Sales headcount,commercial,Elena Petrova,elena.petrova@northwind.example,commercial,0,0,,0,0,0,0,0,0,0,,,,https://sumble.com/orgs/mocksi,,,
1053060,Fireworks AI,fireworks.ai,NW1053060,allocated,46.92,custom,11.0,Sales headcount,commercial,Aisha Bello,aisha.bello@northwind.example,commercial,0,0,,0,1,0,1,0,0,0,2026-07-24,google_calendar,,https://sumble.com/orgs/fireworks-ai,,,
40490,Pyramid Analytics,pyramidanalytics.com,NW0040490,unallocated,46.9,custom,23.0,Sales headcount,commercial,,,,1,0,,0,0,0,0,0,0,0,,,,https://sumble.com/orgs/pyramid,Ravi Menon,assign_unallocated,suggested
69200,SGNL,sgnl.ai,NW0069200,unallocated,46.9,custom,2.0,Sales headcount,commercial,,,,1,0,,0,0,0,0,0,0,0,,,,https://sumble.com/orgs/sgnl-ai,Sam Patel,assign_unallocated,suggested
386585,Clarify,clarify.nl,NW0386585,allocated,46.88,custom,0.0,Sales headcount,commercial,Ravi Menon,ravi.menon@northwind.example,commercial,0,0,,0,0,0,0,0,0,0,,,,https://sumble.com/orgs/clarify-6,,,
2693141,Powernaut,powernaut.io,NW2693141,unallocated,46.87,custom,0.0,Sales headcount,commercial,,,,1,0,,0,0,0,0,0,0,0,,,,https://sumble.com/orgs/powernaut,Diego Castro,assign_unallocated,suggested
73271,Anomalo,anomalo.com,NW0073271,allocated,46.87,custom,17.0,Sales headcount,commercial,Priya Nair,priya.nair@northwind.example,commercial,0,0,,0,1,0,2,0,0,0,2026-07-22,google_calendar,,https://sumble.com/orgs/anomalo,,,
1389081,WisdomAI,wisdom.ai,NW1389081,allocated,46.86,custom,15.0,Sales headcount,commercial,Priya Nair,priya.nair@northwind.example,commercial,0,0,,0,1,0,1,0,0,0,2026-07-17,google_calendar,,https://sumble.com/orgs/wisdomai,,,
1585310,ConformIQ,conformiq.com,NW1585310,allocated,46.86,custom,2.0,Sales headcount,commercial,Priya Nair,priya.nair@northwind.example,commercial,0,0,,0,1,0,1,0,0,0,2026-07-13,google_calendar,,https://sumble.com/orgs/conformiq,,,
977074,4Degrees,4degrees.ai,NW0977074,allocated,46.82,custom,1.0,Sales headcount,commercial,Maya Cohen,maya.cohen@northwind.example,commercial,0,0,,0,1,0,3,0,0,0,2026-07-06,google_calendar,,https://sumble.com/orgs/4degrees,,,
102431,Transect,transect.com,NW0102431,allocated,46.74,custom,4.0,Sales headcount,commercial,Jordan Lee,jordan.lee@northwind.example,commercial,0,0,,0,0,0,0,0,0,0,,,,https://sumble.com/orgs/transect,,,
434863,REDOPUS,redopus.fr,NW0434863,allocated,46.72,custom,3.0,Sales headcount,commercial,Alex Rivera,alex.rivera@northwind.example,commercial,0,0,,0,0,0,0,0,0,0,,,,https://sumble.com/orgs/redopus,,,
432539,Shakudo,shakudo.io,NW0432539,allocated,46.68,custom,2.0,Sales headcount,commercial,Maya Cohen,maya.cohen@northwind.example,commercial,0,0,,0,1,0,1,0,0,0,2026-07-05,google_calendar,,https://sumble.com/orgs/shakudo,,,
1668592,Workhelix,workhelix.com,NW1668592,allocated,46.62,custom,1.0,Sales headcount,commercial,Ravi Menon,ravi.menon@northwind.example,commercial,0,0,,0,1,0,3,0,0,0,2026-07-20,google_calendar,,https://sumble.com/orgs/workhelix,,,
472325,Darrow AI,darrow.ai,NW0472325,allocated,46.57,custom,1.0,Sales headcount,commercial,Alex Rivera,alex.rivera@northwind.example,commercial,0,0,,0,1,0,1,0,0,0,2026-07-25,google_calendar,,https://sumble.com/orgs/darrow,,,
1424477,Entri,entri.com,NW1424477,allocated,46.53,custom,6.0,Sales headcount,commercial,Priya Nair,priya.nair@northwind.example,commercial,0,0,,0,1,0,1,0,0,0,2026-07-14,google_calendar,,https://sumble.com/orgs/entri1,,,
33723,TigerGraph,tigergraph.com,NW0033723,allocated,46.51,custom,21.0,Sales headcount,commercial,Diego Castro,diego.castro@northwind.example,commercial,0,0,,0,1,0,2,0,0,0,2026-07-13,google_calendar,,https://sumble.com/orgs/tigergraph,,,
3042909,Traversal,traversal.com,NW3042909,customer,46.47,custom,8.0,Sales headcount,commercial,Jordan Lee,jordan.lee@northwind.example,commercial,0,0,,0,0,0,0,0,0,0,,,,https://sumble.com/orgs/traversal-ai,,,
1442362,Iteright,iteright.com,NW1442362,allocated,46.44,custom,0.0,Sales headcount,commercial,Diego Castro,diego.castro@northwind.example,commercial,0,0,,0,0,0,0,0,0,0,,,,https://sumble.com/orgs/iteright,,,
2901018,Logo.dev,logo.dev,NW2901018,unallocated,46.38,custom,0.0,Sales headcount,commercial,,,,1,0,,0,0,0,0,0,0,0,,,,https://sumble.com/orgs/logodotdev,Maya Cohen,assign_unallocated,suggested
544910,Stardog,stardog.com,NW0544910,allocated,46.38,custom,11.0,Sales headcount,commercial,Aisha Bello,aisha.bello@northwind.example,commercial,0,0,,0,0,0,0,0,0,0,,,,https://sumble.com/orgs/stardog-union,,,
1232749,VibeIQ,vibeiq.com,NW1232749,unallocated,46.35,custom,9.0,Sales headcount,commercial,,,,1,0,,0,0,0,0,0,0,0,,,,https://sumble.com/orgs/vibeiq,Aisha Bello,assign_unallocated,suggested
3243169,RevenueGenie,revenuegenie.in,NW3243169,allocated,46.34,custom,0.0,Sales headcount,commercial,Diego Castro,diego.castro@northwind.example,commercial,0,0,,0,1,0,2,0,0,0,2026-07-17,google_calendar,,https://sumble.com/orgs/revenuegenie,,,
42283,CodaMetrix,codametrix.com,NW0042283,allocated,46.22,custom,13.0,Sales headcount,commercial,Sam Patel,sam.patel@northwind.example,commercial,0,0,,0,0,0,0,0,0,0,,,,https://sumble.com/orgs/codametrix,,,
2253612,Find Recruitment,findrecruitment.co.nz,NW2253612,allocated,46.21,custom,0.0,Sales headcount,commercial,Ravi Menon,ravi.menon@northwind.example,commercial,0,0,,0,0,0,0,0,0,0,,,,https://sumble.com/orgs/find-recruitment,,,
514920,A.Team,a.team,NW0514920,unallocated,46.2,custom,6.0,Sales headcount,commercial,,,,1,0,,0,0,0,0,0,0,0,,,,https://sumble.com/orgs/ateams,Jordan Lee,assign_unallocated,suggested
541467,Material Security,material.security,NW0541467,allocated,46.19,custom,19.0,Sales headcount,commercial,Noah Schmidt,noah.schmidt@northwind.example,commercial,0,0,,0,0,0,0,0,0,0,,,,https://sumble.com/orgs/materialsecurity,,,
1040779,Docket,docketai.com,NW1040779,allocated,46.17,custom,3.0,Sales headcount,commercial,Priya Nair,priya.nair@northwind.example,commercial,0,0,,0,0,0,0,0,0,0,,,,https://sumble.com/orgs/docket,,,
978055,Qualytics,qualytics.ai,NW0978055,allocated,46.09,custom,7.0,Sales headcount,commercial,Alex Rivera,alex.rivera@northwind.example,commercial,0,0,,0,1,0,2,0,0,0,2026-07-23,google_calendar,,https://sumble.com/orgs/qualyticsinc,,,
182565,Axiom,axiom.co,NW0182565,allocated,46.06,custom,2.0,Sales headcount,commercial,Priya Nair,priya.nair@northwind.example,commercial,0,0,,0,0,0,0,0,0,0,,,,https://sumble.com/orgs/axiom-search,,,
2115959,Lovable,lovable.dev,NW2115959,allocated,46.05,custom,8.0,Sales headcount,commercial,Diego Castro,diego.castro@northwind.example,commercial,0,0,,0,1,0,3,0,0,0,2026-07-19,google_calendar,,https://sumble.com/orgs/lovable-dev,,,
69321,Pod,podfoods.co,NW0069321,unallocated,46.05,custom,5.0,Sales headcount,commercial,,,,1,0,,0,0,0,0,0,0,0,,,,https://sumble.com/orgs/pod-foods,Priya Nair,assign_unallocated,suggested
481071,Tonic.ai,tonic.ai,NW0481071,allocated,46.03,custom,9.0,Sales headcount,commercial,Diego Castro,diego.castro@northwind.example,commercial,0,0,,0,0,0,0,0,0,0,,,,https://sumble.com/orgs/tonic-ai,,,
1764166,Ciro,ciro.io,NW1764166,allocated,45.98,custom,0.0,Sales headcount,commercial,Sam Patel,sam.patel@northwind.example,commercial,0,0,,0,1,0,1,0,0,0,2026-07-26,google_calendar,,https://sumble.com/orgs/ciro-io,,,
30815,Karat,karat.com,NW0030815,allocated,45.93,custom,7.0,Sales headcount,commercial,Ravi Menon,ravi.menon@northwind.example,commercial,0,0,,0,0,0,0,0,0,0,,,,https://sumble.com/orgs/karat,,,
3719274,Felix,felix.so,NW3719274,unallocated,45.92,custom,0.0,Sales headcount,commercial,,,,1,0,,0,0,0,0,0,0,0,,,,https://sumble.com/orgs/tryfelix,Noah Schmidt,assign_unallocated,suggested
812042,Skyllful,skyllful.com,NW0812042,allocated,45.92,custom,3.0,Sales headcount,commercial,Maya Cohen,maya.cohen@northwind.example,commercial,0,0,,0,0,0,0,0,0,0,,,,https://sumble.com/orgs/skyllful,,,
1193110,Kloudle,kloudle.com,NW1193110,allocated,45.91,custom,0.0,Sales headcount,commercial,Sam Patel,sam.patel@northwind.example,commercial,0,0,,0,1,0,3,0,0,0,2026-06-20,google_calendar,,https://sumble.com/orgs/kloudle,,,
1585560,Contextual AI,contextual.ai,NW1585560,allocated,45.9,custom,2.0,Sales headcount,commercial,Noah Schmidt,noah.schmidt@northwind.example,commercial,0,0,,0,0,0,0,0,0,0,,,,https://sumble.com/orgs/contextualai,,,
108667,StarTree,startree.ai,NW0108667,allocated,45.83,custom,6.0,Sales headcount,commercial,Sam Patel,sam.patel@northwind.example,commercial,0,0,,0,1,0,2,0,0,0,2026-07-02,google_calendar,,https://sumble.com/orgs/startree,,,
3411219,Gitea,gitea.com,NW3411219,allocated,45.82,custom,0.0,Sales headcount,commercial,Aisha Bello,aisha.bello@northwind.example,commercial,0,0,,0,0,0,0,0,0,0,,,,https://sumble.com/orgs/gitea-org,,,
1487296,TollBit,tollbit.com,NW1487296,unallocated,45.81,custom,2.0,Sales headcount,commercial,,,,1,0,,0,0,0,0,0,0,0,,,,https://sumble.com/orgs/tollbit,Elena Petrova,assign_unallocated,suggested
643109,LocalStack,localstack.cloud,NW0643109,allocated,45.8,custom,9.0,Sales headcount,commercial,Aisha Bello,aisha.bello@northwind.example,commercial,0,0,,0,0,0,0,0,0,0,,,,https://sumble.com/orgs/localstack-cloud,,,
113741,Twingate,twingate.com,NW0113741,allocated,45.75,custom,13.0,Sales headcount,commercial,Maya Cohen,maya.cohen@northwind.example,commercial,0,0,,0,1,0,3,0,0,0,2026-07-24,google_calendar,,https://sumble.com/orgs/twingate,,,
2081540,Thoras.ai,thoras.ai,NW2081540,allocated,45.72,custom,1.0,Sales headcount,commercial,Noah Schmidt,noah.schmidt@northwind.example,commercial,0,0,,0,0,0,0,0,0,0,,,,https://sumble.com/orgs/thoras-ai,,,
1440609,InstaLILY AI,instalily.ai,NW1440609,allocated,45.71,custom,2.0,Sales headcount,commercial,Diego Castro,diego.castro@northwind.example,commercial,0,0,,0,0,0,0,0,0,0,,,,https://sumble.com/orgs/instalily,,,
974272,DWCC,dwcc.global,NW0974272,allocated,45.7,custom,17.0,Sales headcount,commercial,Maya Cohen,maya.cohen@northwind.example,commercial,0,0,,0,0,0,0,0,0,0,,,,https://sumble.com/orgs/dwcc,,,
2565540,Voltai,voltai.com,NW2565540,allocated,45.69,custom,0.0,Sales headcount,commercial,Diego Castro,diego.castro@northwind.example,commercial,0,0,,0,1,0,2,0,0,0,2026-07-30,google_calendar,,https://sumble.com/orgs/volt-ai-com,,,
568688,Webz.io,webz.io,NW0568688,allocated,45.69,custom,5.0,Sales headcount,commercial,Diego Castro,diego.castro@northwind.example,commercial,0,0,,0,0,0,0,0,0,0,,,,https://sumble.com/orgs/webhose-io,,,
978339,Cargo 🧱,getcargo.io,NW0978339,allocated,45.64,custom,0.0,Sales headcount,commercial,Aisha Bello,aisha.bello@northwind.example,commercial,0,0,,0,0,0,0,0,0,0,,,,https://sumble.com/orgs/cargo-hq,,,
1776673,Invert,invertbio.com,NW1776673,allocated,45.63,custom,4.0,Sales headcount,commercial,Jordan Lee,jordan.lee@northwind.example,commercial,0,0,,0,1,0,1,0,0,0,2026-07-11,google_calendar,,https://sumble.com/orgs/invertinc,,,
2448739,OccamsHub,occamshub.com,NW2448739,unallocated,45.6,custom,4.0,Sales headcount,commercial,,,,1,0,,0,0,0,0,0,0,0,,,,https://sumble.com/orgs/occamshub,Ravi Menon,assign_unallocated,suggested
969388,"Dymium, Inc",dymium.io,NW0969388,allocated,45.6,custom,1.0,Sales headcount,commercial,Priya Nair,priya.nair@northwind.example,commercial,0,0,,0,1,0,3,0,0,0,2026-07-24,google_calendar,,https://sumble.com/orgs/dymium-io,,,
3284180,"Via AI, Inc.",connectvia.ai,NW3284180,allocated,45.58,custom,0.0,Sales headcount,commercial,Noah Schmidt,noah.schmidt@northwind.example,commercial,0,0,,0,0,0,0,0,0,0,,,,https://sumble.com/orgs/connectvia-ai,,,
85855,Apiiro,apiiro.com,NW0085855,allocated,45.56,custom,9.0,Sales headcount,commercial,Diego Castro,diego.castro@northwind.example,commercial,0,0,,0,0,0,0,0,0,0,,,,https://sumble.com/orgs/apiiro,,,
1689581,Listen Labs,listenlabs.ai,NW1689581,allocated,45.47,custom,3.0,Sales headcount,commercial,Priya Nair,priya.nair@northwind.example,commercial,0,0,,0,0,0,0,0,0,0,,,,https://sumble.com/orgs/listenlabss,,,
1234053,Zap,zapbi.com,NW1234053,allocated,45.44,custom,9.0,Sales headcount,commercial,Sam Patel,sam.patel@northwind.example,commercial,0,0,,0,1,0,3,0,0,0,2026-07-29,google_calendar,,https://sumble.com/orgs/zapbi,,,
1395396,Ad Auris,adauris.ai,NW1395396,allocated,45.37,custom,0.0,Sales headcount,commercial,Elena Petrova,elena.petrova@northwind.example,commercial,0,0,,0,0,0,0,0,0,0,,,,https://sumble.com/orgs/adauris,,,
2436514,Spotlight.ai,spotlight.ai,NW2436514,allocated,45.32,custom,2.0,Sales headcount,commercial,Sam Patel,sam.patel@northwind.example,commercial,0,0,,0,1,0,3,0,0,0,2026-07-12,google_calendar,,https://sumble.com/orgs/spotlight-ai,,,
3085759,Intenti.co,intenti.co,NW3085759,unallocated,45.32,custom,1.0,Sales headcount,commercial,,,,1,0,,0,0,0,0,0,0,0,,,,https://sumble.com/orgs/intenti,Sam Patel,assign_unallocated,suggested
692034,Storylane,storylane.io,NW0692034,allocated,45.31,custom,3.0,Sales headcount,commercial,Priya Nair,priya.nair@northwind.example,commercial,0,0,,0,0,0,0,0,0,0,,,,https://sumble.com/orgs/storylane-io,,,
3225024,BuyerExperience,buyerexperience.io,NW3225024,allocated,45.29,custom,1.0,Sales headcount,commercial,Ravi Menon,ravi.menon@northwind.example,commercial,0,0,,0,0,0,0,0,0,0,,,,https://sumble.com/orgs/buyerexperience,,,
3618414,Overmind,overmindlab.ai,NW3618414,allocated,45.26,custom,0.0,Sales headcount,commercial,Maya Cohen,maya.cohen@northwind.example,commercial,0,0,,0,1,0,2,0,0,0,2026-07-09,google_calendar,,https://sumble.com/orgs/over-mind-ai,,,
976013,Lenses.io,lenses.io,NW0976013,allocated,45.2,custom,5.0,Sales headcount,commercial,Elena Petrova,elena.petrova@northwind.example,commercial,0,0,,0,0,0,0,0,0,0,,,,https://sumble.com/orgs/lensesio,,,
1481285,Stash,dev.stash.gg,NW1481285,allocated,45.19,custom,2.0,Sales headcount,commercial,Diego Castro,diego.castro@northwind.example,commercial,0,0,,0,1,0,2,0,0,0,2026-07-26,google_calendar,,https://sumble.com/orgs/stashgg,,,
1149471,Truckpedia,truckpedia.io,NW1149471,allocated,45.17,custom,0.0,Sales headcount,commercial,Maya Cohen,maya.cohen@northwind.example,commercial,0,0,,0,1,0,3,0,0,0,2026-07-29,google_calendar,,https://sumble.com/orgs/truckpedia,,,
22480,GitKraken,gitkraken.com,NW0022480,allocated,45.16,custom,1.0,Sales headcount,commercial,Jordan Lee,jordan.lee@northwind.example,commercial,0,0,,0,0,0,0,0,0,0,,,,https://sumble.com/orgs/gitkraken,,,
2595529,PieLabs Inc,pielabs.ai,NW2595529,allocated,45.14,custom,0.0,Sales headcount,commercial,Jordan Lee,jordan.lee@northwind.example,commercial,0,0,,0,0,0,0,0,0,0,,,,https://sumble.com/orgs/pielabs,,,
71042,Netlify,netlify.com,NW0071042,allocated,45.07,custom,13.0,Sales headcount,commercial,Jordan Lee,jordan.lee@northwind.example,commercial,0,0,,0,1,0,1,0,0,0,2026-07-22,google_calendar,,https://sumble.com/orgs/netlify,,,
751687,Dataplatr,dataplatr.com,NW0751687,allocated,45.07,custom,1.0,Sales headcount,commercial,Diego Castro,diego.castro@northwind.example,commercial,0,0,,0,1,0,3,0,0,0,2026-07-26,google_calendar,,https://sumble.com/orgs/dataplatrdfdf,,,
24118,Hubble.Build,hubble.build,NW0024118,allocated,45.03,custom,1.0,Sales headcount,commercial,Elena Petrova,elena.petrova@northwind.example,commercial,0,0,,0,0,0,0,0,0,0,,,,https://sumble.com/orgs/hubble-pte.-ltd.,,,
787988,RADICL,radicl.com,NW0787988,allocated,45.03,custom,12.0,Sales headcount,commercial,Aisha Bello,aisha.bello@northwind.example,commercial,0,0,,0,1,0,3,0,0,0,2026-07-30,google_calendar,,https://sumble.com/orgs/radicl-defense,,,
1177143,Cypris,cypris.ai,NW1177143,allocated,45.01,custom,11.0,Sales headcount,commercial,Ravi Menon,ravi.menon@northwind.example,commercial,0,0,,0,0,0,0,0,0,0,,,,https://sumble.com/orgs/cyprisai,,,
252853,Mintlify,mintlify.com,NW0252853,allocated,44.97,custom,7.0,Sales headcount,commercial,Elena Petrova,elena.petrova@northwind.example,commercial,0,0,,0,0,0,0,0,0,0,,,,https://sumble.com/orgs/mintlify,,,
469929,EngFlow,engflow.com,NW0469929,allocated,44.96,custom,5.0,Sales headcount,commercial,Maya Cohen,maya.cohen@northwind.example,commercial,0,0,,0,0,0,0,0,0,0,,,,https://sumble.com/orgs/engflow,,,
1860816,Cyft,cyft.ai,NW1860816,allocated,44.95,custom,0.0,Sales headcount,commercial,Sam Patel,sam.patel@northwind.example,commercial,0,0,,0,0,0,0,0,0,0,,,,https://sumble.com/orgs/cyftai,,,
3021861,Edra,edra.ai,NW3021861,allocated,44.92,custom,0.0,Sales headcount,commercial,Alex Rivera,alex.rivera@northwind.example,commercial,0,0,,0,0,0,0,0,0,0,,,,https://sumble.com/orgs/edra-ai,,,
396064,MEDDICC,meddicc.com,NW0396064,allocated,44.9,custom,6.0,Sales headcount,commercial,Aisha Bello,aisha.bello@northwind.example,commercial,0,0,,0,1,0,2,0,0,0,2026-07-03,google_calendar,,https://sumble.com/orgs/meddicc,,,
272643,Neovation Learning Solutions,neovation.com,NW0272643,customer,44.87,custom,5.0,Sales headcount,commercial,Sam Patel,sam.patel@northwind.example,commercial,0,0,,0,0,0,0,0,0,0,,,,https://sumble.com/orgs/neovation,,,
2615314,spago,withcustos.com,NW2615314,allocated,44.85,custom,0.0,Sales headcount,commercial,Diego Castro,diego.castro@northwind.example,commercial,0,0,,0,1,0,3,0,0,0,2026-07-17,google_calendar,,https://sumble.com/orgs/withcustos,,,
1491962,Veles,getveles.com,NW1491962,allocated,44.79,custom,0.0,Sales headcount,commercial,Aisha Bello,aisha.bello@northwind.example,commercial,0,0,,0,0,0,0,0,0,0,,,,https://sumble.com/orgs/velesinc,,,
2254150,For Good AI,forgood.ai,NW2254150,allocated,44.78,custom,0.0,Sales headcount,commercial,Sam Patel,sam.patel@northwind.example,commercial,0,0,,0,0,0,0,0,0,0,,,,https://sumble.com/orgs/for-good-ai,,,
99553,CoderPad,coderpad.io,NW0099553,allocated,44.78,custom,17.0,Sales headcount,commercial,Ravi Menon,ravi.menon@northwind.example,commercial,0,0,,0,1,0,2,0,0,0,2026-07-24,google_calendar,,https://sumble.com/orgs/coderpad,,,
29078,Clarifai,clarifai.com,NW0029078,unallocated,44.71,custom,5.0,Sales headcount,commercial,,,,1,0,,0,0,0,0,0,0,0,,,,https://sumble.com/orgs/clarifai,Maya Cohen,assign_unallocated,suggested
2505669,vly.ai (YC F24),vly.ai,NW2505669,unallocated,44.69,custom,0.0,Sales headcount,commercial,,,,1,0,,0,0,0,0,0,0,0,,,,https://sumble.com/orgs/vly-ai,Diego Castro,assign_unallocated,suggested
1427060,fal,fal.ai,NW1427060,allocated,44.68,custom,9.0,Sales headcount,commercial,Aisha Bello,aisha.bello@northwind.example,commercial,0,0,,0,1,0,1,0,0,0,2026-06-09,google_calendar,,https://sumble.com/orgs/features-and-labels,,,
173487,Userpilot,userpilot.com,NW0173487,allocated,44.68,custom,10.0,Sales headcount,commercial,Jordan Lee,jordan.lee@northwind.example,commercial,0,0,,0,0,0,0,0,0,0,,,,https://sumble.com/orgs/userpilot,,,
1280848,Dgraph Labs,dgraph.io,NW1280848,allocated,44.66,custom,0.0,Sales headcount,commercial,Noah Schmidt,noah.schmidt@northwind.example,commercial,0,0,,0,1,0,2,0,0,0,2026-06-25,google_calendar,,https://sumble.com/orgs/dgraph-labs,,,
2812796,Pixel One,pixelonelabs.com,NW2812796,unallocated,44.64,custom,0.0,Sales headcount,commercial,,,,1,0,,0,0,0,0,0,0,0,,,,https://sumble.com/orgs/pixelonelabs,Aisha Bello,assign_unallocated,suggested
283712,SafeBase,safebase.io,NW0283712,allocated,44.64,custom,3.0,Sales headcount,commercial,Maya Cohen,maya.cohen@northwind.example,commercial,0,0,,0,1,0,3,0,0,0,2026-07-19,google_calendar,,https://sumble.com/orgs/safebase,,,
3310707,Encour,encour.co,NW3310707,allocated,44.63,custom,0.0,Sales headcount,commercial,Maya Cohen,maya.cohen@northwind.example,commercial,0,0,,0,0,0,0,0,0,0,,,,https://sumble.com/orgs/encourco,,,
72232,UserGems 💎,usergems.com,NW0072232,unallocated,44.58,custom,16.0,Sales headcount,commercial,,,,1,0,,0,0,0,0,0,0,0,,,,https://sumble.com/orgs/usergems,Jordan Lee,assign_unallocated,suggested
661061,Unstructured,unstructured.io,NW0661061,allocated,44.53,custom,7.0,Sales headcount,commercial,Elena Petrova,elena.petrova@northwind.example,commercial,0,0,,0,1,0,1,0,0,0,2026-07-15,google_calendar,,https://sumble.com/orgs/unstructuredio,,,
2716762,Supertrace AI,supertrace.ai,NW2716762,allocated,44.51,custom,0.0,Sales headcount,commercial,Jordan Lee,jordan.lee@northwind.example,commercial,0,0,,0,1,0,3,0,0,0,2026-07-15,google_calendar,,https://sumble.com/orgs/supertraceai,,,
2029841,BotGauge AI,botgauge.com,NW2029841,unallocated,44.49,custom,0.0,Sales headcount,commercial,,,,1,0,,0,0,0,0,0,0,0,,,,https://sumble.com/orgs/botgauge,Priya Nair,assign_unallocated,suggested
978070,TitanX,titanx.io,NW0978070,unallocated,44.49,custom,9.0,Sales headcount,commercial,,,,1,0,,0,0,0,0,0,0,0,,,,https://sumble.com/orgs/titanx,Elena Petrova,assign_unallocated,suggested
1875795,Agreeable Data,agreeabledata.com,NW1875795,unallocated,44.48,custom,0.0,Sales headcount,commercial,,,,1,0,,0,0,0,0,0,0,0,,,,https://sumble.com/orgs/agreeable-data,Noah Schmidt,assign_unallocated,suggested
1518434,iorad,iorad.com,NW1518434,allocated,44.42,custom,4.0,Sales headcount,commercial,Aisha Bello,aisha.bello@northwind.example,commercial,0,0,,0,0,0,0,0,0,0,,,,https://sumble.com/orgs/iorad,,,
3241704,Piq Energy,piqenergy.com,NW3241704,allocated,44.42,custom,0.0,Sales headcount,commercial,Maya Cohen,maya.cohen@northwind.example,commercial,0,0,,0,1,0,1,0,0,0,2026-07-13,google_calendar,,https://sumble.com/orgs/piq-energy,,,
2607889,Bronto,bronto.io,NW2607889,unallocated,44.4,custom,5.0,Sales headcount,commercial,,,,1,0,,0,0,0,0,0,0,0,,,,https://sumble.com/orgs/brontohq,Ravi Menon,assign_unallocated,suggested
27165,Stytch,stytch.com,NW0027165,allocated,44.37,custom,0.0,Sales headcount,commercial,Elena Petrova,elena.petrova@northwind.example,commercial,0,0,,0,1,0,3,0,0,0,2026-07-02,google_calendar,,https://sumble.com/orgs/stytch,,,
2061760,Serval,serval.com,NW2061760,customer,44.28,custom,17.0,Sales headcount,commercial,Aisha Bello,aisha.bello@northwind.example,commercial,0,0,,0,0,0,0,0,0,0,,,,https://sumble.com/orgs/getserval,,,
769025,Preql AI,preql.com,NW0769025,allocated,44.24,custom,2.0,Sales headcount,commercial,Elena Petrova,elena.petrova@northwind.example,commercial,0,0,,0,1,0,3,0,0,0,2026-07-19,google_calendar,,https://sumble.com/orgs/preqldata,,,
261803,Goldsky,goldsky.com,NW0261803,allocated,44.21,custom,4.0,Sales headcount,commercial,Jordan Lee,jordan.lee@northwind.example,commercial,0,0,,0,1,0,1,0,0,0,2026-07-09,google_calendar,,https://sumble.com/orgs/goldsky,,,
31479,Catchpoint,catchpoint.com,NW0031479,allocated,44.19,custom,4.0,Sales headcount,commercial,Diego Castro,diego.castro@northwind.example,commercial,0,0,,0,0,0,0,0,0,0,,,,https://sumble.com/orgs/catchpoint,,,
689887,Novi,noviconnect.com,NW0689887,unallocated,44.15,custom,3.0,Sales headcount,commercial,,,,1,0,,0,0,0,0,0,0,0,,,,https://sumble.com/orgs/noviconnect,Sam Patel,assign_unallocated,suggested
3083116,Procense,procense.ai,NW3083116,allocated,44.11,custom,0.0,Sales headcount,commercial,Elena Petrova,elena.petrova@northwind.example,commercial,0,0,,0,0,0,0,0,0,0,,,,https://sumble.com/orgs/procense-ai,,,
636538,Keebo,keebo.ai,NW0636538,unallocated,44.1,custom,8.0,Sales headcount,commercial,,,,1,0,,0,0,0,0,0,0,0,,,,https://sumble.com/orgs/keebo,Maya Cohen,assign_unallocated,suggested
976324,Ocean Protocol,oceanprotocol.com,NW0976324,unallocated,44.09,custom,0.0,Sales headcount,commercial,,,,1,0,,0,0,0,0,0,0,0,,,,https://sumble.com/orgs/ocean-protocol,Diego Castro,assign_unallocated,suggested
79663,Keboola,keboola.com,NW0079663,unallocated,43.95,custom,7.0,Sales headcount,commercial,,,,1,0,,0,0,0,0,0,0,0,,,,https://sumble.com/orgs/keboola,Aisha Bello,assign_unallocated,suggested
1919217,OpenRouter,openrouter.ai,NW1919217,allocated,43.84,custom,5.0,Sales headcount,commercial,Elena Petrova,elena.petrova@northwind.example,commercial,0,0,,0,1,0,2,0,0,0,2026-07-27,google_calendar,,https://sumble.com/orgs/openrouter,,,
1425695,Evidently AI,evidentlyai.com,NW1425695,allocated,43.82,custom,0.0,Sales headcount,commercial,Elena Petrova,elena.petrova@northwind.example,commercial,0,0,,0,0,0,0,0,0,0,,,,https://sumble.com/orgs/evidently-ai,,,
335877,Qwilr,qwilr.com,NW0335877,allocated,43.76,custom,6.0,Sales headcount,commercial,Priya Nair,priya.nair@northwind.example,commercial,0,0,,0,0,0,0,0,0,0,,,,https://sumble.com/orgs/qwilr,,,
2401197,"Bedrock Knowledge, Inc.",thebedrock.co,NW2401197,allocated,43.74,custom,0.0,Sales headcount,commercial,Jordan Lee,jordan.lee@northwind.example,commercial,0,0,,0,0,0,0,0,0,0,,,,https://sumble.com/orgs/the-bedrock,,,
698131,VersionX,versionx.in,NW0698131,allocated,43.74,custom,4.0,Sales headcount,commercial,Priya Nair,priya.nair@northwind.example,commercial,0,0,,0,0,0,0,0,0,0,,,,https://sumble.com/orgs/versionx,,,
1107829,OpsMill,opsmill.com,NW1107829,allocated,43.73,custom,1.0,Sales headcount,commercial,Ravi Menon,ravi.menon@northwind.example,commercial,0,0,,0,0,0,0,0,0,0,,,,https://sumble.com/orgs/opsmill,,,
456911,Salted CX,salted.cx,NW0456911,unallocated,43.73,custom,0.0,Sales headcount,commercial,,,,1,0,,0,0,0,0,0,0,0,,,,https://sumble.com/orgs/salted-cx,Jordan Lee,assign_unallocated,suggested
2043415,i-Customer,icustomer.ai,NW2043415,allocated,43.69,custom,0.0,Sales headcount,commercial,Aisha Bello,aisha.bello@northwind.example,commercial,0,0,,0,0,0,0,0,0,0,,,,https://sumble.com/orgs/i-customer-ai,,,
738686,Dragonfly,dragonflydb.io,NW0738686,allocated,43.69,custom,1.0,Sales headcount,commercial,Maya Cohen,maya.cohen@northwind.example,commercial,0,0,,0,0,0,0,0,0,0,,,,https://sumble.com/orgs/dragonflydb,,,
3305035,Sideway.ai,sideway.ai,NW3305035,unallocated,43.63,custom,0.0,Sales headcount,commercial,,,,1,0,,0,0,0,0,0,0,0,,,,https://sumble.com/orgs/sideway-ai,Priya Nair,assign_unallocated,suggested
1621378,LlamaIndex,llamaindex.ai,NW1621378,unallocated,43.61,custom,7.0,Sales headcount,commercial,,,,1,0,,0,0,0,0,0,0,0,,,,https://sumble.com/orgs/llamaindex,Elena Petrova,assign_unallocated,suggested
1366486,SourceForge,sourceforge.net,NW1366486,allocated,43.58,custom,3.0,Sales headcount,commercial,Noah Schmidt,noah.schmidt@northwind.example,commercial,0,0,,0,0,0,0,0,0,0,,,,https://sumble.com/orgs/sourceforge-net,,,
1187147,HarboR Inteligência Industrial,harbor.com.br,NW1187147,allocated,43.55,custom,4.0,Sales headcount,commercial,Sam Patel,sam.patel@northwind.example,commercial,0,0,,0,0,0,0,0,0,0,,,,https://sumble.com/orgs/harbor-industrial,,,
977971,DemandOS,demandos.com,NW0977971,allocated,43.53,custom,0.0,Sales headcount,commercial,Maya Cohen,maya.cohen@northwind.example,commercial,0,0,,0,1,0,1,0,0,0,2026-07-29,google_calendar,,https://sumble.com/orgs/demandos,,,
531299,Posh,posh.ai,NW0531299,allocated,43.44,custom,5.0,Sales headcount,commercial,Priya Nair,priya.nair@northwind.example,commercial,0,0,,0,0,0,0,0,0,0,,,,https://sumble.com/orgs/posh-development,,,
2810765,Orchid Security,orchid.security,NW2810765,unallocated,43.4,custom,11.0,Sales headcount,commercial,,,,1,0,,0,0,0,0,0,0,0,,,,https://sumble.com/orgs/orchid-security,Noah Schmidt,assign_unallocated,suggested
2078845,Culminate,culminatesecurity.com,NW2078845,unallocated,43.38,custom,0.0,Sales headcount,commercial,,,,1,0,,0,0,0,0,0,0,0,,,,https://sumble.com/orgs/culminate-security,Ravi Menon,assign_unallocated,suggested
1218568,wai technologies,waiin.com,NW1218568,allocated,43.35,custom,3.0,Sales headcount,commercial,Noah Schmidt,noah.schmidt@northwind.example,commercial,0,0,,0,1,0,3,0,0,0,2026-06-20,google_calendar,,https://sumble.com/orgs/waitechnologies,,,
745293,Collate,getcollate.io,NW0745293,allocated,43.34,custom,12.0,Sales headcount,commercial,Priya Nair,priya.nair@northwind.example,commercial,0,0,,0,0,0,0,0,0,0,,,,https://sumble.com/orgs/collateinc,,,
1491686,Vapi,vapi.ai,NW1491686,allocated,43.31,custom,8.0,Sales headcount,commercial,Diego Castro,diego.castro@northwind.example,commercial,0,0,,0,1,0,3,0,0,0,2026-07-29,google_calendar,,https://sumble.com/orgs/vapi-ai,,,
567453,Gretel,gretel.ai,NW0567453,unallocated,43.31,custom,1.0,Sales headcount,commercial,,,,1,0,,0,0,0,0,0,0,0,,,,https://sumble.com/orgs/gretel,Sam Patel,assign_unallocated,suggested
3092674,Quome,quome.com,NW3092674,allocated,43.22,custom,1.0,Sales headcount,commercial,Diego Castro,diego.castro@northwind.example,commercial,0,0,,0,1,0,1,0,0,0,2026-07-04,google_calendar,,https://sumble.com/orgs/quome,,,
1257316,Axoniq,axoniq.io,NW1257316,allocated,43.19,custom,5.0,Sales headcount,commercial,Sam Patel,sam.patel@northwind.example,commercial,0,0,,0,1,0,3,0,0,0,2026-07-13,google_calendar,,https://sumble.com/orgs/axoniq,,,
638436,BIGVU,bigvu.tv,NW0638436,allocated,43.19,custom,2.0,Sales headcount,commercial,Noah Schmidt,noah.schmidt@northwind.example,commercial,0,0,,0,0,0,0,0,0,0,,,,https://sumble.com/orgs/bigvu,,,
316064,Frontegg,frontegg.com,NW0316064,allocated,43.12,custom,4.0,Sales headcount,commercial,Ravi Menon,ravi.menon@northwind.example,commercial,0,0,,0,1,0,2,0,0,0,2026-07-17,google_calendar,,https://sumble.com/orgs/frontegg,,,
24464,JupiterOne,jupiterone.com,NW0024464,allocated,43.1,custom,3.0,Sales headcount,commercial,Ravi Menon,ravi.menon@northwind.example,commercial,0,0,,0,0,0,0,0,0,0,,,,https://sumble.com/orgs/jupiterone,,,
371520,Zoho Corporation Pte. Ltd.,zohocorp.com,NW0371520,unallocated,43.0,custom,0.0,Sales headcount,commercial,,,,1,0,,0,0,0,0,0,0,0,,,,https://sumble.com/orgs/zoho-corporation-pte.-ltd.-1,Maya Cohen,assign_unallocated,suggested
1818146,FUZE Technology,fuzetechnology.com,NW1818146,allocated,42.89,custom,9.0,Sales headcount,commercial,Maya Cohen,maya.cohen@northwind.example,commercial,0,0,,0,0,0,0,0,0,0,,,,https://sumble.com/orgs/fuzeco,,,
729331,Autone,autone.io,NW0729331,allocated,42.88,custom,3.0,Sales headcount,commercial,Priya Nair,priya.nair@northwind.example,commercial,0,0,,0,0,0,0,0,0,0,,,,https://sumble.com/orgs/autoneautone,,,
1009149,Artisan,artisan.co,NW1009149,allocated,42.87,custom,6.0,Sales headcount,commercial,Sam Patel,sam.patel@northwind.example,commercial,0,0,,0,0,0,0,0,0,0,,,,https://sumble.com/orgs/artisanai,,,
3406712,Waterlilly,waterlilly.text.com,NW3406712,allocated,42.74,custom,0.0,Sales headcount,commercial,Diego Castro,diego.castro@northwind.example,commercial,0,0,,0,0,0,0,0,0,0,,,,https://sumble.com/orgs/waterlilly,,,
1437688,Hypernatural,hypernatural.ai,NW1437688,allocated,42.71,custom,0.0,Sales headcount,commercial,Jordan Lee,jordan.lee@northwind.example,commercial,0,0,,0,1,0,1,0,0,0,2026-07-07,google_calendar,,https://sumble.com/orgs/hypernaturalai,,,
2775238,Vayu,withvayu.com,NW2775238,allocated,42.65,custom,3.0,Sales headcount,commercial,Aisha Bello,aisha.bello@northwind.example,commercial,0,0,,0,1,0,1,0,0,0,2026-07-20,google_calendar,,https://sumble.com/orgs/withvayu,,,
3719259,Whirl AI,whirlai.com,NW3719259,allocated,42.56,custom,0.0,Sales headcount,commercial,Maya Cohen,maya.cohen@northwind.example,commercial,0,0,,0,0,0,0,0,0,0,,,,https://sumble.com/orgs/whirl-ai,,,
3695357,AdvisoryHub,advisoryhub.com,NW3695357,allocated,42.53,custom,0.0,Sales headcount,commercial,Diego Castro,diego.castro@northwind.example,commercial,0,0,,0,0,0,0,0,0,0,,,,https://sumble.com/orgs/advisoryhub,,,
3178135,Funnel Fires,funnelfires.com,NW3178135,allocated,42.51,custom,0.0,Sales headcount,commercial,Alex Rivera,alex.rivera@northwind.example,commercial,0,0,,0,1,0,3,0,0,0,2026-07-14,google_calendar,,https://sumble.com/orgs/funnel-fires,,,
605801,Malga,malga.io,NW0605801,allocated,42.45,custom,5.0,Sales headcount,commercial,Alex Rivera,alex.rivera@northwind.example,commercial,0,0,,0,0,0,0,0,0,0,,,,https://sumble.com/orgs/plugpagamentos,,,
1758172,Alice&Bob.Company,aliceandbob.company,NW1758172,allocated,42.42,custom,2.0,Sales headcount,commercial,Maya Cohen,maya.cohen@northwind.example,commercial,0,0,,0,0,0,0,0,0,0,,,,https://sumble.com/orgs/alice-and-bob,,,
1478363,Slingr,slingr.io,NW1478363,allocated,42.37,custom,2.0,Sales headcount,commercial,Jordan Lee,jordan.lee@northwind.example,commercial,0,0,,0,1,0,2,0,0,0,2026-07-21,google_calendar,,https://sumble.com/orgs/slingr-io,,,
3296020,Watt,wattdata.ai,NW3296020,allocated,42.32,custom,0.0,Sales headcount,commercial,Noah Schmidt,noah.schmidt@northwind.example,commercial,0,0,,0,1,0,1,0,0,0,2026-07-14,google_calendar,,https://sumble.com/orgs/watt-data,,,
1662186,Twain,twain.ai,NW1662186,unallocated,42.31,custom,0.0,Sales headcount,commercial,,,,1,0,,0,0,0,0,0,0,0,,,,https://sumble.com/orgs/usetwain,Diego Castro,assign_unallocated,suggested
51397,Iterative,datachain.ai,NW0051397,allocated,42.25,custom,0.0,Sales headcount,commercial,Maya Cohen,maya.cohen@northwind.example,commercial,0,0,,0,1,0,2,0,0,0,2026-07-19,google_calendar,,https://sumble.com/orgs/iterative,,,
64344,Gruntwork,gruntwork.io,NW0064344,allocated,42.11,custom,4.0,Sales headcount,commercial,Aisha Bello,aisha.bello@northwind.example,commercial,0,0,,0,1,0,3,0,0,0,2026-07-24,google_calendar,,https://sumble.com/orgs/gruntwork,,,
167624,Northflank,northflank.com,NW0167624,allocated,42.05,custom,1.0,Sales headcount,commercial,Diego Castro,diego.castro@northwind.example,commercial,0,0,,0,1,0,3,0,0,0,2026-07-30,google_calendar,,https://sumble.com/orgs/northflank,,,
84096,Reforge,reforge.com,NW0084096,unallocated,42.05,custom,1.0,Sales headcount,commercial,,,,1,0,,0,0,0,0,0,0,0,,,,https://sumble.com/orgs/reforge,Aisha Bello,assign_unallocated,suggested
1007897,ARBO Consulting,arbo.ai,NW1007897,unallocated,42.04,custom,2.0,Sales headcount,commercial,,,,1,0,,0,0,0,0,0,0,0,,,,https://sumble.com/orgs/arbo-consulting,Jordan Lee,assign_unallocated,suggested
1189249,Findings,findings.co,NW1189249,allocated,42.03,custom,1.0,Sales headcount,commercial,Elena Petrova,elena.petrova@northwind.example,commercial,0,0,,0,0,0,0,0,0,0,,,,https://sumble.com/orgs/idrra,,,
176440,Actuate,actuateiot.com,NW0176440,unallocated,42.03,custom,3.0,Sales headcount,commercial,,,,1,0,,0,0,0,0,0,0,0,,,,https://sumble.com/orgs/actuate-facility-technologies,Priya Nair,assign_unallocated,suggested
529776,Abstracta,abstracta.us,NW0529776,allocated,42.02,custom,4.0,Sales headcount,commercial,Maya Cohen,maya.cohen@northwind.example,commercial,0,0,,0,0,0,0,0,0,0,,,,https://sumble.com/orgs/abstracta,,,
1157879,"LIFT Agency, Inc.",liftagency.co,NW1157879,allocated,41.87,custom,8.0,Sales headcount,commercial,Elena Petrova,elena.petrova@northwind.example,commercial,0,0,,0,0,0,0,0,0,0,,,,https://sumble.com/orgs/weareliftagency,,,
1271657,CloverDX,cloverdx.com,NW1271657,unallocated,41.84,custom,9.0,Sales headcount,commercial,,,,1,0,,0,0,0,0,0,0,0,,,,https://sumble.com/orgs/cloverdx,Noah Schmidt,assign_unallocated,suggested
1005906,Amnic,amnic.com,NW1005906,unallocated,41.83,custom,1.0,Sales headcount,commercial,,,,1,0,,0,0,0,0,0,0,0,,,,https://sumble.com/orgs/amnic,Elena Petrova,assign_unallocated,suggested
2445067,CALSOFT PRIVATE LIMITED,calsoftinc.com,NW2445067,unallocated,41.82,custom,0.0,Sales headcount,commercial,,,,1,0,,0,0,0,0,0,0,0,,,,https://sumble.com/orgs/cal-soft-inc-com,Ravi Menon,assign_unallocated,suggested
89448,Flybits,flybits.com,NW0089448,unallocated,41.79,custom,2.0,Sales headcount,commercial,,,,1,0,,0,0,0,0,0,0,0,,,,https://sumble.com/orgs/flybits,Sam Patel,assign_unallocated,suggested
2398142,SignalFire,signalfire.com,NW2398142,allocated,41.68,custom,2.0,Sales headcount,commercial,Aisha Bello,aisha.bello@northwind.example,commercial,0,0,,0,1,0,1,0,0,0,2026-07-04,google_calendar,,https://sumble.com/orgs/signal-fire-com,,,
2929671,Covent,joincovent.com,NW2929671,allocated,41.68,custom,0.0,Sales headcount,commercial,Maya Cohen,maya.cohen@northwind.example,commercial,0,0,,0,0,0,0,0,0,0,,,,https://sumble.com/orgs/joincovent,,,
1481588,Stitchflow,stitchflow.io,NW1481588,customer,41.67,custom,1.0,Sales headcount,commercial,Diego Castro,diego.castro@northwind.example,commercial,0,0,,0,1,0,1,0,0,0,2026-06-30,google_calendar,,https://sumble.com/orgs/stitchflowhq,,,
1236459,Tehama Technologies,tehama.io,NW1236459,allocated,41.65,custom,2.0,Sales headcount,commercial,Noah Schmidt,noah.schmidt@northwind.example,commercial,0,0,,0,0,0,0,0,0,0,,,,https://sumble.com/orgs/tehama,,,
1421748,Dystr,dystr.com,NW1421748,allocated,41.58,custom,0.0,Sales headcount,commercial,Aisha Bello,aisha.bello@northwind.example,commercial,0,0,,0,0,0,0,0,0,0,,,,https://sumble.com/orgs/dystr,,,
21769,Mendel.ai,mendel.ai,NW0021769,allocated,41.49,custom,1.0,Sales headcount,commercial,Priya Nair,priya.nair@northwind.example,commercial,0,0,,0,0,0,0,0,0,0,,,,https://sumble.com/orgs/mendel,,,
903592,Infisical,infisical.com,NW0903592,allocated,41.49,custom,4.0,Sales headcount,commercial,Diego Castro,diego.castro@northwind.example,commercial,0,0,,0,1,0,1,0,0,0,2026-06-18,google_calendar,,https://sumble.com/orgs/infisical,,,
3104737,Asset Language,assetlang.com,NW3104737,allocated,41.48,custom,0.0,Sales headcount,commercial,Maya Cohen,maya.cohen@northwind.example,commercial,0,0,,0,1,0,2,0,0,0,2026-07-04,google_calendar,,https://sumble.com/orgs/asset-language,,,
2046699,Respan,keywordsai.co,NW2046699,allocated,41.47,custom,0.0,Sales headcount,commercial,Jordan Lee,jordan.lee@northwind.example,commercial,0,0,,0,0,0,0,0,0,0,,,,https://sumble.com/orgs/keywordsai,,,
565853,Everstake,everstake.one,NW0565853,allocated,41.42,custom,0.0,Sales headcount,commercial,Maya Cohen,maya.cohen@northwind.example,commercial,0,0,,0,0,0,0,0,0,0,,,,https://sumble.com/orgs/everstakeofficial,,,
438610,Crux,cruxdata.com,NW0438610,allocated,41.37,custom,2.0,Sales headcount,commercial,Ravi Menon,ravi.menon@northwind.example,commercial,0,0,,0,0,0,0,0,0,0,,,,https://sumble.com/orgs/crux,,,
99154,AMAGI | Global Technology Consultancy,amagi.io,NW0099154,customer,41.31,custom,0.0,Sales headcount,commercial,Jordan Lee,jordan.lee@northwind.example,commercial,0,0,,0,1,0,1,0,0,0,2026-06-19,google_calendar,,https://sumble.com/orgs/amagi,,,
629983,Select Star,selectstar.com,NW0629983,allocated,41.29,custom,1.0,Sales headcount,commercial,Maya Cohen,maya.cohen@northwind.example,commercial,0,0,,0,1,0,1,0,0,0,2026-06-28,google_calendar,,https://sumble.com/orgs/selectstarhq,,,
421352,Webai,webai.com,NW0421352,allocated,41.28,custom,0.0,Sales headcount,commercial,Diego Castro,diego.castro@northwind.example,commercial,0,0,,0,0,0,0,0,0,0,,,,https://sumble.com/orgs/webai,,,
2649102,Scale Fast,scalefast.fr,NW2649102,allocated,41.25,custom,4.0,Sales headcount,commercial,Maya Cohen,maya.cohen@northwind.example,commercial,0,0,,0,0,0,0,0,0,0,,,,https://sumble.com/orgs/scale-fast,,,
80125,Acerta,acerta.ai,NW0080125,allocated,41.25,custom,3.0,Sales headcount,commercial,Noah Schmidt,noah.schmidt@northwind.example,commercial,0,0,,0,0,0,0,0,0,0,,,,https://sumble.com/orgs/acerta-analytics-solutions,,,
1031163,Commugen,cyber.commugen.com,NW1031163,allocated,41.24,custom,5.0,Sales headcount,commercial,Noah Schmidt,noah.schmidt@northwind.example,commercial,0,0,,0,0,0,0,0,0,0,,,,https://sumble.com/orgs/commugen,,,
1242337,SunnyData,sunnydata.ai,NW1242337,unallocated,41.2,custom,3.0,Sales headcount,commercial,,,,1,0,,0,0,0,0,0,0,0,,,,https://sumble.com/orgs/sunnydata,Aisha Bello,assign_unallocated,suggested
114157,Cube,cube.dev,NW0114157,allocated,41.16,custom,9.0,Sales headcount,commercial,Maya Cohen,maya.cohen@northwind.example,commercial,0,0,,0,0,0,0,0,0,0,,,,https://sumble.com/orgs/cube-dev,,,
2359645,realfast,realfast.ai,NW2359645,unallocated,41.16,custom,1.0,Sales headcount,commercial,,,,1,0,,0,0,0,0,0,0,0,,,,https://sumble.com/orgs/realfast-ai,Diego Castro,assign_unallocated,suggested
48785,Robin,robinpowered.com,NW0048785,allocated,41.16,custom,5.0,Sales headcount,commercial,Ravi Menon,ravi.menon@northwind.example,commercial,0,0,,0,1,0,1,0,0,0,2026-07-06,google_calendar,,https://sumble.com/orgs/robin-powered,,,
2612292,Mycroft,mycroft.io,NW2612292,unallocated,41.06,custom,1.0,Sales headcount,commercial,,,,1,0,,0,0,0,0,0,0,0,,,,https://sumble.com/orgs/mycroft-tech,Maya Cohen,assign_unallocated,suggested
1800709,WarpBuild,warpbuild.com,NW1800709,unallocated,41.05,custom,0.0,Sales headcount,commercial,,,,1,0,,0,0,0,0,0,0,0,,,,https://sumble.com/orgs/warpbuild,Jordan Lee,assign_unallocated,suggested
2977459,PriceSmith,pricesmith.com,NW2977459,unallocated,41.04,custom,0.0,Sales headcount,commercial,,,,1,0,,0,0,0,0,0,0,0,,,,https://sumble.com/orgs/pricesmith,Priya Nair,assign_unallocated,suggested
563283,Inworld AI,inworld.ai,NW0563283,allocated,41.04,custom,0.0,Sales headcount,commercial,Aisha Bello,aisha.bello@northwind.example,commercial,0,0,,0,1,0,1,0,0,0,2026-07-12,google_calendar,,https://sumble.com/orgs/inworld-ai,,,
231138,Dakota Analytics Inc.,dakotaanalytics.com,NW0231138,unallocated,41.01,custom,0.0,Sales headcount,commercial,,,,1,0,,0,0,0,0,0,0,0,,,,https://sumble.com/orgs/dakota-analytics,Noah Schmidt,assign_unallocated,suggested
1895381,krea.ai,krea.ai,NW1895381,allocated,41.0,custom,3.0,Sales headcount,commercial,Jordan Lee,jordan.lee@northwind.example,commercial,0,0,,0,0,0,0,0,0,0,,,,https://sumble.com/orgs/krea-ai,,,
2438787,Pancake,getbasalt.ai,NW2438787,allocated,40.97,custom,0.0,Sales headcount,commercial,Aisha Bello,aisha.bello@northwind.example,commercial,0,0,,0,1,0,1,0,0,0,2026-07-08,google_calendar,,https://sumble.com/orgs/basalt-ai,,,
1871590,SimpleLogin,simplelogin.io,NW1871590,unallocated,40.96,custom,0.0,Sales headcount,commercial,,,,1,0,,0,0,0,0,0,0,0,,,,https://sumble.com/orgs/simple-login,Elena Petrova,assign_unallocated,suggested
24312,Unusual Ventures,unusual.vc,NW0024312,allocated,40.87,custom,1.0,Sales headcount,commercial,Ravi Menon,ravi.menon@northwind.example,commercial,0,0,,0,0,0,0,0,0,0,,,,https://sumble.com/orgs/unusual-ventures,,,
1459365,Nixtla,nixtla.io,NW1459365,allocated,40.85,custom,7.0,Sales headcount,commercial,Sam Patel,sam.patel@northwind.example,commercial,0,0,,0,1,0,1,0,0,0,2026-06-20,google_calendar,,https://sumble.com/orgs/nixtlainc,,,
1053788,Flight Creative Group,flightcg.com,NW1053788,allocated,40.82,custom,0.0,Sales headcount,commercial,Jordan Lee,jordan.lee@northwind.example,commercial,0,0,,0,1,0,3,0,0,0,2026-07-20,google_calendar,,https://sumble.com/orgs/flight-creative-group,,,
140607,Neon Postgres,neon.tech,NW0140607,allocated,40.75,custom,0.0,Sales headcount,commercial,Maya Cohen,maya.cohen@northwind.example,commercial,0,0,,0,1,0,2,0,0,0,2026-07-14,google_calendar,,https://sumble.com/orgs/neon,,,
354652,Wonder (AskWonder.com),askwonder.com,NW0354652,unallocated,40.71,custom,0.0,Sales headcount,commercial,,,,1,0,,0,0,0,0,0,0,0,,,,https://sumble.com/orgs/ingente,Ravi Menon,assign_unallocated,suggested
1454924,Modal,modal.com,NW1454924,customer,40.61,custom,2.0,Sales headcount,commercial,Jordan Lee,jordan.lee@northwind.example,commercial,0,0,,0,0,0,0,0,0,0,,,,https://sumble.com/orgs/modal-labs,,,
912675,Leo AI,getleo.ai,NW0912675,allocated,40.58,custom,2.0,Sales headcount,commercial,Jordan Lee,jordan.lee@northwind.example,commercial,0,0,,0,1,0,2,0,0,0,2026-07-05,google_calendar,,https://sumble.com/orgs/leoai,,,
574252,Tinybird,tinybird.co,NW0574252,allocated,40.54,custom,2.0,Sales headcount,commercial,Noah Schmidt,noah.schmidt@northwind.example,commercial,0,0,,0,0,0,0,0,0,0,,,,https://sumble.com/orgs/tinybird,,,
1237200,Telmai,telm.ai,NW1237200,allocated,40.4,custom,1.0,Sales headcount,commercial,Jordan Lee,jordan.lee@northwind.example,commercial,0,0,,0,1,0,2,0,0,0,2026-07-09,google_calendar,,https://sumble.com/orgs/telmai,,,
637008,Default,default.com,NW0637008,allocated,40.3,custom,3.0,Sales headcount,commercial,Priya Nair,priya.nair@northwind.example,commercial,0,0,,0,0,0,0,0,0,0,,,,https://sumble.com/orgs/parkbot,,,
953367,Ad Momenta,admomenta.com,NW0953367,allocated,40.28,custom,1.0,Sales headcount,commercial,Jordan Lee,jordan.lee@northwind.example,commercial,0,0,,0,0,0,0,0,0,0,,,,https://sumble.com/orgs/admomenta,,,
1365448,Softdrive,softdrive.co,NW1365448,allocated,40.27,custom,0.0,Sales headcount,commercial,Elena Petrova,elena.petrova@northwind.example,commercial,0,0,,0,0,0,0,0,0,0,,,,https://sumble.com/orgs/softdrivecloud,,,
972209,"Dirac, Inc.",diracinc.com,NW0972209,allocated,40.27,custom,3.0,Sales headcount,commercial,Priya Nair,priya.nair@northwind.example,commercial,0,0,,0,0,0,0,0,0,0,,,,https://sumble.com/orgs/diracq,,,
1475786,Sema4.ai,sema4.ai,NW1475786,allocated,40.26,custom,4.0,Sales headcount,commercial,Ravi Menon,ravi.menon@northwind.example,commercial,0,0,,0,1,0,1,0,0,0,2026-07-11,google_calendar,,https://sumble.com/orgs/sema4-ai,,,
1352767,RavenTrack,raventrack.com,NW1352767,unallocated,40.24,custom,1.0,Sales headcount,commercial,,,,1,0,,0,0,0,0,0,0,0,,,,https://sumble.com/orgs/raventrack,Sam Patel,assign_unallocated,suggested
610617,Voucherify,voucherify.io,NW0610617,unallocated,40.14,custom,4.0,Sales headcount,commercial,,,,1,0,,0,0,0,0,0,0,0,,,,https://sumble.com/orgs/voucherifyio,Aisha Bello,assign_unallocated,suggested
1079146,Julep AI,julep.ai,NW1079146,allocated,40.07,custom,0.0,Sales headcount,commercial,Priya Nair,priya.nair@northwind.example,commercial,0,0,,0,0,0,0,0,0,0,,,,https://sumble.com/orgs/julep-ai,,,
50481,Ombud,ombud.com,NW0050481,allocated,40.01,custom,2.0,Sales headcount,commercial,Maya Cohen,maya.cohen@northwind.example,commercial,0,0,,0,0,0,0,0,0,0,,,,https://sumble.com/orgs/ombud,,,
1160868,WunderGraph,wundergraph.com,NW1160868,allocated,39.97,custom,5.0,Sales headcount,commercial,Jordan Lee,jordan.lee@northwind.example,commercial,0,0,,0,1,0,2,0,0,0,2026-07-27,google_calendar,,https://sumble.com/orgs/wundergraph,,,
2409615,Amotion AI,amotion.ai,NW2409615,allocated,39.97,custom,0.0,Sales headcount,commercial,Sam Patel,sam.patel@northwind.example,commercial,0,0,,0,1,0,1,0,0,0,2026-07-20,google_calendar,,https://sumble.com/orgs/amotion-ai,,,
1490746,Unthread,unthread.io,NW1490746,allocated,39.95,custom,3.0,Sales headcount,commercial,Jordan Lee,jordan.lee@northwind.example,commercial,0,0,,0,1,0,3,0,0,0,2026-07-23,google_calendar,,https://sumble.com/orgs/unthreadio,,,
1193587,IBM Kubecost,kubecost.com,NW1193587,allocated,39.92,custom,1.0,Sales headcount,commercial,Noah Schmidt,noah.schmidt@northwind.example,commercial,0,0,,0,0,0,0,0,0,0,,,,https://sumble.com/orgs/kubecost,,,
543705,Redpoint,redpoint.com,NW0543705,allocated,39.92,custom,0.0,Sales headcount,commercial,Ravi Menon,ravi.menon@northwind.example,commercial,0,0,,0,1,0,3,0,0,0,2026-07-26,google_calendar,,https://sumble.com/orgs/redpointventures,,,
152599,Knorish | Edbound AI,knorish.com,NW0152599,allocated,39.79,custom,1.0,Sales headcount,commercial,Noah Schmidt,noah.schmidt@northwind.example,commercial,0,0,,0,0,0,0,0,0,0,,,,https://sumble.com/orgs/knorish,,,
797377,"ProcureTech, now part of ORO Labs",procuretech.ai,NW0797377,allocated,39.78,custom,0.0,Sales headcount,commercial,Sam Patel,sam.patel@northwind.example,commercial,0,0,,0,1,0,1,0,0,0,2026-06-24,google_calendar,,https://sumble.com/orgs/procure-tech,,,
3318570,Propensify,propensify.io,NW3318570,unallocated,39.77,custom,0.0,Sales headcount,commercial,,,,1,0,,0,0,0,0,0,0,0,,,,https://sumble.com/orgs/propensify,Diego Castro,assign_unallocated,suggested
325970,Clarity Security Corp,claritysecurity.com,NW0325970,allocated,39.76,custom,0.0,Sales headcount,commercial,Elena Petrova,elena.petrova@northwind.example,commercial,0,0,,0,0,0,0,0,0,0,,,,https://sumble.com/orgs/clarity-security,,,
2848964,AMT,amt.ai,NW2848964,allocated,39.75,custom,2.0,Sales headcount,commercial,Maya Cohen,maya.cohen@northwind.example,commercial,0,0,,0,0,0,0,0,0,0,,,,https://sumble.com/orgs/autonomous-marketing-team,,,
146783,BaffleSol Technologies Pvt. Ltd.,bafflesol.com,NW0146783,allocated,39.68,custom,0.0,Sales headcount,commercial,Ravi Menon,ravi.menon@northwind.example,commercial,0,0,,0,0,0,0,0,0,0,,,,https://sumble.com/orgs/bafflesol-technologies,,,
61273,Servian,servian.com,NW0061273,allocated,39.68,custom,0.0,Sales headcount,commercial,Sam Patel,sam.patel@northwind.example,commercial,0,0,,0,1,0,1,0,0,0,2026-06-26,google_calendar,,https://sumble.com/orgs/servian,,,
1368836,Stetig Consulting Private Limited,stetig.in,NW1368836,allocated,39.65,custom,1.0,Sales headcount,commercial,Priya Nair,priya.nair@northwind.example,commercial,0,0,,0,0,0,0,0,0,0,,,,https://sumble.com/orgs/stetig-consulting,,,
3336761,"Aletyx, Inc.",aletyx.ai,NW3336761,allocated,39.64,custom,1.0,Sales headcount,commercial,Noah Schmidt,noah.schmidt@northwind.example,commercial,0,0,,0,0,0,0,0,0,0,,,,https://sumble.com/orgs/aletyx,,,
2132549,Myko AI,myko.ai,NW2132549,allocated,39.55,custom,0.0,Sales headcount,commercial,Maya Cohen,maya.cohen@northwind.example,commercial,0,0,,0,1,0,1,0,0,0,2026-07-11,google_calendar,,https://sumble.com/orgs/myko-ai,,,
577892,Styra,styra.com,NW0577892,unallocated,39.53,custom,0.0,Sales headcount,commercial,,,,1,0,,0,0,0,0,0,0,0,,,,https://sumble.com/orgs/styra,Maya Cohen,assign_unallocated,suggested
978100,LeadMagic,leadmagic.io,NW0978100,allocated,39.42,custom,0.0,Sales headcount,commercial,Sam Patel,sam.patel@northwind.example,commercial,0,0,,0,0,0,0,0,0,0,,,,https://sumble.com/orgs/leadmagichq,,,
3176082,Tempo,tempo.xyz,NW3176082,allocated,39.4,custom,2.0,Sales headcount,commercial,Sam Patel,sam.patel@northwind.example,commercial,0,0,,0,0,0,0,0,0,0,,,,https://sumble.com/orgs/tempoxyz,,,
868884,Signadot,signadot.com,NW0868884,allocated,39.36,custom,0.0,Sales headcount,commercial,Maya Cohen,maya.cohen@northwind.example,commercial,0,0,,0,0,0,0,0,0,0,,,,https://sumble.com/orgs/signadot,,,
40680,FireHydrant,firehydrant.com,NW0040680,allocated,39.34,custom,7.0,Sales headcount,commercial,Noah Schmidt,noah.schmidt@northwind.example,commercial,0,0,,0,0,0,0,0,0,0,,,,https://sumble.com/orgs/firehydrant,,,
773026,Lightdash,lightdash.com,NW0773026,allocated,39.29,custom,0.0,Sales headcount,commercial,Jordan Lee,jordan.lee@northwind.example,commercial,0,0,,0,1,0,1,0,0,0,2026-07-17,google_calendar,,https://sumble.com/orgs/hubbletechnology,,,
30359,data.world,data.world,NW0030359,allocated,39.26,custom,4.0,Sales headcount,commercial,Diego Castro,diego.castro@northwind.example,commercial,0,0,,0,0,0,0,0,0,0,,,,https://sumble.com/orgs/data.world,,,
2540759,llmda Inc,llmda.ai,NW2540759,unallocated,39.25,custom,0.0,Sales headcount,commercial,,,,1,0,,0,0,0,0,0,0,0,,,,https://sumble.com/orgs/llmda,Jordan Lee,assign_unallocated,suggested
780885,Tenon,tenonhq.com,NW0780885,allocated,39.21,custom,4.0,Sales headcount,commercial,Ravi Menon,ravi.menon@northwind.example,commercial,0,0,,0,1,0,2,0,0,0,2026-06-17,google_calendar,,https://sumble.com/orgs/tenonhq,,,
3133394,Dyle,dyle.io,NW3133394,allocated,39.17,custom,0.0,Sales headcount,commercial,Alex Rivera,alex.rivera@northwind.example,commercial,0,0,,0,1,0,3,0,0,0,2026-07-26,google_calendar,,https://sumble.com/orgs/dyleai,,,
1437065,Hound,hound.vet,NW1437065,allocated,39.09,custom,0.0,Sales headcount,commercial,Aisha Bello,aisha.bello@northwind.example,commercial,0,0,,0,0,0,0,0,0,0,,,,https://sumble.com/orgs/houndvet,,,
3719147,Surf AI,surf.ai,NW3719147,allocated,39.05,custom,3.0,Sales headcount,commercial,Diego Castro,diego.castro@northwind.example,commercial,0,0,,0,1,0,1,0,0,0,2026-06-06,google_calendar,,https://sumble.com/orgs/surf-ai,,,
721269,StackGuardian,stackguardian.io,NW0721269,allocated,39.03,custom,4.0,Sales headcount,commercial,Diego Castro,diego.castro@northwind.example,commercial,0,0,,0,0,0,0,0,0,0,,,,https://sumble.com/orgs/stackguardian,,,
487295,DATA SEMANTICS,datasemantics.co,NW0487295,unallocated,39.02,custom,0.0,Sales headcount,commercial,,,,1,0,,0,0,0,0,0,0,0,,,,https://sumble.com/orgs/data-semantics,Priya Nair,assign_unallocated,suggested
3037591,Well,wellapp.ai,NW3037591,allocated,39.0,custom,0.0,Sales headcount,commercial,Elena Petrova,elena.petrova@northwind.example,commercial,0,0,,0,0,0,0,0,0,0,,,,https://sumble.com/orgs/wellappai,,,
1130543,Serv,goserv.com,NW1130543,unallocated,38.97,custom,0.0,Sales headcount,commercial,,,,1,0,,0,0,0,0,0,0,0,,,,https://sumble.com/orgs/servcommerce,Noah Schmidt,assign_unallocated,suggested
2690340,joindime.in,joindime.in,NW2690340,allocated,38.97,custom,0.0,Sales headcount,commercial,Jordan Lee,jordan.lee@northwind.example,commercial,0,0,,0,0,0,0,0,0,0,,,,https://sumble.com/orgs/joindime-in,,,
834787,Shaped,shaped.ai,NW0834787,allocated,38.97,custom,3.0,Sales headcount,commercial,Ravi Menon,ravi.menon@northwind.example,commercial,0,0,,0,1,0,2,0,0,0,2026-07-30,google_calendar,,https://sumble.com/orgs/shapedai,,,
2794666,Unleashed Core Industries,unleashedcore.com,NW2794666,unallocated,38.96,custom,1.0,Sales headcount,commercial,,,,1,0,,0,0,0,0,0,0,0,,,,https://sumble.com/orgs/unleashed-core,Elena Petrova,assign_unallocated,suggested
2039174,Flightcrew,flightcrew.io,NW2039174,allocated,38.95,custom,0.0,Sales headcount,commercial,Aisha Bello,aisha.bello@northwind.example,commercial,0,0,,0,0,0,0,0,0,0,,,,https://sumble.com/orgs/flightcrewio,,,
2427395,Cloud Latitude,cloudlatitude.com,NW2427395,unallocated,38.91,custom,1.0,Sales headcount,commercial,,,,1,0,,0,0,0,0,0,0,0,,,,https://sumble.com/orgs/cloudlatitude,Ravi Menon,assign_unallocated,suggested
1062368,Grey Market Labs,replicacyber.com,NW1062368,allocated,38.82,custom,0.0,Sales headcount,commercial,Sam Patel,sam.patel@northwind.example,commercial,0,0,,0,1,0,1,0,0,0,2026-07-22,google_calendar,,https://sumble.com/orgs/greymarketlabs,,,
1382833,Valohai,valohai.com,NW1382833,allocated,38.78,custom,4.0,Sales headcount,commercial,Maya Cohen,maya.cohen@northwind.example,commercial,0,0,,0,1,0,1,0,0,0,2026-07-13,google_calendar,,https://sumble.com/orgs/valohai,,,
3660375,Gambit Security,gambit.security,NW3660375,unallocated,38.75,custom,3.0,Sales headcount,commercial,,,,1,0,,0,0,0,0,0,0,0,,,,https://sumble.com/orgs/gambitsecurity,Sam Patel,assign_unallocated,suggested
1899646,Purchaser,purchaser.ai,NW1899646,allocated,38.74,custom,0.0,Sales headcount,commercial,Diego Castro,diego.castro@northwind.example,commercial,0,0,,0,1,0,1,0,0,0,2026-07-18,google_calendar,,https://sumble.com/orgs/purchaserinc,,,
978379,PuppyGraph,puppygraph.com,NW0978379,allocated,38.7,custom,1.0,Sales headcount,commercial,Sam Patel,sam.patel@northwind.example,commercial,0,0,,0,1,0,2,0,0,0,2026-07-15,google_calendar,,https://sumble.com/orgs/puppygraph,,,
3269479,"Supermetal, Inc.",supermetal.io,NW3269479,allocated,38.58,custom,0.0,Sales headcount,commercial,Priya Nair,priya.nair@northwind.example,commercial,0,0,,0,0,0,0,0,0,0,,,,https://sumble.com/orgs/supermetal-io,,,
1262255,Blue Canvas,bluecanvas.io,NW1262255,unallocated,38.55,custom,0.0,Sales headcount,commercial,,,,1,0,,0,0,0,0,0,0,0,,,,https://sumble.com/orgs/bluecanvas,Diego Castro,assign_unallocated,suggested
1137316,Spyglass Software,spyglass.software,NW1137316,allocated,38.53,custom,0.0,Sales headcount,commercial,Elena Petrova,elena.petrova@northwind.example,commercial,0,0,,0,0,0,0,0,0,0,,,,https://sumble.com/orgs/spyglasssoftware,,,
1228763,Chroma,trychroma.com,NW1228763,allocated,38.51,custom,1.0,Sales headcount,commercial,Priya Nair,priya.nair@northwind.example,commercial,0,0,,0,1,0,1,0,0,0,2026-07-23,google_calendar,,https://sumble.com/orgs/trychroma,,,
977772,Glean.io,hashboard.com,NW0977772,allocated,38.33,custom,0.0,Sales headcount,commercial,Ravi Menon,ravi.menon@northwind.example,commercial,0,0,,0,0,0,0,0,0,0,,,,https://sumble.com/orgs/hashboardhq,,,
2711714,Carao Ventures,caraov.com,NW2711714,allocated,38.31,custom,0.0,Sales headcount,commercial,Elena Petrova,elena.petrova@northwind.example,commercial,0,0,,0,0,0,0,0,0,0,,,,https://sumble.com/orgs/carao-ventures,,,
3442433,Line Studio,linestudios.onmicrosoft.com,NW3442433,unallocated,38.31,custom,0.0,Sales headcount,commercial,,,,1,0,,0,0,0,0,0,0,0,,,,https://sumble.com/orgs/linestudioarchitects,Maya Cohen,assign_unallocated,suggested
92701,Tesorio,tesorio.com,NW0092701,customer,38.3,custom,3.0,Sales headcount,commercial,Priya Nair,priya.nair@northwind.example,commercial,0,0,,0,0,0,0,0,0,0,,,,https://sumble.com/orgs/tesorio,,,
3308209,Parasol,withparasol.co,NW3308209,unallocated,38.29,custom,1.0,Sales headcount,commercial,,,,1,0,,0,0,0,0,0,0,0,,,,https://sumble.com/orgs/withparasol,Aisha Bello,assign_unallocated,suggested
346274,Concret.io,concret.io,NW0346274,unallocated,38.28,custom,0.0,Sales headcount,commercial,,,,1,0,,0,0,0,0,0,0,0,,,,https://sumble.com/orgs/concretio-services,Jordan Lee,assign_unallocated,suggested
1883555,Syft Data,syftdata.com,NW1883555,allocated,38.09,custom,0.0,Sales headcount,commercial,Aisha Bello,aisha.bello@northwind.example,commercial,0,0,,0,0,0,0,0,0,0,,,,https://sumble.com/orgs/syft-data,,,
902232,Reflex,reflex.dev,NW0902232,unallocated,38.09,custom,1.0,Sales headcount,commercial,,,,1,0,,0,0,0,0,0,0,0,,,,https://sumble.com/orgs/pynecone-io,Priya Nair,assign_unallocated,suggested
691509,Trackinsight,trackinsight.com,NW0691509,allocated,38.06,custom,0.0,Sales headcount,commercial,Aisha Bello,aisha.bello@northwind.example,commercial,0,0,,0,1,0,3,0,0,0,2026-07-24,google_calendar,,https://sumble.com/orgs/trackinsight,,,
2998695,License Logic,licenselogic.co,NW2998695,unallocated,37.96,custom,0.0,Sales headcount,commercial,,,,1,0,,0,0,0,0,0,0,0,,,,https://sumble.com/orgs/license-logic,Noah Schmidt,assign_unallocated,suggested
804544,Refuel,refuel.ai,NW0804544,allocated,37.89,custom,0.0,Sales headcount,commercial,Priya Nair,priya.nair@northwind.example,commercial,0,0,,0,1,0,2,0,0,0,2026-07-30,google_calendar,,https://sumble.com/orgs/refuelai,,,
2710195,Provizual,provizual.com,NW2710195,allocated,37.84,custom,0.0,Sales headcount,commercial,Aisha Bello,aisha.bello@northwind.example,commercial,0,0,,0,1,0,3,0,0,0,2026-07-17,google_calendar,,https://sumble.com/orgs/provizualtech,,,
37832,OnCorps AI,oncorps.ai,NW0037832,allocated,37.82,custom,2.0,Sales headcount,commercial,Jordan Lee,jordan.lee@northwind.example,commercial,0,0,,0,0,0,0,0,0,0,,,,https://sumble.com/orgs/oncorps,,,
2046184,Juicer.io,juicer.io,NW2046184,allocated,37.75,custom,0.0,Sales headcount,commercial,Priya Nair,priya.nair@northwind.example,commercial,0,0,,0,0,0,0,0,0,0,,,,https://sumble.com/orgs/juicer,,,
2729414,Toolkit,jointoolkit.com,NW2729414,allocated,37.73,custom,0.0,Sales headcount,commercial,Sam Patel,sam.patel@northwind.example,commercial,0,0,,0,0,0,0,0,0,0,,,,https://sumble.com/orgs/jointoolkit,,,
798385,xGrowth,xgrowth.com.au,NW0798385,unallocated,37.7,custom,1.0,Sales headcount,commercial,,,,1,0,,0,0,0,0,0,0,0,,,,https://sumble.com/orgs/xgrowth,Elena Petrova,assign_unallocated,suggested
3692302,Outbounda,outbounda.io,NW3692302,unallocated,37.6,custom,0.0,Sales headcount,commercial,,,,1,0,,0,0,0,0,0,0,0,,,,https://sumble.com/orgs/outbounda,Ravi Menon,assign_unallocated,suggested
2482999,Neuralk,neuralk-ai.com,NW2482999,unallocated,37.51,custom,2.0,Sales headcount,commercial,,,,1,0,,0,0,0,0,0,0,0,,,,https://sumble.com/orgs/neuralk-ai,Sam Patel,assign_unallocated,suggested
650397,Urdaten Richit,richit.ai,NW0650397,unallocated,37.5,custom,3.0,Sales headcount,commercial,,,,1,0,,0,0,0,0,0,0,0,,,,https://sumble.com/orgs/nrich-partners,Maya Cohen,assign_unallocated,suggested
1376009,TickerTrends,tickertrends.io,NW1376009,unallocated,37.45,custom,0.0,Sales headcount,commercial,,,,1,0,,0,0,0,0,0,0,0,,,,https://sumble.com/orgs/tickertrends,Aisha Bello,assign_unallocated,suggested
2027272,Arva AI,arva.io,NW2027272,unallocated,37.39,custom,2.0,Sales headcount,commercial,,,,1,0,,0,0,0,0,0,0,0,,,,https://sumble.com/orgs/arva-ai,Diego Castro,assign_unallocated,suggested
856941,Jurnee,jurnee.io,NW0856941,unallocated,37.38,custom,0.0,Sales headcount,commercial,,,,1,0,,0,0,0,0,0,0,0,,,,https://sumble.com/orgs/jurnee-io,Jordan Lee,assign_unallocated,suggested
975642,Namogoo,namogoo.com,NW0975642,unallocated,37.25,custom,2.0,Sales headcount,commercial,,,,1,0,,0,0,0,0,0,0,0,,,,https://sumble.com/orgs/namogoo,Priya Nair,assign_unallocated,suggested
1759090,VERO,app.sayvero.com,NW1759090,unallocated,37.24,custom,2.0,Sales headcount,commercial,,,,1,0,,0,0,0,0,0,0,0,,,,https://sumble.com/orgs/veroleasing,Elena Petrova,assign_unallocated,suggested
3654476,LocalOps Inc,localops.co,NW3654476,unallocated,37.22,custom,0.0,Sales headcount,commercial,,,,1,0,,0,0,0,0,0,0,0,,,,https://sumble.com/orgs/localops,Noah Schmidt,assign_unallocated,suggested
1394796,Accountstory,accountstory.com,NW1394796,unallocated,37.2,custom,1.0,Sales headcount,commercial,,,,1,0,,0,0,0,0,0,0,0,,,,https://sumble.com/orgs/acccountstory,Ravi Menon,assign_unallocated,suggested
2066710,Til,til.co,NW2066710,unallocated,37.17,custom,0.0,Sales headcount,commercial,,,,1,0,,0,0,0,0,0,0,0,,,,https://sumble.com/orgs/til,Sam Patel,assign_unallocated,suggested
142278,Continual,continual.ai,NW0142278,unallocated,37.1,custom,0.0,Sales headcount,commercial,,,,1,0,,0,0,0,0,0,0,0,,,,https://sumble.com/orgs/continual,Maya Cohen,assign_unallocated,suggested
851524,Svix,svix.com,NW0851524,unallocated,37.08,custom,0.0,Sales headcount,commercial,,,,1,0,,0,0,0,0,0,0,0,,,,https://sumble.com/orgs/diahook,Aisha Bello,assign_unallocated,suggested
591145,Thoughtful AI,thoughtful.ai,NW0591145,unallocated,37.04,custom,1.0,Sales headcount,commercial,,,,1,0,,0,0,0,0,0,0,0,,,,https://sumble.com/orgs/thoughtful-ai,Diego Castro,assign_unallocated,suggested
78392,Tecton,tecton.ai,NW0078392,unallocated,37.01,custom,0.0,Sales headcount,commercial,,,,1,0,,0,0,0,0,0,0,0,,,,https://sumble.com/orgs/tecton-4,Jordan Lee,assign_unallocated,suggested
16026,Census - a Fivetran company,getcensus.com,NW0016026,unallocated,36.93,custom,0.0,Sales headcount,commercial,,,,1,0,,0,0,0,0,0,0,0,,,,https://sumble.com/orgs/census,Priya Nair,assign_unallocated,suggested
3175692,ALEX,alex.com,NW3175692,unallocated,36.82,custom,0.0,Sales headcount,commercial,,,,1,0,,0,0,0,0,0,0,0,,,,https://sumble.com/orgs/alexandrie,Elena Petrova,assign_unallocated,suggested
126990,Dataloop AI,dataloop.ai,NW0126990,unallocated,36.71,custom,1.0,Sales headcount,commercial,,,,1,0,,0,0,0,0,0,0,0,,,,https://sumble.com/orgs/dataloop-ai,Noah Schmidt,assign_unallocated,suggested
321246,Dragonboat,dragonboat.io,NW0321246,unallocated,36.69,custom,2.0,Sales headcount,commercial,,,,1,0,,0,0,0,0,0,0,0,,,,https://sumble.com/orgs/dragonboat,Ravi Menon,assign_unallocated,suggested
100968,Ethyca,ethyca.com,NW0100968,unallocated,36.6,custom,2.0,Sales headcount,commercial,,,,1,0,,0,0,0,0,0,0,0,,,,https://sumble.com/orgs/ethyca,Sam Patel,assign_unallocated,suggested
657605,HCL AppScan,hcl-software.com,NW0657605,unallocated,36.53,custom,1.0,Sales headcount,commercial,,,,1,0,,0,0,0,0,0,0,0,,,,https://sumble.com/orgs/hcl-appscan,Maya Cohen,assign_unallocated,suggested
1375399,RecruitBot,recruitbot.com,NW1375399,unallocated,36.46,custom,1.0,Sales headcount,commercial,,,,1,0,,0,0,0,0,0,0,0,,,,https://sumble.com/orgs/therecruitbot,Diego Castro,assign_unallocated,suggested
394623,Cloudesign,cloudesign.com,NW0394623,unallocated,36.41,custom,1.0,Sales headcount,commercial,,,,1,0,,0,0,0,0,0,0,0,,,,https://sumble.com/orgs/cloudesign-technology-solutions,Aisha Bello,assign_unallocated,suggested
1136828,Spice Design Brasil,spice.com.br,NW1136828,unallocated,36.39,custom,0.0,Sales headcount,commercial,,,,1,0,,0,0,0,0,0,0,0,,,,https://sumble.com/orgs/spice-design-brasil,Jordan Lee,assign_unallocated,suggested
1017527,BizAmps.com B2B Marketing Agency,bizamps.com,NW1017527,unallocated,36.38,custom,0.0,Sales headcount,commercial,,,,1,0,,0,0,0,0,0,0,0,,,,https://sumble.com/orgs/biz-amps,Priya Nair,assign_unallocated,suggested
1772817,Graphite,graphite.com,NW1772817,unallocated,36.35,custom,0.0,Sales headcount,commercial,,,,1,0,,0,0,0,0,0,0,0,,,,https://sumble.com/orgs/withgraphite,Elena Petrova,assign_unallocated,suggested
3640221,#TSCollective,activefence.com,NW3640221,unallocated,36.32,custom,0.0,Sales headcount,commercial,,,,1,0,,0,0,0,0,0,0,0,,,,https://sumble.com/orgs/tscollective,Noah Schmidt,assign_unallocated,suggested
1771959,Seam AI,getseam.ai,NW1771959,unallocated,36.29,custom,3.0,Sales headcount,commercial,,,,1,0,,0,0,0,0,0,0,0,,,,https://sumble.com/orgs/seamai,Ravi Menon,assign_unallocated,suggested
1661760,Abel,tryabel.com,NW1661760,unallocated,36.28,custom,0.0,Sales headcount,commercial,,,,1,0,,0,0,0,0,0,0,0,,,,https://sumble.com/orgs/tryabel,Sam Patel,assign_unallocated,suggested
660277,Disco AI,disco.co,NW0660277,unallocated,36.24,custom,0.0,Sales headcount,commercial,,,,1,0,,0,0,0,0,0,0,0,,,,https://sumble.com/orgs/mastermindco,Aisha Bello,assign_unallocated,suggested
1596666,Fabric,fabrichq.ai,NW1596666,unallocated,36.17,custom,1.0,Sales headcount,commercial,,,,1,0,,0,0,0,0,0,0,0,,,,https://sumble.com/orgs/fabrichq,Diego Castro,assign_unallocated,suggested
743762,Climate Club,clarasight.com,NW0743762,unallocated,36.17,custom,1.0,Sales headcount,commercial,,,,1,0,,0,0,0,0,0,0,0,,,,https://sumble.com/orgs/climate-club,Maya Cohen,assign_unallocated,suggested
1809865,Casap,casaphq.com,NW1809865,unallocated,36.06,custom,2.0,Sales headcount,commercial,,,,1,0,,0,0,0,0,0,0,0,,,,https://sumble.com/orgs/casaphq,Jordan Lee,assign_unallocated,suggested
1403527,Band,joinband.com,NW1403527,unallocated,36.05,custom,1.0,Sales headcount,commercial,,,,1,0,,0,0,0,0,0,0,0,,,,https://sumble.com/orgs/bandplatform,Priya Nair,assign_unallocated,suggested
1124492,Robonote,robonote.io,NW1124492,unallocated,35.99,custom,3.0,Sales headcount,commercial,,,,1,0,,0,0,0,0,0,0,0,,,,https://sumble.com/orgs/robonote,Noah Schmidt,assign_unallocated,suggested
3069389,Pavo AI,getpavo.ai,NW3069389,unallocated,35.98,custom,0.0,Sales headcount,commercial,,,,1,0,,0,0,0,0,0,0,0,,,,https://sumble.com/orgs/pavoai,Elena Petrova,assign_unallocated,suggested
3035044,Shift Security,shift.security,NW3035044,unallocated,35.94,custom,0.0,Sales headcount,commercial,,,,1,0,,0,0,0,0,0,0,0,,,,https://sumble.com/orgs/shift-security,Ravi Menon,assign_unallocated,suggested
2868320,Vocations,vocations.io,NW2868320,unallocated,35.88,custom,0.0,Sales headcount,commercial,,,,1,0,,0,0,0,0,0,0,0,,,,https://sumble.com/orgs/vocations-io,Sam Patel,assign_unallocated,suggested
2381239,Hypermode,hypermode.com,NW2381239,unallocated,35.87,custom,0.0,Sales headcount,commercial,,,,1,0,,0,0,0,0,0,0,0,,,,https://sumble.com/orgs/hyper-mode-com,Diego Castro,assign_unallocated,suggested
333253,Echelon Risk + Cyber,echeloncyber.com,NW0333253,unallocated,35.86,custom,0.0,Sales headcount,commercial,,,,1,0,,0,0,0,0,0,0,0,,,,https://sumble.com/orgs/echelon-risk-cyber,Maya Cohen,assign_unallocated,suggested
1452041,Mazlo,mazlo.com,NW1452041,unallocated,35.82,custom,0.0,Sales headcount,commercial,,,,1,0,,0,0,0,0,0,0,0,,,,https://sumble.com/orgs/mazlo-official,Aisha Bello,assign_unallocated,suggested
718415,UXTeam,ux.team,NW0718415,unallocated,35.79,custom,0.0,Sales headcount,commercial,,,,1,0,,0,0,0,0,0,0,0,,,,https://sumble.com/orgs/youruxteam,Jordan Lee,assign_unallocated,suggested
2058858,Qleet,qleet.io,NW2058858,unallocated,35.77,custom,0.0,Sales headcount,commercial,,,,1,0,,0,0,0,0,0,0,0,,,,https://sumble.com/orgs/qleet,Priya Nair,assign_unallocated,suggested
772641,dijuno,dijuno.ai,NW0772641,unallocated,35.67,custom,0.0,Sales headcount,commercial,,,,1,0,,0,0,0,0,0,0,0,,,,https://sumble.com/orgs/interrodata,Noah Schmidt,assign_unallocated,suggested
2658786,Kaavio,kaavio.ai,NW2658786,unallocated,35.63,custom,0.0,Sales headcount,commercial,,,,1,0,,0,0,0,0,0,0,0,,,,https://sumble.com/orgs/kaavio-ai,Elena Petrova,assign_unallocated,suggested
3084853,ops0 Inc.,ops0.com,NW3084853,unallocated,35.63,custom,0.0,Sales headcount,commercial,,,,1,0,,0,0,0,0,0,0,0,,,,https://sumble.com/orgs/ops0,Ravi Menon,assign_unallocated,suggested
978112,DeltaStream,deltastream.io,NW0978112,unallocated,35.51,custom,0.0,Sales headcount,commercial,,,,1,0,,0,0,0,0,0,0,0,,,,https://sumble.com/orgs/deltastream,Sam Patel,assign_unallocated,suggested
67274,Zivver,zivver.com,NW0067274,unallocated,35.38,custom,0.0,Sales headcount,commercial,,,,1,0,,0,0,0,0,0,0,0,,,,https://sumble.com/orgs/zivver,Aisha Bello,assign_unallocated,suggested
2601410,Synquery,synquery.ai,NW2601410,unallocated,35.34,custom,0.0,Sales headcount,commercial,,,,1,0,,0,0,0,0,0,0,0,,,,https://sumble.com/orgs/synquery,Diego Castro,assign_unallocated,suggested
109948,Metiora,metiora.com,NW0109948,unallocated,35.28,custom,0.0,Sales headcount,commercial,,,,1,0,,0,0,0,0,0,0,0,,,,https://sumble.com/orgs/metiora,Maya Cohen,assign_unallocated,suggested
3296044,EVE,joineve.ai,NW3296044,unallocated,35.15,custom,0.0,Sales headcount,commercial,,,,1,0,,0,0,0,0,0,0,0,,,,https://sumble.com/orgs/joineveai,Jordan Lee,assign_unallocated,suggested
2832576,Principle,openbabylon.com,NW2832576,unallocated,34.93,custom,0.0,Sales headcount,commercial,,,,1,0,,0,0,0,0,0,0,0,,,,https://sumble.com/orgs/openbabylon,Priya Nair,assign_unallocated,suggested
2318200,Realm,realmgroup.io,NW2318200,unallocated,34.83,custom,0.0,Sales headcount,commercial,,,,1,0,,0,0,0,0,0,0,0,,,,https://sumble.com/orgs/realmgroup,Elena Petrova,assign_unallocated,suggested
3695858,boring,boringplugins.com,NW3695858,unallocated,34.79,custom,0.0,Sales headcount,commercial,,,,1,0,,0,0,0,0,0,0,0,,,,https://sumble.com/orgs/plugins-for-outreach,Noah Schmidt,assign_unallocated,suggested
481787,eazy,eazy.com.sg,NW0481787,unallocated,34.7,custom,0.0,Sales headcount,commercial,,,,1,0,,0,0,0,0,0,0,0,,,,https://sumble.com/orgs/eazy-pte-ltd,Ravi Menon,assign_unallocated,suggested
372464,"Demyst, now part of Feedzai",demyst.com,NW0372464,unallocated,34.67,custom,0.0,Sales headcount,commercial,,,,1,0,,0,0,0,0,0,0,0,,,,https://sumble.com/orgs/demyst,Sam Patel,assign_unallocated,suggested
1407644,BREVIAN,brevian.ai,NW1407644,unallocated,34.66,custom,0.0,Sales headcount,commercial,,,,1,0,,0,0,0,0,0,0,0,,,,https://sumble.com/orgs/brevian-ai,Maya Cohen,assign_unallocated,suggested
3156923,Driven,driven.work,NW3156923,unallocated,34.42,custom,0.0,Sales headcount,commercial,,,,1,0,,0,0,0,0,0,0,0,,,,https://sumble.com/orgs/staydriven,Diego Castro,assign_unallocated,suggested
1421235,Drivly,driv.ly,NW1421235,unallocated,34.41,custom,0.0,Sales headcount,commercial,,,,1,0,,0,0,0,0,0,0,0,,,,https://sumble.com/orgs/drivly,Aisha Bello,assign_unallocated,suggested
1428657,Folio,folio.co,NW1428657,unallocated,34.17,custom,1.0,Sales headcount,commercial,,,,1,0,,0,0,0,0,0,0,0,,,,https://sumble.com/orgs/folioco,Jordan Lee,assign_unallocated,suggested
966815,INI8 Labs,ini8labs.tech,NW0966815,unallocated,34.09,custom,0.0,Sales headcount,commercial,,,,1,0,,0,0,0,0,0,0,0,,,,https://sumble.com/orgs/ini8-labs,Priya Nair,assign_unallocated,suggested
3646868,"Alongside AI, LLC",alongside-ai.com,NW3646868,unallocated,34.08,custom,0.0,Sales headcount,commercial,,,,1,0,,0,0,0,0,0,0,0,,,,https://sumble.com/orgs/alongside-ai,Noah Schmidt,assign_unallocated,suggested
1431370,Quivr (YC W24),quivr.app,NW1431370,unallocated,33.96,custom,0.0,Sales headcount,commercial,,,,1,0,,0,0,0,0,0,0,0,,,,https://sumble.com/orgs/getquivr,Elena Petrova,assign_unallocated,suggested
1663177,Unitus,unitus.ai,NW1663177,unallocated,33.96,custom,0.0,Sales headcount,commercial,,,,1,0,,0,0,0,0,0,0,0,,,,https://sumble.com/orgs/unitus-ai,Ravi Menon,assign_unallocated,suggested
2861261,HoundBytes,houndbytes.io,NW2861261,unallocated,33.94,custom,0.0,Sales headcount,commercial,,,,1,0,,0,0,0,0,0,0,0,,,,https://sumble.com/orgs/houndbytes,Sam Patel,assign_unallocated,suggested
1489158,turbopuffer,turbopuffer.com,NW1489158,unallocated,33.85,custom,1.0,Sales headcount,commercial,,,,1,0,,0,0,0,0,0,0,0,,,,https://sumble.com/orgs/turbopuffer,Diego Castro,assign_unallocated,suggested
3264159,Datagen.dev,datagen.dev,NW3264159,unallocated,33.84,custom,0.0,Sales headcount,commercial,,,,1,0,,0,0,0,0,0,0,0,,,,https://sumble.com/orgs/datagen-dev,Aisha Bello,assign_unallocated,suggested
1030291,Codiot Technologies LLP,codiot.com,NW1030291,unallocated,33.81,custom,0.0,Sales headcount,commercial,,,,1,0,,0,0,0,0,0,0,0,,,,https://sumble.com/orgs/codiot,Maya Cohen,assign_unallocated,suggested
1807318,Beeceptor,beeceptor.com,NW1807318,unallocated,33.78,custom,0.0,Sales headcount,commercial,,,,1,0,,0,0,0,0,0,0,0,,,,https://sumble.com/orgs/beeceptor,Jordan Lee,assign_unallocated,suggested
2826460,Sunlight (YC S22),sunlightapi.com,NW2826460,unallocated,33.76,custom,0.0,Sales headcount,commercial,,,,1,0,,0,0,0,0,0,0,0,,,,https://sumble.com/orgs/sunlightapi,Priya Nair,assign_unallocated,suggested
3100758,AdChat,adchat.ai,NW3100758,unallocated,33.71,custom,0.0,Sales headcount,commercial,,,,1,0,,0,0,0,0,0,0,0,,,,https://sumble.com/orgs/adchat,Elena Petrova,assign_unallocated,suggested
871665,Aircover.ai,aircover.ai,NW0871665,unallocated,33.69,custom,0.0,Sales headcount,commercial,,,,1,0,,0,0,0,0,0,0,0,,,,https://sumble.com/orgs/aircover-ai,Noah Schmidt,assign_unallocated,suggested
2391097,Momentum Consulting Group,momentum.co.nz,NW2391097,unallocated,33.65,custom,0.0,Sales headcount,commercial,,,,1,0,,0,0,0,0,0,0,0,,,,https://sumble.com/orgs/momentum-co-nz,Ravi Menon,assign_unallocated,suggested
2701855,Rayda,rayda.co,NW2701855,unallocated,33.64,custom,1.0,Sales headcount,commercial,,,,1,0,,0,0,0,0,0,0,0,,,,https://sumble.com/orgs/raydahq,Sam Patel,assign_unallocated,suggested
3640675,Humm,heyhumm.ai,NW3640675,unallocated,33.59,custom,0.0,Sales headcount,commercial,,,,1,0,,0,0,0,0,0,0,0,,,,https://sumble.com/orgs/heyhumm,Aisha Bello,assign_unallocated,suggested
2993674,No Fluff Selling,nofluffselling.com,NW2993674,unallocated,33.55,custom,0.0,Sales headcount,commercial,,,,1,0,,0,0,0,0,0,0,0,,,,https://sumble.com/orgs/nofluffselling,Diego Castro,assign_unallocated,suggested
3314849,Ethos,askethos.com,NW3314849,unallocated,33.38,custom,0.0,Sales headcount,commercial,,,,1,0,,0,0,0,0,0,0,0,,,,https://sumble.com/orgs/askethos,Maya Cohen,assign_unallocated,suggested
788805,Stealth Startup,joinperry.com,NW0788805,unallocated,33.05,custom,0.0,Sales headcount,commercial,,,,1,0,,0,0,0,0,0,0,0,,,,https://sumble.com/orgs/perry,Jordan Lee,assign_unallocated,suggested
873866,Simplismart,simplismart.ai,NW0873866,unallocated,32.92,custom,0.0,Sales headcount,commercial,,,,1,0,,0,0,0,0,0,0,0,,,,https://sumble.com/orgs/simplismart,Priya Nair,assign_unallocated,suggested
1390664,Xprt,xprt.io,NW1390664,unallocated,32.79,custom,0.0,Sales headcount,commercial,,,,1,0,,0,0,0,0,0,0,0,,,,https://sumble.com/orgs/xprt-software,Elena Petrova,assign_unallocated,suggested
667673,primeclass.io,unstuckengine.com,NW0667673,unallocated,32.74,custom,0.0,Sales headcount,commercial,,,,1,0,,0,0,0,0,0,0,0,,,,https://sumble.com/orgs/primeclass-university,Noah Schmidt,assign_unallocated,suggested
2827415,Wattson Health,wattsonhealth.com,NW2827415,unallocated,32.72,custom,0.0,Sales headcount,commercial,,,,1,0,,0,0,0,0,0,0,0,,,,https://sumble.com/orgs/wattson-health,Ravi Menon,assign_unallocated,suggested
3094996,AutoSpark AI,autospark.ai,NW3094996,unallocated,32.72,custom,0.0,Sales headcount,commercial,,,,1,0,,0,0,0,0,0,0,0,,,,https://sumble.com/orgs/autospark-ai-automation,Sam Patel,assign_unallocated,suggested
1646390,Samaya AI,samaya.ai,NW1646390,unallocated,32.65,custom,0.0,Sales headcount,commercial,,,,1,0,,0,0,0,0,0,0,0,,,,https://sumble.com/orgs/samaya-ai,Maya Cohen,assign_unallocated,suggested
294533,Acquird.io,acquird.io,NW0294533,unallocated,32.57,custom,0.0,Sales headcount,commercial,,,,1,0,,0,0,0,0,0,0,0,,,,https://sumble.com/orgs/acquird-io,Diego Castro,assign_unallocated,suggested
2851657,ControlTheory,controltheory.com,NW2851657,unallocated,32.56,custom,0.0,Sales headcount,commercial,,,,1,0,,0,0,0,0,0,0,0,,,,https://sumble.com/orgs/controltheory,Aisha Bello,assign_unallocated,suggested
2828589,LeadGrow.ai,leadgrow.ai,NW2828589,unallocated,32.4,custom,0.0,Sales headcount,commercial,,,,1,0,,0,0,0,0,0,0,0,,,,https://sumble.com/orgs/leadgrow-ai,Jordan Lee,assign_unallocated,suggested
1623629,marimo,marimo.io,NW1623629,unallocated,32.29,custom,0.0,Sales headcount,commercial,,,,1,0,,0,0,0,0,0,0,0,,,,https://sumble.com/orgs/marimo-io,Priya Nair,assign_unallocated,suggested
2380994,Hotglue,hotglue.com,NW2380994,unallocated,32.27,custom,0.0,Sales headcount,commercial,,,,1,0,,0,0,0,0,0,0,0,,,,https://sumble.com/orgs/hot-glue-com,Elena Petrova,assign_unallocated,suggested
2548456,Chicory,chicory.ai,NW2548456,unallocated,32.22,custom,0.0,Sales headcount,commercial,,,,1,0,,0,0,0,0,0,0,0,,,,https://sumble.com/orgs/chicoryai,Noah Schmidt,assign_unallocated,suggested
841711,JustPaid,justpaid.ai,NW0841711,unallocated,32.19,custom,0.0,Sales headcount,commercial,,,,1,0,,0,0,0,0,0,0,0,,,,https://sumble.com/orgs/loopfour,Ravi Menon,assign_unallocated,suggested
106790,Golioth,golioth.io,NW0106790,unallocated,32.17,custom,0.0,Sales headcount,commercial,,,,1,0,,0,0,0,0,0,0,0,,,,https://sumble.com/orgs/golioth,Sam Patel,assign_unallocated,suggested
3284443,Delta Charge,deltacharge.com,NW3284443,unallocated,32.05,custom,0.0,Sales headcount,commercial,,,,1,0,,0,0,0,0,0,0,0,,,,https://sumble.com/orgs/deltacharge,Diego Castro,assign_unallocated,suggested
3350979,AgentMail (YC S25),agentmail.to,NW3350979,unallocated,32.01,custom,0.0,Sales headcount,commercial,,,,1,0,,0,0,0,0,0,0,0,,,,https://sumble.com/orgs/agentmailto,Aisha Bello,assign_unallocated,suggested
2733950,Mod Girl Marketing,luminetics.io,NW2733950,unallocated,32.0,custom,0.0,Sales headcount,commercial,,,,1,0,,0,0,0,0,0,0,0,,,,https://sumble.com/orgs/mod-girl-marketing,Maya Cohen,assign_unallocated,suggested
1586530,Crafting,crafting.dev,NW1586530,unallocated,31.92,custom,0.0,Sales headcount,commercial,,,,1,0,,0,0,0,0,0,0,0,,,,https://sumble.com/orgs/crafting-dev,Jordan Lee,assign_unallocated,suggested
3001030,A79.ai,a79.ai,NW3001030,unallocated,31.87,custom,0.0,Sales headcount,commercial,,,,1,0,,0,0,0,0,0,0,0,,,,https://sumble.com/orgs/a79-ai,Priya Nair,assign_unallocated,suggested
1924772,Viana Talent,vianatalent.io,NW1924772,unallocated,31.86,custom,0.0,Sales headcount,commercial,,,,1,0,,0,0,0,0,0,0,0,,,,https://sumble.com/orgs/venari-talentsearch,Noah Schmidt,assign_unallocated,suggested
378273,Graphext,graphext.com,NW0378273,unallocated,31.83,custom,0.0,Sales headcount,commercial,,,,1,0,,0,0,0,0,0,0,0,,,,https://sumble.com/orgs/graphext-labs,Elena Petrova,assign_unallocated,suggested
1344631,Perk,perk.com,NW1344631,unallocated,31.74,custom,0.0,Sales headcount,commercial,,,,1,0,,0,0,0,0,0,0,0,,,,https://sumble.com/orgs/perk,Ravi Menon,assign_unallocated,suggested
3677416,Ito,ito.ai,NW3677416,unallocated,31.74,custom,0.0,Sales headcount,commercial,,,,1,0,,0,0,0,0,0,0,0,,,,https://sumble.com/orgs/ito-qa,Sam Patel,assign_unallocated,suggested
1488953,Wilco,trywilco.com,NW1488953,unallocated,31.62,custom,0.0,Sales headcount,commercial,,,,1,0,,0,0,0,0,0,0,0,,,,https://sumble.com/orgs/trywilco,Aisha Bello,assign_unallocated,suggested
412643,Sofvio,sofvio.com,NW0412643,unallocated,31.57,custom,0.0,Sales headcount,commercial,,,,1,0,,0,0,0,0,0,0,0,,,,https://sumble.com/orgs/sofvio,Diego Castro,assign_unallocated,suggested
1434339,Gutsy,gutsy.com,NW1434339,unallocated,31.19,custom,0.0,Sales headcount,commercial,,,,1,0,,0,0,0,0,0,0,0,,,,https://sumble.com/orgs/gutsysec,Maya Cohen,assign_unallocated,suggested
2652494,Incyte Bio (YC W24),argon-ai.com,NW2652494,unallocated,31.1,custom,0.0,Sales headcount,commercial,,,,1,0,,0,0,0,0,0,0,0,,,,https://sumble.com/orgs/argon-ai,Jordan Lee,assign_unallocated,suggested
781902,Screeb,screeb.app,NW0781902,unallocated,30.94,custom,0.0,Sales headcount,commercial,,,,1,0,,0,0,0,0,0,0,0,,,,https://sumble.com/orgs/screebapp,Priya Nair,assign_unallocated,suggested
3179273,Resonance,useresonance.com,NW3179273,unallocated,30.87,custom,0.0,Sales headcount,commercial,,,,1,0,,0,0,0,0,0,0,0,,,,https://sumble.com/orgs/resonancetechnologies,Elena Petrova,assign_unallocated,suggested
2413734,Fran Castillo,datadrivenfutures.com,NW2413734,unallocated,30.66,custom,0.0,Sales headcount,commercial,,,,1,0,,0,0,0,0,0,0,0,,,,https://sumble.com/orgs/data-driven-futures,Noah Schmidt,assign_unallocated,suggested
3422478,Reflow,reflow.ai,NW3422478,unallocated,30.64,custom,0.0,Sales headcount,commercial,,,,1,0,,0,0,0,0,0,0,0,,,,https://sumble.com/orgs/reflowai,Ravi Menon,assign_unallocated,suggested
2329076,Springtail,springtail.io,NW2329076,unallocated,30.63,custom,0.0,Sales headcount,commercial,,,,1,0,,0,0,0,0,0,0,0,,,,https://sumble.com/orgs/springtail-hq,Sam Patel,assign_unallocated,suggested
3395662,Bluewind,bluewind.ai,NW3395662,unallocated,30.56,custom,0.0,Sales headcount,commercial,,,,1,0,,0,0,0,0,0,0,0,,,,https://sumble.com/orgs/go-bluewind,Maya Cohen,assign_unallocated,suggested
114724,"Clinc, Inc.",clinc.com,NW0114724,unallocated,30.43,custom,0.0,Sales headcount,commercial,,,,1,0,,0,0,0,0,0,0,0,,,,https://sumble.com/orgs/clinc,Diego Castro,assign_unallocated,suggested
1022188,Bytewax,bytewax.io,NW1022188,unallocated,30.09,custom,0.0,Sales headcount,commercial,,,,1,0,,0,0,0,0,0,0,0,,,,https://sumble.com/orgs/bytewax,Aisha Bello,assign_unallocated,suggested
2985842,Krevera,krevera.com,NW2985842,unallocated,30.08,custom,0.0,Sales headcount,commercial,,,,1,0,,0,0,0,0,0,0,0,,,,https://sumble.com/orgs/krevera,Jordan Lee,assign_unallocated,suggested
1485506,Tensorlake,tensorlake.ai,NW1485506,unallocated,29.99,custom,0.0,Sales headcount,commercial,,,,1,0,,0,0,0,0,0,0,0,,,,https://sumble.com/orgs/tensorlake,Priya Nair,assign_unallocated,suggested
3751624,PilotConnect,pilotconnect.tech,NW3751624,unallocated,29.95,custom,0.0,Sales headcount,commercial,,,,1,0,,0,0,0,0,0,0,0,,,,https://sumble.com/orgs/pilotconnect,Noah Schmidt,assign_unallocated,suggested
2883186,Merchkit,merchkit.com,NW2883186,unallocated,29.94,custom,0.0,Sales headcount,commercial,,,,1,0,,0,0,0,0,0,0,0,,,,https://sumble.com/orgs/merchkithq,Elena Petrova,assign_unallocated,suggested
2823337,LeadOn,leadonsales.com,NW2823337,unallocated,29.44,custom,0.0,Sales headcount,commercial,,,,1,0,,0,0,0,0,0,0,0,,,,https://sumble.com/orgs/leadonsales,Ravi Menon,assign_unallocated,suggested
2519104,Paper Pushers IT Inc,paperpushers-it.com,NW2519104,unallocated,29.21,custom,0.0,Sales headcount,commercial,,,,1,0,,0,0,0,0,0,0,0,,,,https://sumble.com/orgs/paper-pushers-it,Sam Patel,assign_unallocated,suggested
802461,Cromatic,cromatic.bio,NW0802461,unallocated,29.03,custom,0.0,Sales headcount,commercial,,,,1,0,,0,0,0,0,0,0,0,,,,https://sumble.com/orgs/cro-matic,Aisha Bello,assign_unallocated,suggested
3005175,Cotool,cotool.ai,NW3005175,unallocated,28.94,custom,0.0,Sales headcount,commercial,,,,1,0,,0,0,0,0,0,0,0,,,,https://sumble.com/orgs/cotool-ai,Maya Cohen,assign_unallocated,suggested
1110609,Partner Element,partnerelement.com,NW1110609,unallocated,28.87,custom,0.0,Sales headcount,commercial,,,,1,0,,0,0,0,0,0,0,0,,,,https://sumble.com/orgs/partner-element,Diego Castro,assign_unallocated,suggested
3662514,Kloud Partners,kloudpartners.com,NW3662514,unallocated,28.86,custom,0.0,Sales headcount,commercial,,,,1,0,,0,0,0,0,0,0,0,,,,https://sumble.com/orgs/kloud-partners,Jordan Lee,assign_unallocated,suggested
1521589,Mandolin,mandolin.com,NW1521589,unallocated,28.52,custom,0.0,Sales headcount,commercial,,,,1,0,,0,0,0,0,0,0,0,,,,https://sumble.com/orgs/mandolin,Priya Nair,assign_unallocated,suggested
2732851,Veridian,veridianlab.com,NW2732851,unallocated,28.24,custom,0.0,Sales headcount,commercial,,,,1,0,,0,0,0,0,0,0,0,,,,https://sumble.com/orgs/veridianlab,Noah Schmidt,assign_unallocated,suggested
2850733,Attimet,protegee.ai,NW2850733,unallocated,27.6,custom,0.0,Sales headcount,commercial,,,,1,0,,0,0,0,0,0,0,0,,,,https://sumble.com/orgs/protegee-ai,Elena Petrova,assign_unallocated,suggested
1030989,Comet Rocks,comet.rocks,NW1030989,unallocated,27.37,custom,0.0,Sales headcount,commercial,,,,1,0,,0,0,0,0,0,0,0,,,,https://sumble.com/orgs/cometrocks,Ravi Menon,assign_unallocated,suggested
2861389,Index Network,index.network,NW2861389,unallocated,27.19,custom,0.0,Sales headcount,commercial,,,,1,0,,0,0,0,0,0,0,0,,,,https://sumble.com/orgs/indexnetwork,Sam Patel,assign_unallocated,suggested
2708371,Brenan Weston,brenanweston.com,NW2708371,unallocated,26.93,custom,0.0,Sales headcount,commercial,,,,1,0,,0,0,0,0,0,0,0,,,,https://sumble.com/orgs/brenan-weston,Maya Cohen,assign_unallocated,suggested
3242901,Readyy,readyy.ai,NW3242901,unallocated,26.77,custom,0.0,Sales headcount,commercial,,,,1,0,,0,0,0,0,0,0,0,,,,https://sumble.com/orgs/getreadyy,Aisha Bello,assign_unallocated,suggested
1320935,League of Scholars,leagueofscholars.com,NW1320935,unallocated,26.62,custom,0.0,Sales headcount,commercial,,,,1,0,,0,0,0,0,0,0,0,,,,https://sumble.com/orgs/league-of-scholars,Diego Castro,assign_unallocated,suggested
2951904,Autotouch,autotouch.ai,NW2951904,unallocated,26.34,custom,0.0,Sales headcount,commercial,,,,1,0,,0,0,0,0,0,0,0,,,,https://sumble.com/orgs/autotouch-ai,Jordan Lee,assign_unallocated,suggested
1506150,Brainchain AI,brainchain.ai,NW1506150,unallocated,26.17,custom,0.0,Sales headcount,commercial,,,,1,0,,0,0,0,0,0,0,0,,,,https://sumble.com/orgs/brainchain-ai,Elena Petrova,assign_unallocated,suggested
1445668,Klotho,klo.dev,NW1445668,unallocated,25.55,custom,0.0,Sales headcount,commercial,,,,1,0,,0,0,0,0,0,0,0,,,,https://sumble.com/orgs/klothoplatform,Priya Nair,assign_unallocated,suggested
